hdf5_index,id,text,label
0,7zo6tn,illinois boys generosity leads to power being restored at puerto rican school,1
1,ctquy3,a french notary manuscript from and in latin found in the archives at my office,1
2,93pwbp,scottish serial killer dennis nilsen disposes of his victims,0
3,4aung2,two strangers hug a woman after asking for directions but watch what the lady in purple does,0
4,bnih88,theres a random cabbage and cauliflower out on the ledge at this hotel,1
5,7e93f6,there were dogs up for adoption at the shelter early sunday morning for clear the shelters part of maxs mission to give shelter dogs a forever home fiftyone dogs were adopted sunday,1
6,81efo0,year old virgin sues his former school for teaching him abstinence,0
7,9c5t75,this car has stitches where it was damaged,1
8,arcjlh,this piece of ham looks like a skull,1
9,cqw98jt,where is the tallest one,0
10,8z34p1,antoine griezmann holding the match ball after winning the world cup for france circa very,0
11,7hp27z,a bird northern cardinal in new york united states of america,1
12,66wawu,two renditions of a revolution by the same artist with years apart by boris kustodiev russian empire soviet russia,0
13,cl3ctfn,fuck outta the way cat,0
14,bnz3tv,a square strawberry,1
15,7wuu4w,waiting to shoot the next person to walk through this door,0
16,2v3cu2,the leeds library leeds yorkshire england ocx,1
17,8kd8d2,poltergeist like a tumbling rock,0
18,vkz7u,here is a picture of skrillex a friend posted on facebook what is he reading template in comments,1
19,b32m20,mild ginger,0
20,d331itd,far cry gilligans island edition,0
21,c0rtbk,my ring looks like the batman emblem,1
22,derbqx2,snekscream cone,0
23,8fiow4,blues music blue album,0
24,dh5yxq,this disco ball from before disco was a thing,1
25,44cx9l,after seeing photos of their young daughter envisioning her future career parents call off daughters engagement and commit to her education visionnotvictim project for syrian refugees,1
26,c1dgd9,we recently removed a panel ceiling in my new house that had a staggered pattern this is how many different lengths of panels they used in a room that was actually pretty small,1
27,ca06g23,hes a down to earth kind of guy,0
28,6y5ff2,a screaming kitten,1
29,b9379u,these measuring spoons with extra measurements,1
30,65euis,wyd after smoking this,0
31,7fosgp,speculo reflections,0
32,cf3ezoe,first learn stand then fly,0
33,83zz86,this spooky fella,0
34,3ut832,request tsu tsuuse this tsu tsuuse this tsu tsuuse this tsu tsu,0
35,c8r4a89,touchdown,0
36,cgj0py7,cutouts,0
37,dbyg6c,joe biden tells stunned rallygoers a story about eating a baby,0
38,cv6ih98,it had to be done,0
39,dxmfdon,one million years bc,0
40,94e3e3,moviepass files for bankruptcy,0
41,ci7k4z2,cutouts,0
42,ch25bt,bathrooms in saudi arabia,0
43,73udsd,theres one good reason to update to macos high sierra,0
44,crzwka,the way the you are here sticker is worn out from everyone putting their finger on it,1
45,5qvt06,colorado legalizes medicinal fireworks,0
46,civqif,this plant looks like its growing out of me dresser,1
47,cv78uit,the infamous robins breast,0
48,da1qcf6,khajiit has wares if you have the coin,0
49,chvoxf,antique stores are good places to find treasures,1
50,3j8pee,upper cathedral lake yosemite,1
51,5kegd5,jim carrey meets stephen hawking,1
52,d2p0ie,the beef disputes explained by a lad in work who was half listening to the radio,0
53,db73qrt,what year is it,0
54,z1ubv,mr de vito photographing his foot,1
55,dkq6fh,this old subway club ticket,1
56,5itkhh,rip harlem deer beloved resident dies of stress after bureaucratic tussle,1
57,7gfygt,this horrified stormtrooper miniature,1
58,9fxi5a,cats orange spot on black coat split down the middle of its face,1
59,8uu19u,this corroded tennis racket has a laughing baby face on it left,0
60,8qld61,marmoset and green iguana,1
61,39pr23,neutrino detector,1
62,ckb0ohl,this right here,0
63,8qw8gr,microways transphat,0
64,chngfx0,dirty grandpa sfw,0
65,y75tg,volleyball player in midair,1
66,87u8rf,a gentleman offering his arm to a lady,0
67,17c6jw,president obama throwing a punch,1
68,cl3th1,pic from my iphone and then my real camera,1
69,1igzqo,weird guy on a bike,1
70,c9y08ju,they left one out,0
71,bfjna6,at giannis in the former versace mansion south beach miami they put the golden versace pattern atop the red chocolate ganache that covers the tricolor mousse dessert,1
72,2k1uqq,florida man accused of beating girlfriend is too fat to fit in patrol car,1
73,28mwbe,a man fly boarding,1
74,dc9ozl,the sunlight reflecting from this camrys taillights onto the parking garage wall,1
75,clghuq,the sun on this train platform makes it look like the yellow line is a light,1
76,2t0d9d,vancouver couple struggles to make ends meet on only a month,1
77,8addam,so goats were stuck on a beam under a bridge,1
78,8m9zhr,yearold woman graduates college and is now being investigated for allegedly covering up an instance of sexual assault perpetrated by the nazis,0
79,cvaupjs,cub is the one,0
80,cbeedqd,park in the concert,0
81,bnz5k4,the way these bananas didnt get spots were the lable was,1
82,d4e7jjo,dont trust that happy face,0
83,ccwvkxw,i dont know what ive created,0
84,6flpxg,i scream,0
85,bxeafs,the ice from my cup melted and looks strangely like a bird,1
86,63de13,uk accidentally invaded spain in reveals former first sea lord,1
87,6mawyr,this soad super fan,1
88,7uv8og,billionaire philanthropist jon huntsman sr has died at age,1
89,5v73la,german infantryman in the battle of kursk colorised,0
90,10ltua,a bear kicking back in a seated position hes sitting just like a person,1
91,av32rx,this gym has escalators to the entrance,1
92,ck0z5id,other discussions,0
93,1n8k3b,saturday night live launches youtube channel but blocks us fans,1
94,3wor25,happy bush,0
95,1hy03i,inside the cockpit jet fighter flying under australia,1
96,dap0tgw,race to the bottom every time,0
97,bm3u1s,cat biting on the sofa,1
98,6sbspf,sad air conditioner,0
99,589bal,til that dolphins like humans cannot drink seawater and the empire is in direct contact and asked podesta for a meeting,0
100,2ls2q6,lift me up i need to get on this roof,0
101,dh85a50,much better,0
102,bw9b7n,longlost lewis chessman found in drawer,1
103,cya8ze,a fossil i found at my grandpas house,1
104,7tzt59,michael vick begins a fight to the death between of his prized dogs,0
105,579s48,elephant on the road,1
106,cbvf8fl,other discussions,0
107,4umfwr,photographer offers free services to children with special needs,1
108,b8vygm,candle wax freezing,1
109,cxq46o,narrowest bathroom door ive ever seen,1
110,cmygjw,this painting i found in the back of a local market in seldovia alaska,1
111,cjtvyg,this shuttle bus has charging ports,1
112,cal63cn,watching the voice finale together,0
113,ci5ve13,he is here to collect your soul,0
114,4j7om8,what happened when a professor built a chatbot to be his teaching assistant,0
115,9g3unm,adolf hitlers health had taken its toll during the later stages of the second world war ca,0
116,dmyo4ll,merkel giving a boot,0
117,ct6k7b,this is what a birds ear looks like,1
118,d63c50,this starburst i got,1
119,85tphe,oh you know nuthin much just hangin out just leanin on the fence,0
120,6vqw1n,hunting a killer sex drugs and the return of syphilis,1
121,6cyvss,another bomb drops initial thoughts on entering the trump chicken the official tax crowd for trumps presidency,0
122,3k6p7d,arizona man wanted to commit double murder cops allege but he was awful at it,1
123,1vgl6m,hanspeter friedrich former german minister of the interior now agriculture holding some kind of root vegetable,1
124,ciyc97,an old travel agency envelope that reminds you to cancel your papersmilk inform the local police pay the butler etc before going on a trip,1
125,5c3ghp,crowning achievement donald trump has just accomplished his lifelong goal of kicking the nations most powerful black family out of their house,0
126,c8g91ns,i should buy,0
127,17y8wt,my two friends in tennessee taking their serious country music album pics,1
128,873bnj,mark zuckerburg apologizes for leaking your facebook data to cambridge analytica,0
129,ccujws,the inside of the smart water bottle says something different then the outside,1
130,ceu0qe,sheldon meets a jew boy in auschwitz circa,0
131,d62eb7k,yeah if you could go ahead and support the usa pentathlon with me thatd be great,0
132,c3r55i,i have a bird nest in a byke helmet,1
133,c33t8i,what a pound bulk pack of uncolored peanut mms looks like,1
134,dbpte9o,someone decreepify this,0
135,2g48hn,franklin graham ebola virus be part of bible end times prophecy predicting end of the world,1
136,bygc97,iv been experimenting with what i needed to read this gif in his voice,0
137,cizwby,this speed limit sign,1
138,4bp517,if you catch and use rainwater in colorado you are a criminal,1
139,ddpump,the dubai mall is so big it has live directions to find a certain shop,1
140,ce6bh6,this evenly spread spider just pooped on the ceiling,1
141,bauh0h,this monster egg next to a regular sized egg from our chickens this morning someone deserves a raise,1
142,bk5qbu,this blue stop button i found on my bus,1
143,ctzdxpb,bulldozer,0
144,30963h,man gets a ticket for fakecarpooling with the dos equis guy,1
145,cswevb,because i imported this game from portugal its rated for instead of the usual for european games,1
146,dalheac,what he sees,0
147,30e7ra,students recognized for bravery during rural bus crash earlier this month,1
148,b7xrva,this puppys freshly missing baby tooth,1
149,cbo84jg,this be more of a rbirdswitharms thing,0
150,8wepwg,tiny cows,1
151,dthhzdw,hes still standing there screaming fuck the free world,0
152,c94qh20,petulant lil dictator,0
153,1zxvww,men in sweden warned to beware of testicleeating fish,1
154,6vdb0l,antiusa poster italian social republic ca,0
155,74bcv9,frustrated nation out of ideas to solve gun violence problem except for all the obvious ones,0
156,2i0k8b,kid frightened by giant evil cowboy,1
157,dzw00x1,lava these hobbits alone,0
158,1eqv48,b fifi cockpit,1
159,c4s79gt,into dreams,0
160,7usadh,detroit expects to end state oversight this spring,1
161,41y8wi,the fourth sign buffer,0
162,b57vcy,the face my dog makes when catching a stick,1
163,9dwmnd,these birds are evenly spaced,1
164,4uvxbl,byu students help hospitalbound kids play pokemon go,1
165,c9uvgd,this sunflower that grew out of some birdseed mix,1
166,d9k39z,toledo man overcomes suicidal thoughts now on a mission to clean up the city one power wash at a time,1
167,bzpv3u,painting project helps dominican sisters in iraq,1
168,c8rs38,what in the world,1
169,q0unl,give him a gun now poster by the communist party of south africa x,0
170,18ux3s,family be forced to demolish secret castle they call home,1
171,1a6zdc,extremely tall woman standing next to a much shorter man,1
172,d1y4of,this clock in my math class,1
173,lpi0a,firmes junto a fidel poster from the cuban revolution x,0
174,7es9cn,year old sumerian tablet sheds light on the origins of modern religion,0
175,ujv5u,argument in detroit over koolaid leads to gunshots two hurt,1
176,cbcths,the unstirred paint makes the paint can look empty,0
177,8dh7vx,mike pompeo defects to north korea after learning about kim jonguns torture program,0
178,8swu1d,nonverbal child begins speaking for the first time after riding therapy horse,1
179,cvlqp6u,clothed sfw,0
180,bo26kb,these hills looks like a generating glitch,1
181,12xaxq,a dancing surfer leaps into action,1
182,2usug9,excited to be a speed demon,0
183,8mfl0k,this airport that runs completely on solar power grows vegetables in between the panels,1
184,cjhval,blueberry with expiry date,1
185,czayco2,getting the ooze ready,0
186,5lstwy,trump slams house move on ethics watchdog,1
187,6dedpl,doggo with a mask,1
188,3qhucj,princess alexis makeawish to share her story with others and encourage them to be brave wish granted link to video in comments,1
189,8uikyt,the first crusade c ce,0
190,dcks52,i caught a blind snake so cute,1
191,9j4oki,this new flavor of kitkat,1
192,d5zdvob,th pope,0
193,cogr1c7,its dark in here,0
194,cp6i4t,beer foam america,1
195,8yf9cy,mark zuckerberg testifies before congress in the wake of the cambridge analytica scandal,0
196,6va7xk,guy cant get his cat to sit in the circle but then discovers something frightening about his cat,0
197,6sb4po,cat on floor,1
198,djgv72,my gummy eyeball had a broken iris,1
199,c7gw1mm,the phone call went on for minutes before anyone noticed what was wrong,0
200,dkuiwk3,star world,0
201,5uz2kz,happy doggy,0
202,dhfz61t,cool guys walk away from explosions,0
203,cx4z93l,available here,0
204,5pjhqc,sea and man,1
205,c660tc,shibe midair,1
206,dw5uuwg,praetorian cardinal,0
207,1qi4uk,kid running in race,1
208,6e5ao2,flip the picture and neither did they,0
209,dfkc26,this hotel elevator goes from floor to,1
210,c7j07sj,i can show you the world,0
211,1ozq6h,i ran into this guy in vancouver yesterday,0
212,2yn2jm,oh gee em that looks just fabulous on you honey,0
213,b1hv3b,tried teaching my nieces to paint butterflies as a fun project where you paint one half and fold it to create the butterflymine came out more like a baby dragon pokemon,1
214,czc6qv,car says refuel when its under miles left in tank i wanted to see it down to zero but it refused,1
215,9ebftc,a threeandahalf leaf clover,1
216,cemao10,other discussions,0
217,daumh7,it seems like she understood what i read to her,1
218,1yfune,woman tries to kill hubby with poop,1
219,d5efkj4,duet,0
220,8nth5z,busy bee honeycomb vol,0
221,f0z1oxp,face swap,0
222,561o59,nsa contractor arrested in possible new theft of secrets,1
223,5c0yym,this roof is very pleased about something,0
224,cl7coov,not cool obama,0
225,7xz77r,a cat family,1
226,3armf6,spanish town camp kill jews officially changes name,1
227,4ksh7x,ginger cat laying on back,1
228,d2vx85,topography could save sensitive giant cactus as climate changes,1
229,cc1k7q,this year old bill in perfect condition,1
230,cgx2n6j,not unamused just sad,0
231,9dmfaz,and i still managed to push the handle the wrong way,1
232,cui4gpm,land ho,0
233,cbea5c,piece of machinery abandoned at chernobyl,1
234,2ikkj3,daughter of usf player born blind but regaining sight,1
235,8wae8g,hunter and lords starts campaign to give veterans free tailormade suits,1
236,3oc0pl,he be a golden retriever but this canine hero is a lifesaving blood hound,1
237,6l3tim,a behind the scenes picture from the movie deck the halls,1
238,d1mmahi,knock knock,0
239,76etff,korean war era us air force recruitment poster art by norman rockwell,0
240,crg0wz,a boat that tows boats saw this while riding the cape maylewes ferry this afternoon,1
241,aztonh,indiana jones cosplay,1
242,93ilpu,the tin man,0
243,doctpv4,execute order,0
244,d4lsmwy,birthday,0
245,28os2r,two cops separating traffic cones,1
246,9ggawq,this cloud on my drive home looks like an emerging bear,1
247,d0k4a8k,disaster doge,0
248,8hzi41,rare footage of president trump driving rudy giuliani back to the white house after his first week as the presidents lawyer,0
249,77cl09,my old thermostat look surprised,0
250,6zu4zd,paul bettany as the vision on the set of the upcoming avengers film,1
251,4mjtal,no vietcong ever called me a nigger antiwar poster about muhammad ali translation in comments,0
252,ct7d962,subtle threat,0
253,ceirb6c,the version,0
254,4m5cel,emailing it in team clinton struggles to recover as the thief gets beat up by a judge to sit in the hydraulic press,0
255,4639w1,tasked with combating opium afghan officials profit from it,1
256,cyl8l5,supreme court justice ginsburg completed three weeks of radiation therapy for a cancerous tumor on her pancreas and is now diseasefree,1
257,cd0qq9t,other discussions,0
258,6pd81d,this box is crushed,0
259,1f66cw,alcopop tax fails to deter teen binge drinking raises billion in revenue,1
260,cn51s6i,the obligatory swap,0
261,285z4q,hillary clinton signs hard choices at costco with a faint scent of canned chicken in the air,1
262,6fvy4k,anonymous million donation made to miamidade high schools in honor of king carter,1
263,bzqupo,i took a picture of my daughter exactly at the moment she fell with her wheel,1
264,71j7r3,soviet antisemitic poster made by russian artist dmitri moor in,0
265,cvdaukd,aerial view of canis island,0
266,at3kfi,louisiana woman allegedly shoots pet llama named earl in revenge attack after she claimed he ambushed her,1
267,cktk5ds,woah,0
268,chdhsl,peanut butter and jam sandwich moulds from the center,0
269,7zsjjk,unimpressed alien,0
270,bsqw2e,north korean poster for american troops korean war,0
271,clktsg7,guy riding a dog,0
272,6v024j,pastor under fire for saying he wanted to eat nicki minajs booty on instagram,1
273,cideqxr,fine you dont want to be saved back to the pool,0
274,7pue7n,vietnamese soldier waits in the rice paddies for unsuspecting enemies,0
275,d27qc8x,i think shes hiding something,0
276,3di94b,police catch suspects in robbery by following a trail of spilled cash,1
277,azkrxr,this japanese dog diaper has a built in tail hole,1
278,bsm5p8,two texas men dead after trying to jump open pontoon bridge in louisiana,1
279,d3jka6u,well of the souls,0
280,8477wx,can we please just ban this damn picture from this sub,0
281,ci5iijw,i am addicted,0
282,7gt7ox,nazi sympathizer loses his job and home after being profiled by ny times,1
283,clok299,cutouts,0
284,cofon48,derpy dog vs giga bowser,0
285,d9gb6h,is this a conspiracy branded hola hoop pack found in sealed multipack of aldi cheap brand lol,1
286,cpublb,this tea bag holder,1
287,cwki97x,look at me i am fearsome predator,0
288,1eb52w,drunk czech president at an official ceremony,1
289,1b7xhg,killing lions to protect them does it make sense,1
290,5pm9vs,ball girl sends heartfelt letter to jowilfried tsonga,1
291,5v0u7e,iraqi forces launch offensive to drive is from western mosul,1
292,d8k1ki,we made pop art out of my roommates vhs copies of total recall,1
293,94hird,this yawning cat,1
294,5rhlva,montana firefighters free puppy that got his head stuck in wheel using lot of coconut oil patience,1
295,cirk7n,the way this tree grew around the railing,1
296,bvl5r7,the mirror in my hotel bathroom has something in it to prevent it from fogging up,1
297,86qyiw,trump order would ban most transgender troops from serving,1
298,comqpbo,httpiimgurcomevarmfjpg,0
299,ckcyrl0,approved by takei,0
300,3fuquw,london bomb threat streets evacuated after iranian peace van rides through city,1
301,bmpsaa,repaint makes a super kid,1
302,d8xfos,anheuserbusch to cut ties with carson king over offensive social media posts,1
303,3618aw,a somewhat upset baby,1
304,cn6u3h,the color in the water of this bubble level has sunk to one side over time,1
305,c8k2ed,wastelander ends of the earth,0
306,64kwfo,modern history united removes man from flight after he refused to volunteer to get off the plane,0
307,d4a30d7,dog diesel,0
308,83fkrg,i dont think he likes his haircut,0
309,d5zu4it,smooth,0
310,ctz4in,i found optimus prime driving by my airport,1
311,2n8muu,venice to ban wheeled suitcases,1
312,bl9qep,this qr code mosaic built into the pillar in admiralty station hk,1
313,cydfev,embrace the crack,0
314,dg7zbc,these hands are vital to victory california dairy council,0
315,7atfdu,progressives fume as northam stumbles in va,1
316,cfbmngn,team evil,0
317,cbjjdq7,not so happy now,0
318,c64xoqw,so brave,0
319,cbyp3kt,not bad,0
320,cg30k5,this gaol jail in goderich ontario where some interesting people were held i thought the shape of the gaol was pretty and unique look up steven truscott if you want an interesting story on an inmate who was wrongfully convicted and was held in this gaol,1
321,6jcn06,wait youre selling me,0
322,1s816t,paul walker nelson mandelas death fans pay joint tribute on twitter,1
323,cznrp9,this grocery store has no name and is a sequel,1
324,2t28fr,attentive raccoon,1
325,cry4kd,building a flat pack wardrobe and there is a tiny screw stuck in the screw head,1
326,tanal,get your jazz on,1
327,8j95mb,torali and falling,0
328,3bc4fv,ahhhhh,0
329,dkja4t,this building in downtown seattle,1
330,dg5jswt,today in football news alex oxladesharkberlain,0
331,7sszu2,mrw my boyfriend eats them before i even walk out but the top suggestion is my huge penis,0
332,4e6wwv,exukrainian prime minister being carried from his podium with a bouquet of flowers,1
333,6itzsc,dog smiling with an axe,1
334,8okq0p,us immigration and customs enforcement acting director to speak at hate group event tomorrow,1
335,chs9kr,this shadow of my shorts hanging next to my door,1
336,7ua4pq,peace,0
337,cmp53bq,off the top ropes,0
338,3t0c1g,this guy in cosplay,1
339,cye6ve5,i have come from the farthest reaches of space to proclaim the doom of the human race,0
340,b5z5az,alaska man can use hovercraft while moose hunting supreme court says,1
341,b0xixh,this escalator in prague showing its mechanism,1
342,1xhqhx,painting like vermeer,1
343,dqk96co,its hammer time,0
344,8kol12,royal wedding official photo st georges chapel,0
345,cg3kbp,i got fortune cookies in the same package,1
346,1cf3it,shocked toilet,0
347,2rq09a,york train station x,1
348,cacpni,this tag on my kitchen towel behaved like a shrinky dink in the dryer,1
349,chu5fz7,now with more cage,0
350,dgk9ap6,bored at work,0
351,3m4gc4,couple gets million cell phone bill,1
352,3hd6aj,roma tomato growing on a vine,1
353,bqwcx5,ukraines comedian president takes office says hes dissolving parliament,1
354,c8bqs05,blown away,0
355,d64bo4,background lamp looks like her eyebrow is off her face,0
356,3l2p2v,ohio father of murdered sons accused of impregnating underage stepdaughter,1
357,4xlbw5,are lefties really more creative,0
358,5u94wl,if you wonder how trump got elected,0
359,bf092y,house democrats subpoena full mueller report and the underlying evidence,1
360,5qs589,trump and putin make counterterror top priority in first call,1
361,ci4hsoa,watch out,0
362,d5igt2,i bought skyrim for only bucks after tax and waranty,1
363,cp0fnb0,face swap,0
364,6fjfla,on this day in china as a refugee with his mokomokai collection,0
365,awh1zx,usa sends aid to britain circa,0
366,csmgdiz,guardian of the galaxy,0
367,1c7klf,the face in my curtain,0
368,18c0bs,unimpressed turtle,1
369,4lgwes,halifax police officer sits next to street busker,1
370,dqwt78p,lettuce celebrate,0
371,ctyli7a,cats are friends not food,0
372,1ns6v9,potential new tick species discovered in researchers nostril,1
373,arxeyd,an interested entry,0
374,d039o14,archnemesis,0
375,1muarj,the correct us poverty rate is around and about zero,1
376,hhddf,wwi recruiting poster be an american eagle,0
377,b125s5,this old dvd lens cleaner disc with a tiny brush on it,1
378,i7vdn,unforgettable embrace japanese leaflet in new guinea,0
379,adc7dk,jan the city of philadelphia begins construction on a lifesize to scale monument to nick foles phallus,0
380,d8qzt33,here,0
381,2rs3ee,squirting is just peeing say scientists,1
382,d2vao66,fluffy bunny,0
383,5cyl3m,pro wrestler bushi lying in the ring,1
384,2qfra8,snow globe causes charity shop fire,1
385,cnye584,sparta,0
386,b95i6u,my green onions from the supermarket bloomed this year,1
387,61u818,us britain france others skip nuclear weapons ban treaty talks,1
388,daa3a3,contrails making my neighbours chimney appear to be smoking,0
389,djro4m,nice legs,0
390,cmhtn83,these people make me sick,0
391,cu23q9,my mileage when i got home from work was a palindrome,1
392,c5s6pe,this hawk mid shit,1
393,9g25jq,this bagel and slice of pumpernickel bread i toasted for breakfast looks so happy,1
394,cvixell,doppelganger,0
395,c04r3a,a full rainbow,1
396,e1fjk6d,available here,0
397,18n2xz,old and new in the ancient medina of fez morocco,1
398,bibeev,the way this spider made its web around the led lights,1
399,5tupk2,nosy,0
400,co9vums,deep burn,0
401,4onero,bbc jo cox mp death man charged with murder,1
402,bm8mhm,paper refill pad several months of use vs brand new,1
403,c5rhq9a,dont get too arrogant bolt not everyone is as fortunate as you,0
404,4loutq,rultrawidemasterrace said my keyboard is perfect for a planets moon to share an atmosphere with the plot through adaptations and pop culture references,0
405,ccay20,this hotel has biodegradable everything during breakfast,1
406,p0etl,the zombie apocalypse wont come from where you think it will,0
407,2ky1jb,onduty florida cop of the month fired for allegedly raping woman on patrol car hood threatening her with arrest death,1
408,c7om3i,russia beating us in race for global influence pentagon study says,1
409,22hdl5,the first news report on the la earthquake was written by a robot,1
410,dmp8cls,his technique was unorthodox but damn if he wasnt the best entry man in the squad,0
411,b274nf,the rhondda heritage park a once thriving coal mining site turned museamhotelrestaurant south wales,1
412,3zt440,vietnam era south vietnam poster attempting to recruit vietcong x,0
413,cg7wro5,crap i didnt resize it oh well,0
414,byjyma,this halved log with a different type of wood in the centre,1
415,cat9p6,the neighbors shrub around his mailbox makes it look like a bear running,1
416,9368rj,italian and american troops clash in northern italy,0
417,d4ll0dw,pug life,0
418,3hv1qp,racist psycho weeaboo kid threatens to sodomize a local jokester after fifteen minutes of a test learning the first time she posted something like this,0
419,9fwwxs,these two dead wasps embracing each other,1
420,8fnagu,it looked like this guy was getting carsick on the wedding shuttle,0
421,214kxs,security billboard on the oak ridge campus during the world war ii manhattan project,0
422,3vn8ea,pope francis with a goat on his shoulders,1
423,1ffqld,pat riley making a magical pass circa,1
424,ctkm4p,who is he i bought these leggings at a thrift store and have no idea who he is please help,1
425,cmo3jon,christmas is cancelled,0
426,55dewa,this week in the war on voting scott walkers dmv in hot water,1
427,c1x4a6,divers collect over pounds of trash at a florida beach and set a world record,1
428,ca0catu,his whole life hes secretly been a garden gnome,0
429,9h9ecl,the prongs on my fork are different lengths,1
430,cj0hhc,synchronized cans,1
431,5qhawt,lds church announces flexible schedules for missionaries,1
432,d8xow3,these socks are comfortable,1
433,cwv9kh,national treasure confirmed ad,0
434,5rq4ge,turtle man,1
435,7us4s0,evidence of the gender pay wage gap,0
436,ccds8n,flood infection form root i found on site today,1
437,1uinrv,jakes first trip backpacking here he is on lake atitlan guatemala,1
438,1kwdm0,mans last wish granted to drop from the sky,1
439,9ybks2,some of our detergent today looked like australia excuse the snapchat text,1
440,66vt90,power restored in sf after blackout shuts businesses cable cars,1
441,c3qrql,these lil guys sure are happy,0
442,7qevid,burn blistersowwee,0
443,5jqyut,remember the black church and sprayed vote trump on the side in fluorescent paint,0
444,ckzl4hg,bummer,0
445,daeanf,the painting at my doctors office,1
446,cmbbsz5,willitblend,0
447,36snd0,man sues bc rodeo company says bull called slow poke was violent despite name,1
448,264bvb,explosion tons of tnt testing a superhardend missile silo,1
449,8zgk4x,uber drivers to receive m in refunds,1
450,dqkjjnt,kims first steps,0
451,bn7vtt,us regulators approve new silicon valley stock exchange,1
452,clq0ows,im sorry,0
453,8jurp0,two bridges,0
454,5zy9xj,antelope jackrabbit found in saguaro national park arizona usa,1
455,2dtq6j,happy to be picked,0
456,9whst3,gfa silent protest,0
457,dswm6rz,macaw macabre,0
458,37022c,dutch immigrant kids take to street demanding white classmates,1
459,1km4xb,baby ducks,1
460,dq18i86,king of blades,0
461,b09uit,macro photo of cheetos in my mustache,0
462,cdcdpq2,buddy,0
463,21cow8,spiny sea urchin in a bucket,0
464,8jev4e,alpaca spewing flames,0
465,crwthhj,im not fat,0
466,c23sz7,all of the pieces i used to make an original lego nxt vehicle at school,1
467,c91ho4,this ice crystal that formed in the freezer at my workplace,1
468,cxa8xy4,sweet sweet smile,0
469,cj219tv,everyone should try it at least once,0
470,cdteq4z,other discussions,0
471,cm5qctl,this couldnt look more unnatural,0
472,arsnlc,the way the ice froze on my buddies wheels,1
473,nqlnm,our christmas tree after days of searching for fruit finally found some,1
474,27mhn8,ceiling of the van im in sure is happy,0
475,cl83l3,this insect that hung with me for a few,1
476,cg5j4dr,other discussions,0
477,1aj577,adolf hitler actor bruno ganz to play pope in us television series,1
478,9abg8n,this toilet paper dispenser is a monster,0
479,cynxjv2,trumped again,0
480,1pfcvd,former president bill clintons daughter chelsea clinton makes sure sandys devastation is rememberedshe and many others are helping people rebuild their homes and lives one year after sandy hit,1
481,dhku20l,the hero we need shall rise,0
482,bh14uq,only candies in a pack of sixlets,1
483,2x4vl9,milla the weirdo,1
484,5z0pt6,allied ww depicted the german empire as a sausage,0
485,5l5c1f,wwe female wrestler in mid air skip,1
486,cie9jx2,cutouts,0
487,cx95fv,my dogs opthalmologist has an vision chart for cats,1
488,ciohiaq,cutouts,0
489,cnjc3yp,catdog d,0
490,9i37a3,how safe i feel with this smoke detector at a sleep inn in charlottesville virginia,1
491,c5pkjd3,this,0
492,ba0rtm,took a pic on my morning hike through the village southern germany,1
493,chmrfo,this bunny in a banana bed,1
494,95yfkh,this small penguin named linguini,1
495,7dgf1p,the top of my humidifier is a guy with a cold,0
496,8d9b58,jew hides as the ss guards begin the liquidation of the warsaw ghetto,0
497,ddpem6e,mermaid rock,0
498,932dx4,freakoutception,0
499,cec88k8,other discussions,0
500,d31cdp,opposite oatmeal,0
501,25b9f4,ray from roosterteeth with his hippo tshirt,1
502,co73k9,my hotel in hawaii has a room dedicated to lamps,1
503,b9g20x,the original color under the sticker of my cap,1
504,4tv0e1,my biggest fan,0
505,1htovf,backyard chickens dumped at shelters when hipsters cant cope critics say,1
506,cl9lh9m,monkey cosplay,0
507,4kbfhd,this intense guy kayaking,1
508,cpt0hsj,best harp player in the business,0
509,cstfix,how good a scrapper are you original litho,0
510,6ef04n,trees talk to each other have sex and look after their young says author,1
511,725ff3,fat robot penguin coffee pot,0
512,d1d1hl,the way this water dropped,1
513,c76bj6z,ok,0
514,1o8nl9,sheep revolt when police uproot marijuana plants where flock grazed,1
515,as0pn1,this tiny plow truck mower for sidewalks,1
516,cmzvtk,my lamps light pattern looks like a demon,1
517,b032mc,i took a shower and the light reflecting off my concave mirror prevented the steam from developing on a small spot on the wall mirror,1
518,e5xjanx,httpsiimgurcomafktrwrjpg,0
519,562nyk,catch of the day,0
520,9e0kyp,the judgement of king solomon bc,0
521,cwwsagr,needs more something im not sure what,0
522,da4u2p,texas could get more power from wind than coal next year a new milestone in an energy revolution,1
523,3s1kqu,beekeeping firm sweet beginnings helps exprisoners back on their feet employs people a year and enjoys a recidivism rate of just,1
524,zq8o8,stephen harper wins world statesman award for being a champion of democracy freedom and human rights,1
525,1l7wto,good samaritan cops come to aid of man having heart attack on train,1
526,7esfhz,this mcdonalds item is a huge hit but will soon disappear from menu,0
527,cle1m7j,it tastes even worse than it looks,0
528,c9u42m,this easter egg on a compaq evo ds motherboard,1
529,e52po9a,the tug boat,0
530,1yc4rz,man reunites with sweetheart loses pounds,1
531,d9e63bx,did you have something like this in mind,0
532,6o3dw5,these nuns built a lovely little chapel right in the way of a pipeline on purpose,1
533,63sek6,youll never believe what people leave behind in uber cars,0
534,4nzuap,mfw a reformist socialist who is a true candidate of the gulag,0
535,ckl1jl,this ladies restroom at a local pub,1
536,5x57md,a mountainview california high school invested k in snapchat now worth tens of millions,1
537,4otro4,birth control via app finds footing under political radar,1
538,78x1e0,ken kissinger devils in the details,0
539,5m970m,salford woman donates kidney to nhs for saving husbands life bbc news,1
540,55gar3,happy frog backpack,0
541,bh1vr3,best invention ever built in device stand in an airplane seat tray,1
542,62l3rr,thirsty cobra given a drink by local villagers,1
543,2socq0,florida police department used black mug shots for target practice,1
544,8ta87y,this bird about to land,1
545,bdjtk6,accidentally made a rose when i twisted a red bull can in half,1
546,21dv68,cockatiel in custody,1
547,3wgwjn,green army men,1
548,cdh3dvz,evel knievel the greatest daredevil that ever lived,0
549,7mzm9a,yekaterina lavrentjewa on her olympic sled,1
550,5gpic9,build readythis is my yo system need help making sure i dont miss anything,0
551,6vw58n,my chicken nugget looks like the picture on google,0
552,d3s0jh3,nsfw,0
553,ds0eqfy,yang chas solo chone wookiee,0
554,d3n5ma5,french bull dog running in the dark,0
555,d1quaqo,doof wizard warrior,0
556,cd1d0i,i came back home to find a bird had tried to fly in through a closed window the imprint is so flawless you can see its beak,1
557,61b80e,paul ryan leaving the white house,1
558,1fp6bm,its so happy to finally be set up,0
559,8vpo48,having faked his death joffrey baratheon continues to live his life disguised as a woman,0
560,7x276w,duck missing a foot,1
561,2ka1a8,department of homeland security executes panty raid in kansas city,1
562,7ocdy7,new pot policy by trump administration draws bipartisan fire,1
563,cmv61w,someone gifted me an apple from a tree in their backyard and it had a worm in it,1
564,ejdfl5n,available here,0
565,chaaqt,dday,0
566,dcp9p3i,jump the shark,0
567,b5lr0p,pentagon approves b transfer for miles of border wall projects,1
568,ca1sxa0,a huskyman,0
569,6fxkqq,idaho girls refugee sex attackers walk free judge slaps gag order on parents of yearold victim,1
570,difycy,this caterpillar dude i found chillin on my cactus,1
571,4l82l5,indian colour festival,0
572,bqldgo,this tiny penny,1
573,armgut,this candy shelf holder looks like an upside down happy creeper,1
574,7cdedv,leonardo dicaprios foundation announced its biggestever portfolio of grants dedicating million to organizations with innovative solutions to combat climate change,1
575,cotc3a,this leonardo da vinci helicopter building set cares about the health and wellbeing of the builder by suggesting a healthy snack in the instructions,1
576,66a9vw,baseball halloffamers heart transplant beats with inspiration,1
577,bj073b,this puddle that looks like an arrow,1
578,8lv6mz,skin we did not create humans,0
579,62s3a0,the back of a sony cdplayer remote,1
580,bndb63,cancer patients raise a smile and a boost in confidence with artists empowering henna crowns,1
581,b8zeqw,rick and morty truck art,1
582,ceuexnn,i love cats i promise,0
583,96t6a3,magda goebbels salutes the nazi party members at a meeting,0
584,bku8aw,indigenous educators fight for an accurate history of california a history of violence high country news,1
585,c9cnzf8,open up and say aaaaaahhhhhhhhh,0
586,6p0ln1,brooklyn company employs more than blind workers,1
587,81fard,uber lyft drivers earning a median profit of per hour study says,1
588,cx66bj,just a screaming monkey i drew when i was bored,1
589,3ekcsw,a confused black bear broke into this alaska zoo,1
590,7xydws,how this amputee lost a shocking pounds i am alive today to encourage others,1
591,c08a1v,my dum dum faded from grape to butterscotch,1
592,57p60v,americans trust in mass media sinks to new low,1
593,4sbri6,oklahoma citys legally organized black lives matter protest ends with hugs understanding and desire for positive chage,1
594,cwjsmv,look at the mold formed by these diapers that missed the trash can insert,1
595,apl1nb,these parking meters turned into bike racks,1
596,cm8z68,we all need some joy juice,1
597,bphqmf,this cloud formation,1
598,cpax4mp,just me my bitch,0
599,b9huc5,this realtors name is richard mcnutt aka dick mcnutt,1
600,15vphe,people making derp faces with a ball coming at them,1
601,cjensg,i work at a mall here it is after its been closed,1
602,qxw7e,more than half of mississippi gop voters say obama is a muslim new poll suggests,1
603,5t3bix,an excited groomsman,1
604,c8lvh5w,ghost ship,0
605,8jzctp,us bankers to the economy,0
606,ctpky8,this bottle holder is made out of a rattlesnake,1
607,cw327kn,nsfw,0
608,ciqart0,bring me his head,0
609,7rcmfe,massacre in tivoli jamaica,0
610,avrb1w,changing a wall billboard in nyc,1
611,d2qwd55,huge fan of your work mrkylo,0
612,d8iclzb,saving nemo,0
613,asq8wi,fingerprints from fortenberry googlyeye stickers lead lincoln police to suspected vandal,1
614,cla39hj,alright lets do this,0
615,675s9l,this real life expressions doll,1
616,3u122n,th circuit rules wisconsin abortion admitting privileges law unconstitutional,1
617,31ehik,frat members killed pledge over mcdonalds breakfast,1
618,7wdt8g,of the most important things in congresss massive spending deal the washington post,1
619,da8lj0,yellow watermelon i didnt even know these existed,1
620,33t65f,this cute little boy cant wait for the breakfast,0
621,cxcvgk,this urinal had a goal with a ball on a string so you could score the entire time youre peeing,1
622,343ua7,oklahoma lawmaker threatens to set himself on fire over abortion issue,1
623,d7bp5o2,obligatory,0
624,7z7iep,of the craziest knockoff fastfood chains from around the world,0
625,d8egh2,joseph stalin takes power,0
626,2sbqo3,luke skywalkers awkward photoshoot pose,1
627,cehmqew,looks like he finally got that ski lift,0
628,diyt28j,ill never drink again,0
629,cktg2nz,cutouts,0
630,5lhlb8,fairly oddparents finally cancelled,0
631,cci01u1,you shall not pass,0
632,2uyc2u,humans of new york raises million for brooklyn public school students trip to harvard,1
633,7s73k1,us government shutdown,0
634,9iya11,this residue from a peeledoff sticker on a utility box reminds me of a cover of s scifi novel,1
635,ddro7s,when marie antoinette said let them eat cake and they did french revolution,0
636,bga45j,more pot shops seek retail permits in worcester massachusetts,1
637,3hdy4v,hey you guys d,0
638,cuofsm,the way this tree grew,1
639,btajrx,us envoy makes rare visit to tibet he also met with senior tibetan religious and cultural leaders the embassy said,1
640,d10eoh,mordecai and the rigbys party tonight,0
641,bj6zmg,this jeep had jeep shaped taillights,1
642,cdl5urm,other discussions,0
643,de76ua,pink sunday newspaper for breast cancer awareness month they even have the number to a local hospital to book your next appointment,1
644,305py3,cats reaction to seeing the ceiling fan move for the first time,1
645,69bax6,cataracts cataracts,0
646,cgijms4,cutouts,0
647,cnyb2vm,the state of the uk high street,0
648,53glh0,marine holding umbrella for obama,1
649,608oew,dog pursin i am retardedorphangenius,0
650,8rfkmf,surprised to see this guy in the bathroom stall it was mutual,0
651,5jskmy,canadian winter,1
652,cnli5s8,slightly overdressed,0
653,6sfy7g,americans are dying younger saving corporations billions,1
654,3sgqrm,this jumping fox,1
655,49pqz3,lawmakers sick after drinking raw milk to celebrate legalizing raw milk,1
656,88f3qz,he applied to of the best colleges and got a full ride to all of them,1
657,89jrs5,blowing smoke out my window,0
658,8467ye,this car is pouting at the mechanics,0
659,cchhwnr,now and then,0
660,357yak,this scholarly dog,1
661,1xuel1,colorado state senator is glad aurora shooter had so much ammo,1
662,d0jvya,temperature marker that came with flu vaccines,1
663,3z5ze1,the fuck did you bother to make your marriage stronger,0
664,dl2sscp,ftfy,0
665,1tgydo,el ateneo grand splendid boosktore buenos aires,1
666,3m4zn4,collision of two rugby with all limbs extended,1
667,b6llqn,gun store next to cemetery,1
668,21i0oe,man expecting quints finds out girlfriend isnt pregnant,1
669,69xc4w,delhi taxi driver returned bag worth rs lakh despite having dept of rs,1
670,8pt8tk,niki laudas car catches fire after a horrible crash on the nurburgring germany original color,0
671,e07rygb,sniperdog,0
672,axqnrc,bloomberg says he wont run for president in,1
673,2kipnn,the first time i let my cat outside,1
674,35xyay,bruce waynes photograph,1
675,cu7tr8,this tiny functioning washing machine,1
676,ceit28,the tennessee bicentennial capital mall memorial breaks at the point tennessee began discussing secession from the us,1
677,c0z3yx,this fish vertebra looks like an hourglass,1
678,35euqk,porn and video game addiction are leading to masculinity crisis,1
679,d93qjf2,youre home early,0
680,30ty7e,federal agents investigating bitcoin money laundering extorted stole over million in bitcoin,1
681,cl23qa8,wolves hate their first swimming lesson everyone knows that,0
682,c3l65wd,oh my,0
683,d8b4hv,justin trudeau discovering his photos from years ago have leaked,0
684,c7wv393,check it out,0
685,cvorzbm,vegetarian,0
686,1zqgpm,three oklahoma athletes penalized by university for eating pasta,1
687,5uu7li,mom finds mysterious fragrant lump in her bathroom then realizes something horrifying,0
688,5q762r,an undeniably great leader,0
689,b5ijgv,literal mixed signals,1
690,6hwqvj,this daughters lifesaving gift for fathers day puts ties and cologne to shame,1
691,coxxle8,hey buddy,0
692,blxu91,found a foldedover goldfish cracker,1
693,d7b6d18,rejected disney mascot,0
694,9adgtp,shadow imprint of a childs bicycle after the explosion of little boy hiroshima,0
695,3m7rdr,this powerful lion staring back at photographer eric esterle,1
696,c9b0ld,protester ignites fire in la riots,0
697,7xxl92,the spacex falcon heavy rocket plunging into the sun ca,0
698,b7deok,this movie theaters bathroom sign has elvis on it,1
699,c9gxywm,here,0
700,65osz8,kids rejoice as easter eggs drop from the sky,1
701,7thhb7,gasoline rainbows nuclear winter,0
702,co4c489,i will find it and let it live,0
703,1mror7,new zealand police investigating serious crash involving motorised bar stool,1
704,7eorxm,jeff sessions,1
705,6qnq2w,the superlatives picture this,0
706,26lq5c,theyll leave me there,0
707,capnmvr,other discussions,0
708,4ot4lv,she boiled watermelon seeds for a reason id never heard of,0
709,dqd1rag,mildly ftfy,0
710,4yazvz,i am the terror,0
711,kc4kk,whos absent is it you,0
712,ddp6mjl,this is bogus man,0
713,cj9tg05,baby buddha,0
714,d69b2f,legends storming area,0
715,6kvouo,cat in a sink,1
716,3x7hgl,michael moore protesting in front of trump tower,1
717,ckzz9lr,hero,0
718,988had,does anyone else while inappropriately drunk point in the us and the alt left creating a fake scandal,0
719,cwgnw3,im delivering to a laser shooting submarine according to google maps,0
720,7gr77u,stoop kid dood,0
721,7bulej,strippers team up to distribute turkeys to hungry families at thanksgiving,1
722,aswapk,my brother photobombed my panorama looks weird,1
723,3ttcso,five months ago horses were seized from a dairy farm in conroe nearly all were underweight or starving and there were untreated injuries and illnesses that was only part of the story today at a horse arena in mont belvieu the tale is preparing for a happy ending,1
724,bo8npf,why the long face,0
725,cbbe7io,here you go,0
726,bbmddt,dallas mavericks celebrate dirk nowitzkis charity efforts in tribute video,1
727,s0196,saw this in rfunny thought it needed introduced to this world,1
728,c8ap8nb,woah that red bull stuff really does give you wings,0
729,13il2g,fire bunny,0
730,bhv42o,this c standee,1
731,3jrb9r,aaronic priesthood restoration site its a terrible image its just terrible,0
732,ca9s0ay,ryan gosling will eat his cereal,0
733,7wgkqn,this runway model on stilts,1
734,5lat82,man with google funny haircut,1
735,7csqss,joaquin elchapo guzman loera hiding out days after his escape from prison,0
736,djy46o,with the front fascia removed my jeep renegade looks like its genuinely shocked to be seen naked,1
737,8yjj5n,photo my mom took in grand canaria,0
738,buj86g,i stopped the microwave on zero,1
739,95buwp,found this loaf on the political spectrum everyone should be safe to drink tap water anywhere in the snow,0
740,1qrfjf,dramatic elephant and jumping dog,1
741,cddwbqf,a fan who pulled some strings,0
742,c5oroe3,omg you guise look who i ran into on my way to the shire,0
743,dejy0f,the time matches the month and day,1
744,cgghoq1,panda,0
745,cr76rqt,navy prototype crabclass mech,0
746,5hi88d,im hooked on this,0
747,61276q,contestants leave bleak wilderness after a year to find their reality show not on the air,1
748,5yubuh,simba the bengal show you inside spots,1
749,cx6tk7o,this effect,0
750,cycgkt,til the name of the game in the popular video game portal is portal,0
751,87yqye,washington state governor to sign bill banning therapists from practicing gay conversion therapy,1
752,9fldqw,moments before the east coast bring hit by hurricane florence,0
753,4dlk8s,apt complex using dna to match dog to droppings,1
754,c6ftz8l,i tried,0
755,cl8w63s,cutouts,0
756,d2zrnq,my schools library keeps a copy of the yearbooks all the way back to class of was allowed to put personality traits in theirs,1
757,b47ivf,slowspeed police chase ends with driver break dancing on california highway,1
758,27wc5z,this chair has seen some shit,0
759,cnu59t,overachiever in my egg carton,1
760,ayy96m,this crown molding installation,0
761,dgnrohy,too deep,0
762,1b52ne,people posing for a force push photo album in comments,1
763,8dsyrl,costarican rainforest,1
764,cwflsc4,this albino penguin,0
765,c6ho2rg,woman just cant see the potential in things,0
766,2k7jub,homer simpson blamed for obesity problem,1
767,erfr40h,its a great day for canada,0
768,cit7dn6,cutouts,0
769,awt5kn,stalin smacking a bitch up the battle of kursk,0
770,c74o3sw,blank template,0
771,1kshny,foul in the box uefa champions league final,1
772,ay7iwj,to bring in new blood historic cemeteries get creative with yoga dog walks and picnics,1
773,1ac29z,penis snatching on the rise africas genitalstealing crime wave hits the countryside,1
774,dhush4,local cinema shows a box of booty to remind you not to leave any valuables behind,1
775,2xmb7e,highburton those of the th century,0
776,5o7yls,la roquegageac dordogne france,1
777,die43ry,anglercat,0
778,5if7uu,parliament house hundreds to roll down lawns one last time before ban kicks in,1
779,2eg2z3,under water hotel room window,1
780,15ewg3,fox calls westboro baptist church a leftwing cult newshounds,1
781,6gt1i9,life the best places in atlanta to come down from the absolute high of visiting nashville,0
782,87fv39,this dog dressed as a vet,1
783,csswhra,doof warrior,0
784,cqjiov4,age of ultron,0
785,97b9hx,report details sexual abuse by more than priests in pennsylvanias catholic church,1
786,5frjqj,woods humane society found homes for so many pets this weekend that it only has a few left,1
787,cvavlf8,and while you were gone,0
788,8pehij,talk to frank lets get leathered,0
789,cix223,the way color of the kfc sign changed because of sun and time,1
790,cs54n9,new us army soldier gets first haircut in years to join military donates inches of hair to locks of love,1
791,crerst,box of anguish,1
792,c8hr6qf,the valkyrie lends a helping ponytail,0
793,3gg1eo,an over excited dog,1
794,cipwmw,found dippin dots at a gas station in northern arizona,1
795,5o5z1g,two kids pretending to eat a massive burger,1
796,5qmoqh,the british media just roasted donald trump and he hated it,1
797,350jm9,scary clown terrifies vline passengers in melbourne,1
798,33vygv,liverpool central library picton reading room oc,1
799,31p160,breastfeeding mother told to be more discreet plans nursein,1
800,2dl890,this piece of driftwood looks like a baby dragon,0
801,cfe7jxo,lil un,0
802,chghvk,this sachet i found in my new shaker cup,1
803,zxe5h,cat vs trex,1
804,2h439d,no pplease i dont wanna get squashed,0
805,d8ww2t4,he likes you too,0
806,da7kx3,fiance removing pebbles from the crevasses of a succulent with a cactus pen,1
807,cf0hiu2,sir george and the dragon,0
808,7b6c2x,child neurofeedback research by bessel van der kolk md,1
809,d0ohhj,are we still doing flat buildings,0
810,24g8a2,florida governor rick scottagain,1
811,cp7p6kr,django,0
812,d1lfaz,the paint peeling off a pillar in our weight room looks likea demondevil head,0
813,cnlpdt,after trumps tweets conservative activist leads neighborhood cleanup in west baltimore,1
814,conncvb,thats not a beer,0
815,byjgzl,last straight man desperately fends off mob trying to inject him with the gay,0
816,1d1v3a,obama scales back goals for america after visiting dennys,0
817,cw69ho,jimmy carter back to building houses after hip surgery,1
818,3aeef3,car thief calls taxi after struggling to drive stick shift police say,1
819,3fik0y,cliche beach jump photo,1
820,c6bhjyj,yo quiero el presidente,0
821,ccpab3,someone beat me to it,0
822,2flfwr,oklahoma woman claims spaghetti strainer as religious headwear in license picture,1
823,65y54y,engkilili infinitude in the finite,0
824,95i5as,jfk cloud of doom watching the mets,0
825,8ua5oy,this woman wearing a gas mask to go shopping in the uk while a gorse fire burns nearby,1
826,clekw95,shes been to the dentist many times so she knows the drill,0
827,c664bu6,basketball pro,0
828,1pz71u,woman calling out to a boy dressed as a penguin,1
829,5rj5f5,neither donald trump nor sean spicer seem to know that frederick douglass is dead,1
830,cxdim5,found this in a school i was in recently,1
831,5x5sbw,cat resting on table by whiskey bottle,1
832,at80bp,this lab uses obsolete storage mediums to keep from losing modern storage mediums,1
833,cl1ez9,this man and a dog,1
834,bnrs1q,my neighbor has a miniisland in his front yard,1
835,8c7l7o,suzanne monkeyin around feat dj default cube,0
836,995c30,drake visits patient on same night as cancelled toronto tour stop,1
837,cokqvo,tyler lodges am i feeling well,0
838,k2ryq,war during peacetime fleet exercise,0
839,c88ctip,this dude,0
840,9fl15f,quiz for firefighters whats some of the coolass fire shit youve seen at work,0
841,6iwiie,homeless man in manchester lends boots to diner after restaurant refuses entry to man wearing sandals,1
842,b8qkx1,it looks completely cloudy and gray at first but you can see blue skies in the reflection of the building,1
843,9ecb6f,the crucification of jesus christ circa ad,0
844,cagbke,my fortune cookie had another one inside it,1
845,dkyc2g,i found a newspaper from in a roof space,1
846,ctrhz7j,you call that a mob,0
847,c97rbo1,a salute no a disguised spike,0
848,cma8wl,swedish town launches controversial ps begging permit,1
849,bnm3n1,found a joker inside a wall,1
850,1oq04g,man gets arm stuck in toilet trying to retrieve wedding ring,1
851,bwompe,spiderman fixing antmans suit,1
852,1t3z0c,the most interesting cat in the world,1
853,8gthyb,singularities of the future vol,0
854,66o33o,subway shuts hundreds of us stores,1
855,bjy86a,why democrats most liberal wing is struggling to gain power,1
856,cbmzaoe,here,0
857,16xlsg,adventurous woman needed as surrogate for neanderthal baby,1
858,dcougwk,iron bunny,0
859,bxbn35,this sitting cat,1
860,cywkjj6,hello other grown up,0
861,c5cd6q,a floating food truck bear lake idaho,1
862,bmxpry,pence claims trump will ask supreme court to bar judges from blocking his policies,1
863,bvtxoo,in the front trunk of this superfans delorean theres martys jacket hoverboard hill valley newspaper and some other stuff i cant identify,1
864,5cf30g,james comey quickly reopens clinton email investigation for few more minutes,0
865,cj3mpp5,jacuzzi,0
866,c3bqtx,so muggy in houston my keyhole is sweating,1
867,9ivvf9,myths and men i wish i never grew old,0
868,bx6xj0,i got sausage patties in my pack of,1
869,4591qx,texas boy gets his wish as member of tcu swim team,1
870,da60lpq,nowhere is sacred,0
871,9hllrr,this bridge is getting replaced soon i used to like taking photos of it and editing them not sure if this is the right sub for these kind of photos anyways enjoy,1
872,57ggo3,german soldier pulls over a car full of jewish men escaping auschwitz,0
873,2h9lkf,toy hat is both shocked and amazed,0
874,9ctzyh,my glass frame has made in usa written over made in china,1
875,66dfvj,bill mitchell on twitter love trumps hate they say can i use the bathroom,0
876,4thcm5,the cup holders and cooler on my kids wagon,0
877,5hm1gm,confused little kid,1
878,3meu28,saw some huge cumulonimbus clouds on my hike today,0
879,13ovaa,an elephant and a tiny giraffe,1
880,5fzq83,man dressed as pepe the frog at trump rally,1
881,dews4l,my hand when i had edema day difference,1
882,86hfw0,pacific garbage patch worlds largest collection of ocean trash grows,1
883,co1vsy,some mice made a happy little home while i kept some things in storage,1
884,clbykq,incitatus is revealed to be a consul scroll ad,0
885,ch24jvn,cutouts,0
886,dsp10dv,httpsiimgurcomhrlgvqjpg,0
887,cj8aw26,hardcore taco bell fan,0
888,560ff4,pence kaine at vp debate,1
889,au0lci,my sock came mostly unraveled in the dryer also my oneeyed cat,1
890,20aolq,new evidence supports fivesecond rule of dropped food,1
891,cw7nib,the moon that formed in my coffee foam,1
892,99rem5,discovery park in seattle,1
893,wlqph,who knew the harvard lampoon offices were inside of a wwi era german soldier,0
894,2v0eh0,marry at age new guide details female life under isis,1
895,89au7m,chickfila is about to overtake taco bell wendys and burger king,1
896,8iyr1k,this cat helping me measure things,0
897,df4l667,blues legend,0
898,38gthn,hey can you hear me down there,0
899,3c7ttq,a bear rolling around on the ground,0
900,984yxp,this extra info on this package appears to be my friend didnt know he stepped in gum,0
901,d302cu,my mom found an albino praying mantis in her garden,1
902,bsnjph,tequila bottle stopper is another small bottle of tequila,1
903,chdhhdh,a hawk having a bad feather day,0
904,cvq1ct,stain that looks like a llama,1
905,cal9w0c,wait what,0
906,c4le3hc,slightly higher res,0
907,cg5u8s,kodos hiding in the fruit bowl collage on the back of this chair,1
908,97whfn,the nazis invade france th,0
909,bcnqir,this leaf is both summer and fall,1
910,7bnqvd,this american apperal model,1
911,2h913u,peta wants accused cannibal killer fed vegan diet,1
912,cr1jmw,i drew a hexagon and divided it into triangles for a math problem all of a sudden i discover that i created an optical illusion of a d cube,1
913,cnbfde,whiskey coke stain on my table,1
914,5b6pnx,dog in front of a wall,1
915,1rpxg7,police distribute roses to marchers in punes third gay pride,1
916,c64mhte,she didnt inhale,0
917,b0k4h4,xeudonym cigarettes,0
918,cbfi9vo,hurrah,0
919,cac2xk8,a chilling image of the titanic,0
920,71irsi,mr chair was happy i sat down behind him,0
921,biyqa4,working on his google car,1
922,3399wq,brazils fifa world cup winner paulo cesar sells medal to buy cocaine,1
923,7mqrat,police photo of david carradine dead in his hotel room closet,0
924,aupxpq,little dog survives nights in the woods after family involved in car crash,1
925,377h0l,the things this table has seen,0
926,bi22yd,our firepit,0
927,c8odxp,they still use these psp plastic boxes,1
928,1eiqxu,santa claus lookalike,0
929,coiyopt,bad day for a mud treatment,0
930,cyf7cwu,take him out han,0
931,cdbwdk,creativedisguize,0
932,5xjxzl,fanfriendly event kicks off iditarod race across alaska,1
933,c7hmb8c,i would like a oneway ticket straight to hell please,0
934,54v5q1,tom hanks runs in to a wedding party in central park,1
935,3omnxc,whale cheese,0
936,44hb75,this knife catching monkey,1
937,3xu7kz,milky way,1
938,dcxoy36,while you were ruling i studied the blade,0
939,66q32j,three years ago they denied me coming out to be a better conversationalist dont ask yesno questions,0
940,ce7fc73,other discussions,0
941,4o4slf,marble bears,0
942,4xntip,london under a thunderstorm,1
943,bn0vtl,car ride devoted to explaining what things will be different about grandma this visit,0
944,as2z7x,this tree looking like a surprised ent,1
945,5eqevk,the last known image of the challenger crew before their demise,0
946,2lvfnv,south african ventriloquist challenging gag order on his puppet,1
947,6ohaut,licking the leaning tower of pisa like an ice cream cone,1
948,d0v1yiw,sorry policy is policy,0
949,cboap6w,they seem so small,0
950,5mrlgs,gun was given back to florida shooting suspect last month because guns,1
951,6i8ief,imam stops angry crowd from assailing london van terrorist,1
952,1ok0da,guy jumping off a ledge,1
953,axazzl,inside a traffic signal control box my brother is a lineman and sent this to me,1
954,cfagabm,other discussions,0
955,8yykgn,kim kardashian and ray j sex tape,0
956,cv8wvzk,oh yeah thats totally it,0
957,ar9dnn,otter footprints i found today on the yorkshire aire riverbank otters were nearly extinct in the uk in the s due to pesticide use but it looks like theyre flourishing again,1
958,cyf6yt4,thank the maker this oil bath is going to feel so good,0
959,7uqrjr,do not resist,0
960,ctsouj,walmart cashier keyboard,1
961,dh3z3g,my local laundromat has a vending machine that still has old soda logos,1
962,2f6kuo,widowers beloved photos of wife returned,1
963,cazc8no,other discussions,0
964,bufra6,extra movable back cushions at a restaurant i went to,1
965,2dvrtc,hysterical seal,1
966,4b5fl8,new laptop coolerstand designed with ultrabooks in mind,0
967,drjssqv,available here,0
968,b2xlk0,kazakh leader nazarbayev resigns after three decades,1
969,cvt5ppa,you cannot share with burglars,0
970,c4e8gem,my first thought,0
971,da1rroz,kids with guns,0
972,c70jp1c,how the world really ends in,0
973,d6et0k,how the condensation on this can formed a very even sheen of water,1
974,2m0jua,archictects designed built custom cat homes to raise money for a feline charity,1
975,ctzi1r3,excellentttt,0
976,45evi4,brilliant interview made me pause in my day to hear this from a yo boy,1
977,6zdj1j,you wont believe insane gifts saudi arabia gave trump,0
978,cotdjfj,fourth estate,0
979,98wajf,crane lifts skyscraper,0
980,39ca97,your father called he approves of these deals ebays fathers day marketing campaign receives backlash on twitter,1
981,cgnmwx,when the flame in this lime kiln trips you can really get a sense of how much heat it takes to burn calcium carbonate into calcium oxide,1
982,chof2ut,cutouts,0
983,rwbpe,coach wins national title takes entire team to new school,1
984,dokdp,dadt we have to give them hope,1
985,991ppd,sir clive marles sinclair founds sinclair computers releasing the iconic atari,0
986,b0qcjf,new tabs on canned drinks,1
987,9g2b4h,seven doggly sins sloth,0
988,6jj9rr,tape released of trump saying he spies on naked girls back stage because im the owner of the pageant,1
989,5adfqz,dressed up cat for halloween,1
990,6bwkgm,president sanders,0
991,d5qaf7,oshkosh wi grate with the citys accomplishments,1
992,7alkks,two humans dressed up as lego bricks,1
993,49j8xq,gun industry works to rebrand silencers as hearingprotection accessories,1
994,c0xz3z,this motorcycle parked in the park,1
995,cdihmg,my grandpa far right and his classmate voted most likely to succeed in his machine th aero squadron france,0
996,ddtp0e,old homework from kindergarten has unfortunate wording,1
997,4nn05z,english hooligans in france today met some russian hooligans,1
998,c75105,this pizza place is growing pineapple in the window,1
999,bp2gqr,took the plastic cover off of some slap bracelets to discover theyre made from old tape measures,1
1000,9gcb7p,view from an abandoned bunker in the marin headlands,1
1001,c0ahfp,dr seuss leaving the court room with audrey dimond after his infidelity led to the suicide of his cancerstricken wife helen geisel,0
1002,athhtv,pistols and dicks,1
1003,40vsne,mao zedong statue head,1
1004,2c3hdt,one direction is divided over gaza,1
1005,934gnh,first time posting kind of shy so please be nice let me know what you think ps i would like your dirty comments for myself later,0
1006,7cu6qk,polkaroo friends,0
1007,artoyi,honest work selftitled,0
1008,1hvfgl,dog sitting on a chair previous poster deleted image and i spent ages making one,1
1009,9f9hox,went on a km trip and waited for this the entire time,1
1010,3wqmsi,my food container is adorable,0
1011,cpdoz1,a flat whopper with everything still inside,1
1012,azcoiw,the inside of my mouse has a hunk of metal to make it feel heavier,1
1013,zpywb,kettlebell splits,1
1014,3y8x2c,thousands in donations pour in for busboy who turned in envelope with,1
1015,caz4sm,the wall at this restaurant is made up of broken plates,1
1016,cbmrwf,this unopened board game is old enough to play itself,1
1017,cmft8u,the food truck i just went to has d printed order numbers,1
1018,clh6ak1,old school aligator wrestling,0
1019,4bvho3,jury rejects fraud claim thomas jefferson school of law the thomas jefferson school of law did not defraud a graduate who claimed she based her decision to enroll on misleading information a split jury decided thursday in a widely watched trial,1
1020,7jm9r6,broadband over wet string tested for fun,1
1021,9dtn5k,coin eater defender of the shopping cart,0
1022,87y5uv,operation another storage unit,1
1023,5tthsl,us department of education misspells name of civil rights activist web du bois then misspells apology tweet,1
1024,8wbrnd,hanging kitchens of appingedam the netherlands,1
1025,uilhi,us government denies zombie apocalypse,1
1026,chfw9as,cutouts,0
1027,1iylph,you can just leave me here man wait please,0
1028,bu8ynw,sky separated in two,1
1029,691aeh,this was always my favorite ride at the county fair,0
1030,cm2ala,this man with a burrito blanket,1
1031,7m0zrl,delaware vaughn prison riot settlement now raising new concerns,1
1032,dmc1t14,academy awards,0
1033,bz4ybj,the colonists begin to show their frustration with the sugar act imposed by british parliament,0
1034,bab2p5,look at these haunt water shoes,0
1035,bhudne,joe biden questioning anita hill,0
1036,ctjiws4,saving,0
1037,ce6odw0,other discussions,0
1038,1zggek,arbys wins ebay battle for pharrells grammy hat,1
1039,djqdke,my brother was snacking on some wine gums when a wild fidget spinner appeared,1
1040,bbv20q,the odometer of my car about half an hour ago,1
1041,d86e0o4,finish him,0
1042,dctljk,my cats stripes decided to line up with the rug today,1
1043,54wsx0,the blob fish has been considered the ugliest fish in the ocean marine biologists recently discovered a new possible competitor the scarecrow grouper,0
1044,coo2du,whole foods change one of these things is not like the other,1
1045,d703m3,i have two forks in my plastic package,1
1046,b1lra5,this car is a mix of a scion xb and a pick up truck and colored very strangely,1
1047,2g17cs,my son loves darth maul he got a lightsaber just like his he posed like this and told me to take a picture,1
1048,65rtxz,when what you have to write about is so pathetic you just say fuck it,0
1049,c6hfff,the crust of these trees look like camo,1
1050,488h3a,this hardrocking egg,1
1051,d3zpxn,automotive engineering myanmar style,1
1052,c7dae1g,i added a little j j abrams to it,0
1053,dq205gg,age of turkeys,0
1054,e8xcmrb,httpsiimgurcomrqmvejpg,0
1055,ci7s7a,a slug bigger than my finger,1
1056,chghuzb,always late to join in on a trend,0
1057,3v25k9,ted cruz i stand with robert lewis dear,0
1058,5j4391,dog inside trex mouth,1
1059,2swzon,wiped my face on this napkin and it came out looking like some suspicious eyes,0
1060,cecbdhk,other discussions,0
1061,5y5io9,a close up shot of an aspirin px x px,0
1062,c9pkfl8,ohmygodohmygodohmygodohmygodohmygod,0
1063,dczsw4g,you will be with your family soon i promise,0
1064,5ampjg,bernie sanders impromptu speech required a ladder to address the throngs of people,0
1065,845mgd,the flying dutchman,0
1066,9bbfsc,man charged in rainbow gathering assault near grand marais,1
1067,c6j9cf,some yr olds in my school made a grave for a cork i see a cult forming,1
1068,cx0nwi,maharashtra flood unsung heroes of sangli who saved over lives,1
1069,7igzhv,former nbc employee matt lauer in his office,0
1070,cca1acz,other discussions,0
1071,cm9ql50,namek speak,0
1072,cds1nw9,other discussions,0
1073,da5ycdf,oooo what does this button do,0
1074,erfk9or,httpsiimgurcomctsiugnjpg,0
1075,5e96ck,how come i cant take the revolution next,0
1076,6ddmcb,security services missed five opportunities to stop the manchester bomber,1
1077,5kwsvp,are you homeless you are at higher risk of insomnia and daytime fatigue,1
1078,14hkpb,north korea in financial trouble after blowing million on tributes to dead leader kim jongil,1
1079,c6tused,fabulous,0
1080,cdbpbi0,high five bro,0
1081,4nf7z6,the pros and cons of forprofit colleges,0
1082,bd83t9,my steve miller band album has an original order form in it i got it from a thrift store,1
1083,9dvvcl,this restaurant uses jenga pieces as table markers,1
1084,c5rdhf,this bag is giving me serious side eye,0
1085,d0jomy5,im always angry,0
1086,19wvf7,a gymnast in midlanding,1
1087,cwucxsp,buildafriend,0
1088,1eh3gy,gustavo dudamel conducting the orchestra,1
1089,c6gcz57,royalty that rocks,0
1090,4zl1k2,his eyes are too close together and his teeth look a bit off,0
1091,cf0otam,please welcome to the stage one direction,0
1092,9002zc,this dogs ass looks like god,0
1093,95r33d,use of soviet suicide bombers circa,0
1094,exeax48,map of mars,0
1095,b9jru6,my cracker split perfectly along the side,1
1096,d0a28z,each suit is wrapped separately,1
1097,2yf7oy,study says men are more narcissistic than women,1
1098,cf3ia92,doge running through field,0
1099,2hl5ew,he was towed for your sins,0
1100,4miwyn,illustration of the odyssey,1
1101,3xfdnv,the new preschool is crushing kids todays young children are working more but theyre learning less,1
1102,czbgws,this check mark shaped hole in a leaf i found,1
1103,aysc3o,doctor tells patient he doesnt have long to live through hospital robots video screen,1
1104,10mu9f,let me just get my books out of my gorilla,0
1105,ddqt0gy,shhhhh,0
1106,bpymmx,this mnm has a nipple,1
1107,c1skb6,mastercard to allow transgender people to use their chosen name,1
1108,94j1ht,this pointing cat,1
1109,cjtb20,my corn has a mini corn sprouting from its side husk and all,1
1110,bajp2c,this door i seen at an abandoned parking structure in my city,1
1111,5cfyn0,a quarter of americans will have access to legal recreational cannabis,1
1112,cy6gphl,dance battle,0
1113,cbgpcbu,bieber loves his fans,0
1114,8gr4am,no bulgarian antinuclear war poster,0
1115,8o8l2g,a group of mexicans attempting to climb over trumps wall,0
1116,chxt5i,even the flower buds and stem on a pygmy sundew are covered in tiny hairs with dew the mucous that digests insects kn the ends,1
1117,38jadr,melted calculator is happy to see you,0
1118,4ocw3k,eagles quarterback wentz saved from gas station bathroom,1
1119,494nog,zionist posters from ww mandatory palestine ww,0
1120,c1m0jr,what should it be called,0
1121,3oahs7,cocks not glocks dildos to replace guns at utaustin campus carry protest,1
1122,c99nh4f,you talkin to me,0
1123,atx6da,this iridescent puddle on sidewalk earlier today,1
1124,80in0f,hmb while i throw my friend get away from a straw midair,0
1125,ccytwk,time on receipt is,1
1126,67bwbt,entire us senate to go to white house for north korea briefing,1
1127,cjpw3bc,cutouts,0
1128,cd63c86,problem solved,0
1129,6pivpb,all hail our chicken overlord,0
1130,cl3nh9d,cutouts,0
1131,bvliys,this nut that landed in my balcony flower box and began to sprout,1
1132,5pdkfu,keep punching every day author unknown war production board c,0
1133,6watst,us sanctions iran over satellite rocket launch,1
1134,15agf2,what the bible is all about,1
1135,bmly81,someone dressed as the joker is stealing from toronto restaurants,1
1136,bxnsu5,stonewall riot apology police actions were wrong commissioner admits,1
1137,5boxqm,home decay,0
1138,cof0hew,climb that ladder kitty make yourself famous,0
1139,dapqu3,this sign inside a nightclub,1
1140,bo8eib,southern gentlemen the party cant go on forever requested by utdgtroy,0
1141,dc3j2rc,lazy pandas,0
1142,d3oxiuz,the creator,0
1143,djvjub3,from the top rope,0
1144,8cyh6n,man walking surrounded by law enforcement,1
1145,8rbvom,a reallife hacker reveals what you should stop doing online,0
1146,cjo4gtd,cutouts,0
1147,bigj2v,a pigeon eating chicken,1
1148,cb81h9z,that gum you like is back in style,0
1149,1oj6wu,the latest chinese beach craze facekini,1
1150,2aemcf,want to see whats up my negligee,0
1151,55f2mz,obama talking with leonardo dicaprio,1
1152,8nywve,love is in the southern ocean in the southern ocean in the air and hope it hits someone,0
1153,cni7ay,angrysuprisedposh cat,1
1154,cn8sitz,the rugs kinda small,0
1155,bc4vt9,father and son pay steep price for illegal bear kill,0
1156,b6dsx0,this giant oarfish,1
1157,1073ti,suspected high school automobile arsonist a squirrel,1
1158,52d66b,giant insect writing on a chalkboard,0
1159,17l8zh,how the hun hates british antigerman poster,0
1160,2mib8u,kubrat pulev making funny pose trying to show hes ok after just getting knocked down by klitschko in title match,1
1161,ckrupj,vladimir lenin describes his political ideology to a russian peasant circa,0
1162,7cdvb9,plastic pollution from the ocean is being used to make designer sunglasses about kilograms of waste are collected for each piece of eyewear with most of the rest recycled for other uses,1
1163,b1oipc,i dropped an ice cube and it split down the middle in a line,1
1164,avykvj,some nice movie popcorn,0
1165,88l82n,help question about pc performance,0
1166,3sqdvd,order to take baby from lesbian couple reversed,1
1167,2ld6p4,red wings coach mike babcock gazing into the distance,1
1168,avkqdi,mammoth complex function and orbital,0
1169,bkp5de,a caution pylon that signals and dries a wet floor,1
1170,d148sd,asteroid warning esas chilling imminent earthstrike prediction millions to evacuate,0
1171,2inw60,google adds custom pirate bay search with autocomplete,1
1172,6klx5c,homeless man who tried to kill himself is now a millionaire businessman,1
1173,cvix7ny,super spooky s snapchat mask,0
1174,56v5bd,undaunted postman delivers letter to wexford lighthouse using map drawn on the envelope,1
1175,clrqobo,in swedish lore easter eve was the night when the witches went to their mountain from where they originated,0
1176,4rzn99,targetfellow summon up the blood,0
1177,c9716lg,fun at the beach,0
1178,5pp4ok,video passengers cheer as woman berating trump supporter is kicked off plane,1
1179,9jsrq6,box of ramen looks like its floating,1
1180,c3sxox,conjoined mushroom,1
1181,6h1df7,i dropped out of college twice and it didnt matter heres why,0
1182,60qddh,man burns down parents home kills three pets while trying to exterminate ants officials,1
1183,dys8fng,tthtth every damn one,0
1184,72lmno,travel ban extended to chad rescinded from sudan,1
1185,58g34h,characters i created to teach my kid about dental hygiene that have unfortunately come to life,0
1186,c81h9hn,approached byaaaahhh,0
1187,19ntrl,justin bieber pointing at something,1
1188,cfncaj,this at the corner of a planter at the ymca where i exercise a tiny door perhaps for gnomes,1
1189,2gir9t,some girl on instagram posted a picture of a huge shit she took,0
1190,7clod9,trump weird group handshake,1
1191,cda7nu,found this in rciv i have no answer on what it means,0
1192,2se3f5,four girls four expressions one amazing thing,1
1193,6jk5nm,our glorious lord vader is a great keeper but no one ever talks about,0
1194,44ts38,beyonce chris martin and bruno mars perform during the super bowl halftime show,1
1195,4ccq1p,ow my eye,0
1196,6zcg0o,a cat hiding from hurricane irma,1
1197,9fscje,fire at a candle factory miles away,1
1198,3hrm97,michigan house votes to repeal laws against cursing in front of women hosting walkathons,1
1199,115b69,i found a bunch of these happy bastards mingling at the local department store,0
1200,dkmsg2,fractal vegetable,1
1201,2a091n,this is my dog when i have chipotle,1
1202,dac73m0,ents,0
1203,chrddeo,cutouts,0
1204,d259w4,this cars been parked here so long plants have started to grow,1
1205,5528ja,townville elementary firefighter praised for tackling teenage gunman and preventing school massacre,1
1206,da46sm,this press coffee maker with hour glass to keep track of the brew,1
1207,97x1wc,nyu makes tuition free for all medical students school has raised more than million of its estimated million needed to cover tuition in perpetuity,1
1208,6aeq5n,macron campaign team used honeypot accounts to fake out fancy bear,1
1209,dzgkfp6,shrek,0
1210,bz7xzt,i got pizza rolls in a pack of,1
1211,y5m8n,a man and his dog,1
1212,343wvl,man dancing to michael jackson as opposed to looting put a smile on my face despite whats happening in the rest of bmore,1
1213,d692kh6,patch,0
1214,bwhb4e,louisiana lawmakers opt against setting minimum age for marriage,1
1215,28i9pn,freedom of speech and its doublestandardd applications are being abused more every day modern billy simons,0
1216,cjb5mu,this wifi extender outlet,1
1217,cwc7f7n,inside the monkfish,0
1218,cujgx5,my sandwich shop includes baby carrots in a tiny bag with every sandwich,1
1219,ck7fldg,other discussions,0
1220,12qj8z,witchdoctor predicts obama win,1
1221,av4qaj,braille on antibiotics packages for visually impaired in germany,1
1222,cnyncj,got an unexpected shot of the milky way in a parking lot i have never seen anything as amazing as this,1
1223,c9j03jn,less pleased,0
1224,cc3j4z,every summer my dad saves the wood ticks he finds on him on a piece of tape,1
1225,6dohl1,rare photo of buzz aldrin exploring the cosmos,0
1226,7kkb3w,snow leopards sighted for first time ever in eastern tibet,1
1227,dgfs5ro,vapour machine,0
1228,31ma09,finding a stranded puffer fish on the shores,1
1229,7vbf93,n s f w tight grip,0
1230,bujcvu,mueller if we had confidence the president did not commit a crime we would have said so,1
1231,1eiwn0,man sitting on the fun throne,1
1232,cw67r2a,justin i have to tell you something,0
1233,85nh4t,this celebrating badminton player,1
1234,5aun6p,the one thing people always notice about your home,0
1235,1w51ya,my friends purse scares me,0
1236,c6sevg,this toilet with instructions on how to flush,1
1237,azembq,a baby corgi in a move that is the best title,0
1238,1fdj6k,angry woman with air horn lunges at a man who decided to flash his penis at a feminist rally,1
1239,collb2,sap coming out from the stem of a mango,1
1240,3ehdts,marshmallow penguin,0
1241,5wyb1w,lava flow in hawaii most interesting facts about video gamesfacts about games,0
1242,rrwtj,kdfwagen later known as vw kaferbeetle savings scheme late s,0
1243,2w1d4n,this paintball guy,1
1244,cm2daa,this toilet seat i found in a restaurant in sibiu romania,1
1245,5kpr4d,seattles struggle to prosper and keep its soul seattles pioneering initiatives target severe inequality left in the wake of techdriven growth they could become a model for other thriving cities,1
1246,66akwf,nathan fillion vs alan tudyk lightsaber battle,1
1247,baeng4,my flower has another flower growing from the center o,1
1248,33gukl,koch brothers to let jeb bush audition for their support,1
1249,6k0feh,scamorza cheese that looks like a pig,0
1250,cqcode,one of my neighbors has a free mini library on their front lawn,1
1251,byjdz5,no need to charge my kindle for the next years then,1
1252,d0ov2xx,i was outta ideas,0
1253,9dx3um,this charger has a touch activated light so you can find the port on your phone,1
1254,bcvaqe,when your bathroom cabinets looks like a tron recognizer,1
1255,ci8zmvn,doo do doo do doo,0
1256,cego4t,i found the tiniest inch worm today,1
1257,cps9ei,my vacuum left awful marks on my stairs,0
1258,c6rlbxl,done,0
1259,cu9tp1,two hong kongers naruto running against the police too fast to be captured by then current technology,0
1260,6cxw5t,czechoslovak poster about east and west germany s,0
1261,by0o04,this little guy,0
1262,2d0zzg,w n,0
1263,5sn48z,lonely pensioner flies km to join new fishing mate,1
1264,5nt0tq,news taking precautions donald trump is having the teeth of all of his cabinet members removed so they cannot bite him,0
1265,cntyai,this paper from that i found,1
1266,16j88o,in the mist of life there is death influenced by the recent discussions on suicide,1
1267,8ja3od,ill literate the conditioned american,0
1268,c5wrdg,this ad that looks like shes spraying her kid with a hose,0
1269,cvizdp,a ton of radios stacked up from the bottom to the top the s,1
1270,8o19zh,lebron with his suit shorts,1
1271,cvpojd,my next appointment is on at,1
1272,1n2tgh,military mother surprises daughter at wisconsin badgers football game,1
1273,bkl9tr,these ants thought that my doorphone camera would make a nice nursery,1
1274,2f376l,roaring pug,1
1275,53h00m,donald trumps most offensive tweets,0
1276,1jasao,if someone is gay and he searches for the lord and has good will who am i to judge says pope francis,1
1277,c4wn4ej,earthlike,0
1278,ddi7mxp,belly putter,0
1279,2juuhh,i need to get a new mugshot wanted man taunts nz police on facebook page,1
1280,4zp0wu,homeless man handed in wallet gets rewarded with job and flat in thailand,1
1281,bha4nc,the dripping water slowly wearing through a concrete floor,1
1282,2uh1zc,office sex romp under investigation,1
1283,ch3o1jd,phone home,0
1284,cmbessw,here,0
1285,2692ru,this ice girl taking a tumble,1
1286,bxvx72,scientist create a visualisation of what taking lsd is like,0
1287,63bo46,the slow pace of baseball makes it perfect for its blind fans in korea,1
1288,5gaugh,nadia murad escaped yazidi isis sexslave on why she will continue to fight persecution after group vows to recapture her if its going to take my life alone to save lives of millions of people and to expose the crimes they have committed then thats fine,1
1289,2ysmf3,baby squirrel enjoying milk,1
1290,c8npshy,some men just want to watch the world burn,0
1291,1tj7rn,close up of a guys face under water,0
1292,9ithby,jesus christ receives the crown of thorns circa ad,0
1293,co0alwl,aiming to be subtle,0
1294,ctgp5x,cause of the dust bowl,0
1295,63ai6i,another train derails at new yorks penn station one injured,1
1296,arnyr5,this pack of matchsticks resembles a pokeball,1
1297,1z1hjj,im teabagging jesus,1
1298,bsv903,this pile of dirt is actually a frog took me a minute to realize that,1
1299,8ynro4,napolean and his bodyguard visit the pyramids th,0
1300,c2mu6r,from the movie dave made a maze,0
1301,2ojlry,calls for children to be banned from sitting on santas knee,1
1302,2cyp5e,bill murray with an electric guitar,1
1303,4rrter,this overlyexcited birthday dog,1
1304,d2n6wg3,soviet relations,0
1305,bj4gab,messing around colorado when i see this steel tubing bent into the shape of a lightbulb,1
1306,22lu7p,cesar azpilicueta shouting at the referee,1
1307,83xg5p,malice til death do us part requested by ushurdi,0
1308,b5545w,raytheon developing the agc,0
1309,11ee24,smug tree,0
1310,d7bu9v,spider has a judgmental alien on its back,0
1311,cp16cq,this flower growing from a rain gutter,1
1312,cdyg0ke,done,0
1313,3j3ssg,florida woman arrested after burning car found in possession on over cloned credit cards kicks them in groin then offered oral sex,0
1314,7goxi8,closed toilet seat alerts michigan man to earlymorning intruder,1
1315,cffhj65,the chinese divning team with a twist,0
1316,7zj4fp,vladimir putin left and donald trump right have a secret meeting,0
1317,ces4bp5,other discussions,0
1318,9etodh,soviet cosmonauts beat america to the moon,0
1319,5rbovp,what the hell does ryan gosling pull out of the oven in la la land,0
1320,dg6uiz,a double decker smore,1
1321,b210jm,my friend whos retired taught himself a web page making and spent couple years to create an educational web site its not fancy web site but he worked real hard to bring up this far i present you teachers paradise iplaystudy,1
1322,coghcjr,mogarita,0
1323,az7w7s,unexpected hammer time at chicago hotel,1
1324,d0rzfl,this picnic table has a frog conquistador on it,1
1325,663unn,laboratory has served premature babies million ounces of donated processed human breast milk to give them the best chance to survive,1
1326,b2yc1v,people told mahdi the magician his body would make his dreams impossible but he refused to quit,1
1327,b7933q,famous civil rights group suffers from systemic culture of racism and sexism staffers say,1
1328,1czcaa,north carolina senate blocks testing themselves when passing welfare drug testing bill,1
1329,2p3som,sd state officials have pulled dont jerk and drive ads,1
1330,62snd7,crowdfunding secures norfolk island green parrot insurance colony,1
1331,1jhnt2,saggy pants have contributed to mans fall,1
1332,3hz0ts,my little pony found in pork fat,0
1333,ccy1t46,other discussions,0
1334,18qqus,hitler and frankenstein contest india vote,1
1335,coornef,pug birthday party,0
1336,54ywma,i sold my gtr,0
1337,ck79ygu,dont act like youre not impressed,0
1338,ymdq9,ussr oil propoganda,0
1339,9c2k30,the first s is upside down,1
1340,cck9nji,other discussions,0
1341,c5m2bm3,nert berd her,0
1342,3d4n7s,didnt notice this guy was in the toilets with me,0
1343,38djxw,brazilian journalist tries to interview dead man at crime scene,1
1344,cq724t,this is alaska am in the summer the sun never sets,1
1345,2gja8x,paper apologizes for cartoon comparing air travel to slave ships,1
1346,5qvwnl,fake news is about to get even scarier than you ever dreamed,0
1347,5ujqb2,the macedonian teens who mastered fake news,1
1348,ck68mmx,slinky,0
1349,ccxm53,supersized handicap parking spot,1
1350,dy28ddt,it seems obvious,0
1351,cnksn98,wrong place to set up tent,0
1352,3vzucv,mrw my gf with a catchy beat,0
1353,1qvyjj,sa woman kylie fiona henry tells court she did not rape boy but did have sex dream about him,1
1354,cob1mxb,i dont want to beat a dead shark,0
1355,cvzg6za,ready to rock,0
1356,ctrct1,collapse of the soviet union,0
1357,95u3h9,excuse me what just happened,0
1358,cv2ptuh,available here,0
1359,bjtr88,how the raindrops i wiped of on my pants look like a little raincloud,1
1360,dh64au,creepy ass face looking windows in this roof,0
1361,b1drq6,barista promises youre totally going to love the star wars latte art you totally didnt ask for,0
1362,16960f,britains first atheist church opens its doors,1
1363,d35bupv,daenerys new grey dragon,0
1364,cb1ydbv,the more you look at this picture the more it looks like prince harry is riding this woman,0
1365,8h3tjj,samuel l jackson offering me a hit from his weed pen,0
1366,cl6os0y,cutouts,0
1367,d9vxk0,this podium in the middle of a public park in my city,1
1368,3m6ytc,miles glacier bridge,1
1369,ba4qeo,sosnovka bridge incident,0
1370,3gmd83,missing texas dog found miles away in florida,1
1371,cotswl6,hey bartender,0
1372,c5p0s9u,imgur,0
1373,ckfbm7c,teh bogussattva the endless searcher,0
1374,cj2u3py,cutouts,0
1375,ddu1ml,john gottis autopsy,0
1376,1sddxl,honeyim home,0
1377,cuyzmj,this cap has brail on it,1
1378,ccf8s8,career outlook in,1
1379,cf2uxn,in the states there called wavy chips instead,1
1380,2f84c7,former canadian nazi runs for office in ontarios cottage country,1
1381,8fht1o,texas voter id law does not discriminate and can stand appeals panel rules,1
1382,d5llkcn,got you,0
1383,czcnw8x,the beginning of yoda,0
1384,70ad9j,ps battle this giant schnauzer,1
1385,cb74sz2,no doubt,0
1386,2ieqrn,beats claims nfl players dna affected by headphone ban,1
1387,4kq3wk,donald trump takes poll lead over hillary clinton is it time to panic,0
1388,zoger,teacup pomeranian with clawish hand above it,1
1389,eyhntlm,available here,0
1390,9flv9k,this year old acknowledgement in a copy of the little prince,1
1391,bk73g7,report feds investigating claims pritzkers removed mansions toilets to get tax break,1
1392,deq6mk,nucleus nucleus,0
1393,cibiw0,my name is ever so every time i eat this i cause a paradox because you are what you eat,1
1394,3vtf8c,photogenic dog,1
1395,15itxp,finished wrapping my brother in laws christmas present,1
1396,ckip26b,cutouts,0
1397,269j0z,my sisters cat,1
1398,cgxbyth,cutouts,0
1399,7g0wjv,girl in a bar,1
1400,ekaxhae,im not afraid i can fly,0
1401,cj5tkyl,very unenthusiastic indeed,0
1402,1xtvqn,crocodiles are able to climb trees study reveals,1
1403,3fd8fu,cat fighting with a table leg,1
1404,cwisww1,turkish delight,0
1405,8fk3ek,michael cohen admits he has something to hide sort of the yew norker,0
1406,2w31vq,sunset on the beach in cleveleys lancashire england ocx,1
1407,7pfn6s,presidential dinner,0
1408,3ge52b,phoenix police officer caring for discarded kittens,1
1409,c24aqx,this decoration that looks like a flower and a skull,1
1410,807a8d,set up the charge to the bottom,0
1411,7dyq5p,pharaohs of old the new plague,0
1412,4afksc,black cat mid yawn,1
1413,78eaxo,my wife took one look inside and bought some soap from a human or animal,0
1414,59ut24,moms delicious pancakes on a cast iron skillet,0
1415,c5ugvhb,id watch out for this one,0
1416,4hkhhg,surprised,0
1417,bjc6ll,this banana has a name,1
1418,bv5y3t,my airbnb in wales had a fire bath in the woods,1
1419,cbznpfa,you meddling kids,0
1420,8xsf94,my sister inadvertently made a mickey mouse leftovers for my dad to eat,0
1421,b5zb1n,article memes exempt as eu backs controversial copyright law,1
1422,8j3zdd,rare behind the scenes print of first draft van morrisons moondance cover,0
1423,c5orlwk,you never go back,0
1424,c97xm89,this shop is bad and i feel bad,0
1425,3es3xh,turkish technology firm boss distributes million to employees after sale some employees cried some screamed some wrote letters of thanks,1
1426,1uvmnj,neighborhood of trastevere rome,1
1427,2cmeoq,im wearing big kid clothes,0
1428,4lssv4,noticed a smile while i was cleaning,0
1429,1bw03w,study walmart most popular place for people to fall in love at first sight,1
1430,2sjxjk,much eager bride walking towards her soontobehusband wedding photo by rich howman uk,1
1431,44av33,new york post photos leaked of congressman exposing himself behind desk n s f w,0
1432,dc1ou8t,just for you,0
1433,atkxnv,traded my friend a slider at lunch for an egg salad and this is what he brought back,1
1434,buuuzj,australian egg boy donates to families of new zealand shooting victims,1
1435,4hqa6q,when you go all out for a new alltime national league record for the no,0
1436,bkj5ey,a cloud man is overlooking our town today,1
1437,6h4npr,milq qarton cafesyria,0
1438,dduiiv7,starstruck,0
1439,apla6m,amy klobuchar pledges to fight everyday americans,0
1440,9ijzq1,resources variety of life,0
1441,5x7ls7,pm of canada justin trudeau shows off his passion with toys this time of year,0
1442,cjmxvew,cutouts,0
1443,8byc5b,this sad lamp,0
1444,c99zfgf,here you go,0
1445,chxw9kb,its fun to have fun but you have to know how,0
1446,cfhq0iq,knight,0
1447,d32t328,the uk police officers werent too fond of the avengers,0
1448,cvfc515,suggestive,0
1449,dczg8ai,the karaoke master,0
1450,cwt2w6,instruction for peeing,1
1451,5iphzz,putin on the hunt,1
1452,cl0a0uv,cutouts,0
1453,1cuk47,bill nye pretending to be monster,1
1454,cl7dclr,hes gon get me next,0
1455,8mjvyk,president george hw bush hospitalized after experiencing low blood pressure sunday,1
1456,d7rehu,amazing light projection,1
1457,27udk5,found this guy while unboxing a wii u,0
1458,11y7z6,mitt romney and wife looking excited,1
1459,czm7r6p,great minds think alike,0
1460,8vsiy0,moldy white castle burgers,0
1461,2h1n06,a pretty hedgehog with flowers,1
1462,cwbnaaf,lets go fishin georgie,0
1463,cbdukng,everybody do the swim,0
1464,7y11ph,bobby hurley freaking out at a ref,1
1465,1un99b,study finds white americans believe they experience more racism than african americans,1
1466,cebwy0p,other discussions,0
1467,bq2z4i,found a copy of the daily express from under the floorboards,1
1468,8ulek8,a baby was treated with a nap and a bottle of formula his parents received an bill an er patient can be charged thousands of dollars in trauma fees even if they werent treated for trauma,1
1469,dc2g1n8,its pronounced eyegore,0
1470,91cvlt,protect the power of the proletariat hungary,0
1471,2azefj,the gnome that lives in jaoquins forehead,1
1472,3asljq,hackers steal data using gadget inside pitta bread,1
1473,d3ky1pw,the important world leaders and their bodyguards,0
1474,9b5myf,my shoes came with a handle rather than being packed in a one time use bag,1
1475,41750c,american airlines flight attendant injured during severe turbulence,1
1476,c7olb30,get it off,0
1477,1eggnc,hes seen some shit,0
1478,cmtrixx,apocalyptic,0
1479,65fz04,ikea donates doll beds for cats at animal shelter,1
1480,2uqzia,map by the toronto transit commission whose slogans include ride the rocket and the better way,0
1481,cs90ot,this yogurts sale price is more expensive than its regular price,1
1482,co6eyq5,bigger than you think,0
1483,d0g599,the inside pattern of this watermelon im eating,1
1484,2mmu9r,my sleeping girlfriend with her hands raised completely above her head,1
1485,c0kzkt,does anyone else see a tiny dude with an afro in the paint on my wall,0
1486,64h6k2,new york just made tuition free at public colleges for middle class,1
1487,cg2orpv,now thats a nice view,0
1488,cswe81x,commander in chief has to have a proper battlestation,0
1489,d4ppz8t,dead kids of dunharrow,0
1490,bzuv3u,fixed giant concrete teepee acting as a lightning rod at a s dakota rest stop,1
1491,33ehyn,major religious groups worried theyll be branded as bigots after samesex marriage case,1
1492,8mrjlx,bloody dong,0
1493,b3x8g2,this branch that intertwines itself,1
1494,azmpmm,the way last nights snow melted,1
1495,b75azw,in australia they sell fruits and veggies that are funky and they are super cheap the carrots come out with so much personality,1
1496,1ag8lh,levitating runner,1
1497,c4qcstx,had to be done,0
1498,20uc72,syria creates a space agency in the middle of its civil war,1
1499,bkfsxm,more stamps from my great great aunts collection these are mao era chinese stamps,1
1500,cipvs9e,httpiimgurcomfqrdvovjpg,0
1501,6cy9mk,pit bull enthusiastically digging a hole,1
1502,d83gpo,my bus has a plug hole on the floor,1
1503,5rfmqa,gal gadot on the wonder woman set,1
1504,ateq79,this gas station sells unique kindspackagings of reeses products,1
1505,chyahbh,excuse me sir this bear is only years old,0
1506,8j7e6k,thencandidate donald trump moments before being rushed off stage during a false assassination scare at reno nv campaign rally circa,0
1507,1o6lyx,nsa chief alexander wants the media to stop making the nsa look bad,1
1508,cm7ndv,feeling a bit naughty at work do you like my socks,0
1509,cp3sq6,a big ravine in the ocean,0
1510,34n69g,welsh town attempts jam tart record in honour of alice in wonderland,1
1511,d1x9j2d,oops,0
1512,cx1e3k,dogs face on dogs chest,0
1513,d4pd28j,beep beep coming through,0
1514,93wl79,a weekend viking,1
1515,c7t6pxe,staying alive,0
1516,ct1jbi7,im flying,0
1517,5d22bo,little panda,1
1518,90fq8k,the bride waterfall in peru,0
1519,cdlf237,you did well kid,0
1520,c5qitt5,hadoken,0
1521,cwpr3w,i bit into a grape and found another grape,1
1522,c6q4kgf,he doesnt look too good in a silly dress,0
1523,bnpurz,anyone else think that the korean air logo looks like pepsi,1
1524,dnvjmli,samurai trap,0
1525,9k9f78,this surface tension,1
1526,b5e0sq,these beech trees are growing directly out of a larger dead beech tree,1
1527,dnw40d4,then we continue,0
1528,c42nxva,httpiimgurcomvbsjpg,0
1529,2pu6kq,hitchin chihuahua dumped in santa sack reunited with its owner,1
1530,1qxjb8,rapper drake with toronto mayor rob ford,1
1531,9b3r3b,found this on back of what i thought was a cutting board,1
1532,17i1zw,cat midsneeze,1
1533,335cwt,person sitting down with knees up,0
1534,c7qujjt,come at me bro,0
1535,9jmfst,lightning in my back yard last night,1
1536,ces9tsz,other discussions,0
1537,ctky2g,this piece of bread i was given with my salad isnt too happy it seems,1
1538,bfudl4,ai invents a sport for the first time meet speedgate,1
1539,6fkgdk,major trump supporter accused of fatally stabbing black man following bus stop political argument,1
1540,cgxeca8,thebestthebestthebest,0
1541,83ddkh,lord tarantitus high wizard of the world doesnt want to inform that the atheist guy in the prison,0
1542,16y485,my boyfriend refuses to go on rides with me anymore from rfunny,1
1543,by9d9w,these mountain dew cans have different surfaces,1
1544,5nqn4q,year old who was found floating face down in pool and had no heartbeat for minutes is alive and well,1
1545,8ct7nd,mark the zucc zuckerburg being seduced into giving away facebook user data circa,0
1546,c90omlo,exchange program,0
1547,c9tv3h,in bloom ink on a mechanical calculator,0
1548,csjlxwr,kimmy came along,0
1549,ch4kmn,this tonsil stone i just removed from myself roughly the size of a pea i can now swallow smoothly again,1
1550,b1gg6a,i thought the dog was biting his tongue,0
1551,7ftsey,dental care keeps him on the job us public health service,0
1552,cy3zqt,my neighbor has a roof cactus,1
1553,26ic25,camera on irish police van looks happy,0
1554,6yexrs,dont let anyone tell you you cant achieve your goals inspirational blind teacher,1
1555,dzheyuw,traveling on business,0
1556,dfbwcr,im not even mad that my pen exploded im actually suprised on how it was almost a perfect line,1
1557,ci4457o,let go of leonardo you damn tin bucket,0
1558,ctpw9yy,im so confused,0
1559,5hz8xl,the lungs of a lifetime smoker,0
1560,b7mipw,florida utility to close natural gas plants build massive solarpowered battery,1
1561,3o8bfu,tumor on a hippo,0
1562,dgob3e,stun gun butterflies very very,0
1563,9axs1f,are you naziphobic,0
1564,bcri6y,stair in japan shows how many calories you lose with each step,1
1565,cs3s5w,my beers are unevenly filled,1
1566,6f03cj,south dakota judge to lawyers in bpi pink slime case you need to be trial lawyers a litigator drinks wine and takes depositions a trial lawyer drinks whiskey and tries cases,1
1567,61f2jr,tear off the mask of the fascist provocateur ugt spain s,0
1568,coae36y,imgur,0
1569,9efrzc,printing error makes this diaper box baby appear to have heterochromatic eyes or its probably a cyborg,1
1570,b4zpuq,junk art by thomas deininger,0
1571,cfpihbg,whyyyy,0
1572,59qh7n,tiger beetle larvae burrow themselves in the tip jar of my work building and her corruption this morning,0
1573,27ywti,arizona congressional race devolves into war over hispanic surnames,1
1574,5ge1q4,a majority of millennials now reject capitalism poll shows,1
1575,53bsf2,battle parkour via previous winner unclegut,1
1576,ctr8l5f,baby kong,0
1577,ct4gpjg,fishy,0
1578,c0lobq,this cat perfectly caught in the morning light,1
1579,bbs9rg,this bizarre lemon,1
1580,5y9z6l,life our best guesses as to what the hanging tennis ball in garages is for,0
1581,93ac2f,fox with cicle,1
1582,ch94pze,cutouts,0
1583,cpagjm3,stanky leg,0
1584,7y620u,donald trump and hillary clinton at the presidential debates circa,0
1585,d2102u,designers transform prosthetics into amazing art to help amputees regain confidence,1
1586,ctu5rno,its a prefect ten,0
1587,d38qqb,dutch youtube duo arrested at area,1
1588,c59hpxj,what a special bond,0
1589,2gv2m9,iran happy video dancers sentenced to lashes and jail,1
1590,9767yr,minimalists up and over x,0
1591,9ce7ya,this isnt a picture of clouds its a picture of the vast snow and glacial plains of greenland,1
1592,cgjx2k8,nah man i aint seeing shit either,0
1593,apjw8y,nazis explain them selves at the nuremberg trials,0
1594,1w3faf,ferry boat plying the waters of halong bay vietnam,1
1595,1zroqk,local news women eating corndog at houston rodeo,1
1596,cjzbc2,my cats fur pattern when sitting looks like a monkey holding a banana,1
1597,7vt8tu,this guy with laser focus,1
1598,emy6t4l,httpsiimgurcomvzjzlujpg,0
1599,df731w,these mushrooms growing inside a tree,1
1600,b4yl48,i had an eyebrow hair that was almost cm in length video in comments,1
1601,dfdz9m,doha athletics,0
1602,67hlys,group claims russia metro bombing says bomber acted on al qaeda orders monitor,1
1603,ci5820,cat with a waffle on its head,1
1604,39ee90,o,0
1605,5qjbkl,the star wars content janitor,1
1606,83e90e,united states of america arming teachers with guns to prevent gun violence,0
1607,1xt7fu,just got some yeti coolers at work they make me uncomfortable,0
1608,d14fe8u,its the libyans run for it marty,0
1609,cahvzo1,damn drunk driver couldnt hold it,0
1610,76wo8v,plotting bag,0
1611,1q0b2s,whl mascot marty the marmot gets body slammed by fan,1
1612,7kzde5,loud orgies of mexican fish could deafen dolphins say scientists,1
1613,be2zgw,found this green sour patch kid that was mixed with a red one,1
1614,crqduq,from election probably but possibly,0
1615,cijv7cc,radioactive mutation,0
1616,c53i23,goodbye cruel world,0
1617,6240l0,waterheater robot,0
1618,b2pxq7,theres a tiny toucan under the breaking wave in the corner of bill,1
1619,czem2pq,chav,0
1620,ddf3h2,two monkey mugs i found at the same resale shop months apart,1
1621,cu0qn57,blood bag,0
1622,cagbmbq,other discussions,0
1623,djfdxy,my gloves is holding on to my dresser without a hand in it,1
1624,2q085u,johnny manziel after pulling a hamstring,1
1625,2xmdb1,a funnyfaced headshot,1
1626,ccwcpe,some sort of trim on the ceiling walls of my grandmas house theres also a bunch of houses never seen this before have you,1
1627,cacxqs0,i would cry as well if i was in this situation,0
1628,43l7t9,an unshaved sheep named shrek,1
1629,2th5at,total eclipse busriding dog now starring in metro music video,1
1630,d36hai,stretching cat,1
1631,cnh2o94,greatest of his order catuman the white,0
1632,c95pl1,a rainbow cloud,1
1633,cekjg9r,because its there,0
1634,62iiwf,fish with teeth in dentist waiting area,1
1635,9jvzfo,wotsit came with alot of extra flavouring,1
1636,cuo3kkq,among the stars,0
1637,b4lgzz,louisiana man who has spent years in prison on a wrongful rape conviction is freed,1
1638,5d4aw8,hmb while i dive down the escalator on a ship over planks,0
1639,7gwo8a,flynn to testify trump directed him to make contact with the russians,1
1640,d2eqgxi,hanging seal possibly nsfw,0
1641,d9u2zc,this vietnam war coat i have misspelled insects it says insacts,1
1642,cra5k22,merrygoround,0
1643,7ot8z6,bruce jenner reveals himself as caitlyn jenner to kim kardashian for the first time circa,0
1644,cs2gx9,my fortune cookie sounds like they had a hard time with time,1
1645,4qsfya,sheriffs deputy clocks kids going mph in sneakers,1
1646,vvhwj,samuel l catson,1
1647,dgen7l,the day weed was legalized worldwide,0
1648,387lxq,giant kites kill again as japanese festival turns into tragedy,1
1649,t074k,door latch is amused,0
1650,crg94c,screamin kit,1
1651,97j38k,weird fly,0
1652,cdtotxf,the first thing that popped into my mind,0
1653,cwk6hr,andrew yang proposes giant space mirrors to tackle climate change,1
1654,7lna17,are we the baddies,0
1655,4to1oq,dog with unusually long tongue under picnic table,1
1656,8tib42,my wifes coffee cup is surprised to see you,0
1657,45qtx6,couple kissing on a bench whilst another girl sulks,1
1658,x2b7p,meet bobthe pipe smoking dude that sometimes shows up at the local pub,0
1659,ctcgre9,first time posting in ps battles,0
1660,cp0l377,there ya go little fella,0
1661,66hx0t,this guy hates the muzak at work as much as i do,0
1662,2z573b,fat child being suave at the bottom of a water slide,1
1663,4cxnfc,artist says brazilian protesters copied his giant rubber duck,1
1664,3xu6gp,actor nicolas cage returns stolen dinosaur skull he bought,1
1665,asezml,trump administration launches global effort to end criminalization of homosexuality,1
1666,58n8zt,guy sat in a really big clog,1
1667,2liba2,girl taking a selfie with a gopher,1
1668,c917xv6,zidane headbutt,0
1669,6rczxq,michael jordan tiptoeing over other players,1
1670,543u56,they edited the video how ytheroes will kill youtube,0
1671,57iu9r,judge dismisses newtown families lawsuit against arstyle gunmaker,1
1672,cbydw7v,fear so strong it attaches itself onto the body parts of others,0
1673,cxrcad,first attempt of woodstock failed in due to billy mcfarland ceo of fyre,0
1674,d97781h,next up,0
1675,e4tzvfe,shining,0
1676,3x3huy,dog not sure it ready to tackle whatever happened to man at work today,0
1677,c4adje5,no i must be the one to apologize nsfw,0
1678,dbu0q8,this excon started her popcorn business while in prison now its blowing up,1
1679,4g8adu,this uniquely posed man,1
1680,crcdjn,the way this cucumber grew,1
1681,d63voaw,i was unaware of anything marked classified but they damn sure were marked sent from my iphone oh yeah up top,0
1682,z4foo,sad truck is sad,0
1683,3692ak,overly enthusiastic bottle opener,0
1684,958l0g,this dog buried in the sand,1
1685,c5jj1kx,feel my asgardian justice,0
1686,derm50,you can see the circle where they cut into my eye when i had surgery plus if you look close enough you can see the stitches,1
1687,djfwrv,square paperclip,1
1688,2k5x0a,tourists allow boy to urinate in busy eatery,1
1689,7f16zh,for the th year in a row students from the university of maryland school of medicine will provide a thanksgiving meal for the needy in baltimore,1
1690,4gkgh3,bearded wildland firefighter models for a pinup calendar to raise money for a charity that provides books to soothe children during traumatic crises,1
1691,1nqhct,guy crushed to death by his own marijuana,1
1692,cbodwq,this book seies,1
1693,67l893,this cat sniffing a leaf,1
1694,5bxesu,man faces fine for using a drone to pick up a bunnings sausage,1
1695,bm4zr9,proposal to spend of european union budget on climate change,1
1696,6gg1vw,this dogs head,1
1697,19x7no,spring break beach flip,1
1698,c9h2teg,yeah right john like im gonna fall for that again,0
1699,bexvyo,gary not coming hom,0
1700,34an0l,texas teacher helps immigrant students from wartorn countries like somalia ethiopia and iraq pursue better education and careers,1
1701,cywkr0,double popsicle sticks,1
1702,cqos2l,this multi tool i found in my work laptop,1
1703,99kt2c,sec rejects nine proposals for bitcoin etfs,1
1704,cjxopsn,earth doomed genetically altered chinese man and pig save humanity,0
1705,bi5dw9,algae eater seemingly eating another fish at the pet store,1
1706,c1gap9,a set of stairs with two paths leading nowhere,1
1707,co75hyn,i kill the pussy,0
1708,dj7ns4,a blue heart formed in my wax after unplugging it,1
1709,6xy59i,kim jongun about to touch a nuclear bomb,1
1710,6xb5rq,duck in the gym,0
1711,6op1om,javier botet with prosthetic fingers,1
1712,4esvmb,after careful review the cdc concludes link exists between zika and birth defects,1
1713,cuv4990,attempt,0
1714,5qoi20,mascot makes the crowds cheer though he cant hear them,1
1715,cvinhq1,deny me as your god or i will deny you of your next breath,0
1716,astlqn,this cheerful mop,0
1717,3og5bv,happy girl with angry cat,1
1718,2no215,boys nearly buried alive under feet of snow,1
1719,cju7zxs,good ol switcheroo,0
1720,dl8dua,my lint galaxy,1
1721,jqhuz,neighborhood fingerprint station us poster from wpa during wwii,0
1722,da52n2,originally round ring misshapen after years of wear,1
1723,40n34l,precious davis will be st trans bride on say yes to the dress friday,1
1724,ek47v7p,what have i done,0
1725,62fuyp,popping corn in slow motion,0
1726,6ktr7y,a girl and an elephant,1
1727,7gnmwb,holy sht were old brick buildings,0
1728,2q40mx,high school student killed by punch agreed to assault as way to resolve car crash,1
1729,cqhweky,silent plant,0
1730,d45en9l,plank is life,0
1731,5qzgg5,this guy running up the stairs,1
1732,9f8a57,this sign about pee color above the toilet at tire shop,1
1733,6idzhk,this dancer on my wall,0
1734,5p5pui,donald trumps full inauguration speech transcript annotated,1
1735,2mretd,a picture of my friend holding an ak for the first time on his holiday,1
1736,cb3dv0,japanese officers torturing pows after the battle of hong kong circa,0
1737,bdm240,hershey park is renovating the entrance to the park and this advertisement was uncovered when they demolished the old path,1
1738,8sxf8o,large intricate mandala arm tattoo,0
1739,caogn57,oh im afraid the deflector shield will be quite operational when your imaginary friends arrive,0
1740,3h89u8,frog on a mushroom,1
1741,cumwxq,this final page that says page of even if a little faded,1
1742,1kk20q,falling longboarder,1
1743,3y33h0,popup shop will trade your christmas rejects for skittles,1
1744,dg4tsvk,cat in a hollow,0
1745,84haj8,astronauts dna changed by year in space,1
1746,b7n4fj,watergate employee discovers evidence of wiretapping,0
1747,7fn1ri,anthony rapp resists an advance from kevin spacey,0
1748,8lokiq,fellowship of the most accurate,0
1749,d7q08g,the pattern on my girlfriends cat makes him look like hes being spooned by another cat,1
1750,8qlldb,kim jongun and donald trump meeting for the trailer of httyd,0
1751,4u0ecp,rnc speech fuck were really just letting this fucking happen,0
1752,2uo8cw,please feed me dishes,0
1753,da7e29,they literally just cut off a hallway in my highschool,1
1754,7uzut7,disgusted,0
1755,79rfj9,this german cabaret from,1
1756,55btlw,dragged to the top by the readymades,0
1757,b2wby8,automated electric buscar is being test driven in longyearbyen norway,1
1758,dpl952d,michelle is so happy,0
1759,33q8sw,inside the fight to free warren weinstein,1
1760,dtsvhp7,and how does that make you feel,0
1761,belm90,the alphabet fits perfectly in my calculator,1
1762,6vsx3d,violent antifa protestor assaults police with katana while surrounded by haze of tear gas boston massachusetts,0
1763,c9lmahg,murica,0
1764,b5n3yu,lemmy garfunkel,0
1765,bssnxz,nevada passes bill to automatically restore felons voting rights upon release from prison,1
1766,c67aajc,way to go merkel,0
1767,2a0vz0,this image of bill nye pointing,1
1768,c7wr7na,the force is strong with this one,0
1769,cash9dj,cosmonaut kramer,0
1770,duox1rf,told you we shouldnt have cheaped out on supplies,0
1771,36lu8z,this dog with a funny hat,1
1772,3tk9za,use of hightech brooms divides lowtech sport of curling,1
1773,2r9hon,scenic hike through the mountains surrounding the small town of telluride colorado,1
1774,cdpch2,defective deck screw,1
1775,ccub0he,mission impossible,0
1776,8gtlu2,my wife bought this picture of kiss for our bathroom,0
1777,d1a64w,ice cream that somehow doesnt fill the shell,1
1778,908i6s,for as long as i can remember i could see aladdin in this crack,0
1779,b5fohr,this heatsink extracted from an old dell computer,1
1780,ct070w,this banana tree in bangkok is called thousand fingers for a reason,1
1781,cgun5s,city minipark san diego,1
1782,5vuz7r,trump touts recent immigration raids calls them a military operation,1
1783,dnkhjds,normalized,0
1784,e2qy4mc,awe to aww,0
1785,cfb5v5b,lost in erebor,0
1786,bund2m,the distortions in the glass reflect a distorted city that looks like abstract art,1
1787,dpucene,ritp,0
1788,2dgft0,python caught in florida is chief suspect in mystery of missing cats,1
1789,7tibo,whale hedge sculpture proves a big hit in seaside town,1
1790,bipm2o,leave me behind self entitled,0
1791,cabjsb,mixture of meat inside this cone,1
1792,cedp8db,in the way squirrel,0
1793,3a6jwa,im just happy to be part of your breakfast,0
1794,5gzp9s,mexican party invitation goes viral attracting million police will be deployed to a village in mexico after an invitation to a girls birthday party went viral and million people said they would attend,1
1795,2hc47u,police man killed while hunting mistaken for a squirrel,1
1796,9k15n1,you will like it period wwi,0
1797,azsxw4,adolf hitlers last preparations for the invasion on poland,0
1798,bdlysz,wall street slips as bank earnings disappoint,1
1799,ckn1x51,cutout,0
1800,cfz3xk3,like father like son,0
1801,cajy4d,this tree is camo,1
1802,75y7dw,brad pitt throws can of beer to newfound neighbor matthew mcconaughey,1
1803,dku2wmg,gotem,0
1804,6qmmad,i think its time to pay homage to the first pareidolia any of us probably ever saw,0
1805,c76ba54,never touch tony parkers ass,0
1806,c8gkat6,just went from confused and awkward to down right creepy,0
1807,i1m84,patooie heres your food,0
1808,873op1,activists sleep out to bring awareness raise money for homeless services,1
1809,b9233r,firstworld problems for an easy way to make a relatable meme,0
1810,d7g9gq,this small egg,1
1811,crdtbr,al qaeda mocks terror rival isis by leaking blooper reel,1
1812,921xej,miss you candy hearts company plant abruptly closes,1
1813,c2zqb3,this restaurant in australia is also home to wild lorikeets that interact with guests and steal food,1
1814,chihotr,ask and ye shall receiveempire strikes back ending,0
1815,d7enpy,this floor pattern,1
1816,by9cuu,popping out at mooney falls,0
1817,ca320j,this miniature room with nothing in it water bottle for scale,1
1818,cj0jho,the bow of a cruise ship,1
1819,8f5g28,a huge chickadee on the street where i live,0
1820,bqwwiy,jurassic bark draw me like one of your french poodles,0
1821,4wbehh,maine police officer to cows dont run from me im the police,1
1822,chx952c,they dont even know theyre in danger,0
1823,7srb0o,bald eagle over ice,1
1824,bnnpm6,view to river in zaporoje,1
1825,dcnq1tr,heres the cutout,0
1826,d29pi8,my college has a fridge that supercools drinks so they slightly freeze when you open them keeping them cold for longer,1
1827,cgoydwg,cutouts,0
1828,dnk4g1k,were all friends here,0
1829,ciy8u2,cannabis stump,1
1830,c64sbsw,pirates deleted scenes,0
1831,ce1ndac,im walking on sunshine wooooah,0
1832,403kse,this guy playing football,1
1833,6jseuy,did the fbi retaliate against michael flynn by launching russia probe,1
1834,7xucrf,mit wearable computing project members in the s,1
1835,8eubi9,acting director of consumer financial protection bureau would only consider talking to lobbyists when sc representative if they gave money,1
1836,bltua1,something i made for my album of burned john mayer instagram jams john mayer live on instagram,0
1837,cl3j62m,mas special little girl,0
1838,5khfkg,moviegoers line up for rogue one,0
1839,chsobim,done,0
1840,197u80,sean payton looking through binoculars backwards at the nfl combine,1
1841,cplrp60,jolteon the best evolution,0
1842,83yy0z,this is horse at a park and i found at the cementerio de la recoleta in buenos aires,0
1843,ddulnch,that is one nice ass,0
1844,caclao,my bug bite that healed into a heart,1
1845,cqnpw0c,working on a construction site,0
1846,clho2pk,beep beep,0
1847,5lmzlj,disbelief on the subway platform,0
1848,3qlzb1,gruesome deformed jason pierrepaul lurking in sewers beneath metlife stadium,0
1849,b6b1xw,bashkir curlies are a horse breed that grow curly fur,1
1850,20cmb9,elephant crushes home in india turns back to rescue month old baby,1
1851,bi6h39,this tuckered out pup,1
1852,4pc8xy,baby with ear protectors on,1
1853,97bvmj,green spider abdomen,0
1854,107sou,amish group convicted of hate crimes for hairrelated assaults,1
1855,cjbcl9,this toilet paper holder in my hotel is also a fm radio,1
1856,ddkpurt,imgur,0
1857,cy2sp15,santa crossing the delaware,0
1858,dcjutf,this work manual specifies which trees were not harmed in its printing,1
1859,bqgipy,i won by matching s,1
1860,1qzrow,state rep smashes homeless peoples stuff with a sledgegammer,1
1861,2bpm1k,christian groups violently offended about adult swims black jesus tv series,1
1862,cgz3np,i dropped my napkin and it did a swoop then landed like this,1
1863,b6ahsj,dick pics,0
1864,9fxh7e,seen in gas station bathroom took a while to comprehend,1
1865,aun2g4,this store in sweden has a map so it gets easier to find those things you need,1
1866,cafx8h,area man has nakedlady fetish,0
1867,cbjarr,mother accused of driving with kids on top of suv in inflatable pool,1
1868,cbro1st,mucca mucca mucca,0
1869,sq0io,robotic cat face or too much reddit,0
1870,cbzo4zy,beyonce smash,0
1871,b3o79x,pound whale tucks scuba diver under its fin to protect her from nearby shark,1
1872,dhjflc4,imgur,0
1873,1b88le,california sues everyone,1
1874,4dxwb9,the only good tory is a suppository uk,0
1875,cku08nj,missed me,0
1876,cjcz964,lets see arthur try to pull this one out,0
1877,balek5,concept of photolumenecent highway at night,0
1878,cd8y69,this pufferfish that a tide left,1
1879,df3i79,my neurologist office has these really tall chairs in the waiting room,1
1880,bo87xe,the fact that this entire setup still works ps dualshock works on a psone,1
1881,cgo061q,his new secret weapon,0
1882,88a7eu,this super excited door latch in a dc apartment,0
1883,3rmijq,this lemur being pulled,1
1884,djp7sq,this off center die my friend noticed,1
1885,16iica,girl faces off against cow,1
1886,cli2knx,goatboywe found your parents,0
1887,6qzpfu,this cameraman filming a small dog,1
1888,d4va932,looks like he found another thing he is good at,0
1889,blyepz,i believe she is mad at her fate what a scowl,0
1890,cvm9xc,flying head,0
1891,7lhu27,the gop tax bill claiming its victims circa,0
1892,876jr5,last known video footage of harambe at cincinnati zoo enclosure prior to incident,0
1893,cc4feo,german chancellor max von baden reacting to the treaty of versailles circa,0
1894,3gz0p0,hedgehog crossing the road,1
1895,cmd0zj,raja eggplantsa highyielding indian variety of eggplantsoffering a clear reminder of where they get their name,1
1896,7tykik,destyler numb,0
1897,ch78yz,this dog looks like cthulhu,1
1898,8cmeft,hmb and ill open your beer and watch this cool science trick i learned,0
1899,dcxxfl,local police officer has his car wrapped in pink for breast cancer,1
1900,elejoqa,dogcat,0
1901,e3n2lb0,my attempt,0
1902,23tuh5,kid with grenade launcher,1
1903,c5r3nso,this one just turned out weird,0
1904,ar9geq,this fake flower at a restaurant i went to has fake water droplets on it,1
1905,9cab51,that is a very horny bull,1
1906,1u4v74,feed me,0
1907,c8mxkb,this seed in my birds water dispenser that grew,1
1908,9gl7bp,my mini coffee came with a mini muffin,1
1909,6unmqk,eu,0
1910,brcnb7,thin bottom,0
1911,c9890fn,watch out its a volleyball ball,0
1912,6xsldx,hitchin chills with loveable greyhounds on a comfy sofa,1
1913,9fsial,first blood on the mount everest ca,0
1914,33z2y3,toddler looking bloody after eating blueberries,1
1915,4aqjck,insulting embarrassing via social media would be crime under bill pushed by ri attorney general,1
1916,bqml42,this poncho sign at a store has a little poncho on it,1
1917,cggt4e,an egg with two blood spots in it there is a less than chance of this happening in a commercial egg farm,1
1918,ckt1djr,lord bender in the air with hookers and blackjack in fact forget the air and the blackjack ahh forget the whole thing,0
1919,bo7vvb,flyt hawke self titled hair metal,0
1920,4h6y4z,this happy baby in a shark costume,1
1921,9h6ioq,this rectangle stop sign,1
1922,8gh208,new species of water beetle found clinging to sandstone rock in fastflowing stream that leads to waterfall in malaysian borneo named after leonardo dicaprio tiny black insect which has partially retractable head and slightly protruding eyes was named after star for his environmental activism,1
1923,1b6em9,weird s pic of kids puppet from rpics,1
1924,cyuwpaw,repair shop,0
1925,6723xz,rare photo taken seconds before the assassination of president abraham lincoln circa,0
1926,ymxze,so i took it upon myself a total noob to give todd akin mister legitimate rape a makeover feel free to comment be kind,1
1927,d8imybz,attack of the slippery bastards,0
1928,2erdwj,this nosey chicken with chubby cheeks,1
1929,bp1zs1,this positive energy drink,1
1930,cvdh1p,popeyes chicken sandwich has my local popeyes slammed,1
1931,de7jjf,i woke up to my window reflecting a projection of my truck on my bedroom wall,1
1932,7mya6q,a brazilian porcupine,1
1933,cgzhqvb,stuck the landing,0
1934,5mgtbx,boulder usps mailman donates ramp to old dog on mail route,1
1935,d5acnki,poor scrat,0
1936,7bqfws,suspended suicide windex kills,0
1937,bjn9rt,this dead fly is so light it can stand on its hairs,1
1938,9jml63,samuel l jackson meets steve jobs,0
1939,chpy5ma,he found a wormhole,0
1940,c8cdjv,disabled vets could see their student loan debts automatically erased,1
1941,6cci6c,i am the bee mower bow before me,0
1942,dyhhjt7,beetlejuice beetlejuice,0
1943,8qgjri,rare security camera footage of workers inside a mcdonalds kitchen,0
1944,cn6egx,portable traffic light during construction,1
1945,6zowk5,high low terror of the thirties,0
1946,cjzfmx,in switzerland there are vending machines that sell meat cheese and eggs,1
1947,cj9o5el,available here,0
1948,ce5kis,the graffiti on this energy ticker in ithaca ny,1
1949,4zxcc8,zebra sticking its head into a car window,1
1950,6vma3y,impeach nixon s scanlans monthly us,0
1951,dd6fvvm,summon the dragon,0
1952,c4h5o1,democrats and republicans are very bad at guessing each others beliefs the washington post,1
1953,440icj,angie vu ha gets religious in jail fights lady on lady temptations with the bible,1
1954,cztvxk,a brewery in nc with a smiley painted on exposed insulation in the corner of the bathroom,1
1955,9b85vf,how to wash your your hands properly,1
1956,blx33o,a apple cider maker from the hundreds,1
1957,55fa5v,david tennant trying to catch a taxi,1
1958,9clcbc,i took a picture of my friend in a temple in transylvania and the shadow cast the grim reaper the death creepy,1
1959,2z9k0h,oddly decald wiimote in unique case,0
1960,28ynz6,bank of england behaving like an unreliable boyfriend say mps,1
1961,7aseps,last photo taken of nikola tesla,0
1962,6pp3iy,heart surgeon makes good on his promise to attend a patients th birthday seven years later,1
1963,8kzmus,a surprised fountain,0
1964,1d77vl,young reveler in caribana parade,1
1965,77g6pu,film site used for both lost and jurassic park,0
1966,cp0yj2a,available here,0
1967,dkr3p3x,tryouts for another top gun installment,0
1968,cfolsh,jurassic bark the beagle has landed,0
1969,8s5cgr,request squeeze,0
1970,3y1luf,for officers involved in fatal shootings this year it wasnt their first time,1
1971,1d8yzu,kid getting kicked in the nuts while headbutting a soccer ball,1
1972,cc6l74b,sgt peppers lonely house fire band,0
1973,asg9nw,the shape of this carrot,1
1974,99tjdq,germany suffers hyperinflation,0
1975,1sjjth,the australian army faked a death scene a bus driver saw it and is now suing them over the nightmares it gave him,1
1976,1zenwx,my mother mid bungee jump,1
1977,dbh8em,these crossing buttons for pedestrians cyclists and horseback riders,1
1978,5kdnv6,sold out rolling stones concert at night,0
1979,d73yev,i found some extra seasoning in my bag of flamin hot doritos,1
1980,bx20e4,those lego sets,1
1981,1hj02k,elena kagan shoots a deer fails to impress scalia,1
1982,dmfaq67,neverending classic,0
1983,8bhyvh,texass maternal mortality rate was unbelievably high now we know why,0
1984,d95dihw,the political debate in a nutshell,0
1985,awzjfn,the way the snow slid down to look like a cloth,1
1986,28g78e,the situation arrested in tanning salon brawl,1
1987,co6tsqn,dont shoot,0
1988,87k2s9,first photo taken of the rosetta stone used to translate previously lost languages after being discovered by a french solider in,0
1989,cme18ql,tyyarn lannister,0
1990,c4qyxew,your night just got a little worse,0
1991,9f4nvi,trust based water vending at toulouse airport,1
1992,1c2y3x,putin with dogs,1
1993,2vqint,two drunks tossed into garbage truck after falling asleep inside wawa dumpster in florida police,1
1994,chgkbn7,one does not simply walk into mordor,0
1995,c9o9e0o,aahhh,0
1996,4nqhtl,this kid and a wallaby having a staring contest,1
1997,cfouss,old remnants of a blockbuster video in bronx ny,1
1998,3vpdt0,man holds large puppy,0
1999,2tpvwe,charlie hebdo aldi demands dammartin workers make up for time lost during hostage standoff,1
2000,bf212f,nuclear shadow of a bomb victim nagasaki colorised,0
2001,cea82id,higher resolution,0
2002,cgckfe7,other discussions,0
2003,2t09n1,the undertaker attempts to perform the last ride on brock lesnar,1
2004,bq7k24,exxon evacuates foreign staff from iraqi oilfield,1
2005,5pe22z,heet wall happy face,0
2006,crehpq1,really boring twilight zone episode,0
2007,cu9tou,the amount of yellow jackets our trap caught,1
2008,cvekjvn,it works,0
2009,cuzoqt,this hot rod with two engines and a total of cylinders,1
2010,cccvrv,this bag has been hanging from my neighbours tree for over a month its now filling with water but still hasnt broken,1
2011,bop0vo,satisfying morning clouds in cyprus,1
2012,b507al,an albino pigeon on our back porch sorry for the bad photo quality,1
2013,cbcz9tp,iama celtic ama,0
2014,4eobsp,teachers discourage teaching careers,1
2015,bld6e8,portrait of obama made completely of gumballs ripleys believe it or not,1
2016,8y2zlx,american taken hostage by isis,0
2017,e60qsgw,patriotism level maximum,0
2018,c88iie,clever recycling at local brewery,1
2019,c126cc,this dog riding out of a van,1
2020,3blelp,study us wastes million hours annually figuring out where tape roll starts,0
2021,3dmh7v,top counterstrike player admits esports has a doping problem,1
2022,8vumgw,maybe this is luigi,0
2023,ctb5uj,my pup ripped up her toy to reveal a heart squeaky kali ma,1
2024,d3p4c6,my daughters hair left a perfect ampersand in the bath tub,1
2025,3hhva7,and it looks like it was worth it,0
2026,d1do8dx,bernie is an artist too,0
2027,1t86rd,mother beats daughter with shoe after reading teens facebook posts,1
2028,1c6zi3,meal fried in artists own body fat,1
2029,3zrm01,prime minister of greece release in the air a white dove symbol of the holy spirit,1
2030,1yx3jq,queen elizabeth peering around a corner,1
2031,3ybnze,dutch safety posters promoting safety on the workplace,0
2032,clndb7,how my boss wrote his name,1
2033,e2ist8g,the last of your nine lives,0
2034,d2bm2q,this shadow looking like a face,0
2035,6wgoz8,ottawa public transit bus catches fire with people on the public service and this one gavin actually assaults a guy start at the heart of mark norman scandal to be deported next month,0
2036,dm2nhna,what are you wearing jake from statefarm,0
2037,aytqtf,this tiny grape pen for scale,1
2038,2l9ga2,riverboarder rescues squirrel from river rapids,1
2039,b59yri,polish armed forces defending warsaw,0
2040,1cj6ta,man rides on his majestic steelwinged bird in style,1
2041,4jhkb6,battle kenyan tear gas on behalf of previous winner jkrebs,1
2042,197y73,emma stone walking away dramatically,1
2043,10rtuz,congressional staffer arrested for choking lindsay lohan,1
2044,9dwwsh,this longlashed beauty,0
2045,b51010,the way the ocean and sand have eroded into this tree stump,1
2046,cj8rkf,this blossoming cactus,1
2047,cfeug6,my baby carrot looks like a chromosome or that s we always used to draw,1
2048,2xw6fa,fairy control to halt tiny doors in somerset woods,1
2049,d3c3bf,this paper doesnt have horizontal lines,1
2050,b3czpk,three colours one flag one empire,0
2051,94xoew,free meal for the homeless everyday restaurant leftovers bound for the bin go to those in need,1
2052,c6fut17,a wild pup has appeared,0
2053,7evuee,indica radio staxwell,0
2054,7y9iva,this watterfall looks like a tunnel if you focus on the direction the lion is walking towards,0
2055,92s1bc,weathermen ray of sunshine,0
2056,cgmu4oe,classic prank,0
2057,c6uhp6,the way these first two garages dont have driveways,1
2058,5rw8qq,beefcakes dog shot in boulder county finds another home,1
2059,29bcpi,alaska humpback whales lose endangered status as numbers grow,1
2060,7hzaxh,fish on a cutting board,0
2061,cpc0psb,you basterds,0
2062,9frmc3,today at my local traveling center they were giving out free bikeservice,1
2063,dof3p9b,this guy holding a tiny eew,0
2064,3iparx,white van with free candy painted in red makes natomas parents nervous,1
2065,c8alxl6,reflexion,0
2066,9atnbk,dog in a forest,1
2067,yxk6w,cop sues sfpd for right to hang out with naked vampires,1
2068,c9laeqh,you mirin brah,0
2069,c6oajfm,rock a bye baby,0
2070,cl9t6f,the way my coozie kept my drink so cold that it fused into one big ice cube,1
2071,cjvo95,shadow forms a lego head,1
2072,ckiuhvw,duck in kid costume,0
2073,cxlr02f,richard branson kite surfing on his own private money ocean with a naked model on his back,0
2074,1opm6l,a dog being heroically rescued,1
2075,4vssp0,donald trump had the most trump response to melanias leaked naked photos,0
2076,cl88dm7,this had to be done,0
2077,d273i7,this chunky lizard,1
2078,3h4dzf,yellowstone national park visitor takes risk by petting a bison,1
2079,2a7o64,in the gym dont pull it,0
2080,96ugh4,harambes shooter caught on film decolorized,0
2081,1tz1pp,at mountain man must gradually let go of his piece of paradise latimescom,1
2082,j0vsv,keep up to date with political thinking perfect your fighting skills destroy enemy invaders chinese poster,0
2083,b1rlve,spotted this little guy marveling at the train i was sitting in,0
2084,cc56isy,fixed,0
2085,cqzfnmr,dmc,0
2086,cyf782,this prediction of the future of technology in my local newspaper from january th,1
2087,rbxke,i made a kindle case its a happy little monster,0
2088,80pt0y,superheroes deliver purim treats at tel aviv childrens hospital,1
2089,ckqgt2,a lotion duck a moisture mallard if you will,0
2090,ck930mp,it really helps capture the emotion in his face,0
2091,46hips,tesco bows to demand and will soon only sell straight croissants,1
2092,2teyog,rape threat found in gateshead travelodge room,1
2093,d2yvej,i have this one hair on my hand that grows extremely long and fast and is always white,1
2094,5atsp2,leaver face,0
2095,9hixxx,my roastbeef looks like a lung,1
2096,8wem00,a l i e n,0
2097,d80m6f6,stacking higher,0
2098,4o6p79,toddler dragged by gator into water near disneys grand floridian,1
2099,718xpu,birthdaydog wearing partystreamer,1
2100,5wvn73,donald trump appears to be his own anonymous source after attacking media for bad practice,1
2101,cwhx6x1,nope,0
2102,9dxwrc,youll never guess which classic novel was rejected nearly times,0
2103,cy0ftxw,rainy day,0
2104,9dzfl9,these sun rays in bothell washington,1
2105,67gtu9,things just went from bad to worse for subway molester jared fogle,0
2106,dauusx2,verrry slowly receding hairline,0
2107,268qv4,the moment before the fall,1
2108,6i7tyl,tenants told to use fire escape to get into building during renovation,1
2109,3h9fqp,intrepid spaghetti,0
2110,5vsilu,public divided over keystone xl dakota pipelines democrats turn decisively against keystone,1
2111,3ne4vk,yellow brick road,0
2112,6k8icx,poutine doughnut on tim hortons canada day menu for american customers only,1
2113,cbad4sz,you ever get that feeling like youre being watched,0
2114,1i11h8,john malkovich holding a nearly blank sign for his ama verification hes practically begging for this,1
2115,8kw9xh,water is getting into my canoe,0
2116,79url2,why would you throw me away,0
2117,6yfz5k,dog owners are motivated to walk their pets because it makes them happy not for health or social reasons and they think it makes their dogs happy too,1
2118,3kjg8k,boutique la luncheonette to serve oxygen sandwiches called oboys,0
2119,2ynt5w,this photo of obama getting a standing ovation,1
2120,aucbzx,this sun flower seed,1
2121,dwqo47t,tigpeii,0
2122,2yktfj,police officers pay for injured pit bulls medical treatment,1
2123,bkga8u,i was finally ready and id like to see inside but small enough to do get it in my body permanently,0
2124,cr4zmh5,i know i know this is what all of you wanted,0
2125,11tnv9,they took out his insides,0
2126,eumnmy4,moved the unicone,0
2127,23vgoy,arsene wenger tossing a soccer ball,1
2128,b00bm9,digital university prospectuses,1
2129,4yv4cp,soccer player in front of a green screen,1
2130,ddojy5v,there were boobs outside of the window,0
2131,cr7td5,these table and chairs for sale remind me of the beetlejuice dinner scene,1
2132,cslu0yi,senor suave muerte,0
2133,bef9z2,im in japan and there is literally only uber available,1
2134,9g1yba,claw machine for lobsters in nanjing china,1
2135,d6ww6x,this tricoloredfoam waxsealant sprayed on my car while looking thru the sunroof at touchless carwash,1
2136,cd876oe,other discussions,0
2137,7ig3dk,must see major innovation childs snowman is made entirely of piss snow,0
2138,93cwid,hands supporting the gold bridge,1
2139,c77s4bc,i dont even know where to post this anymore,0
2140,10ri28,man drives off bridge just after texting i need to quit texting,1
2141,cm8gdc5,murica,0
2142,axa08f,these boats on a foggy day near my office,1
2143,ctxp7ez,i dont know,0
2144,ce6rb4s,other discussions,0
2145,cxqe4xa,swap,0
2146,28mcpa,this guy is looking a bit meloncholy,0
2147,1tkiz9,the safe outside,1
2148,5262f0,syrian conflict us and russia agree peace moves bbc news,1
2149,32k6d1,row row row yikes asian carp attack washu rowing team at creve coeur lake,1
2150,av1e8j,it got so hot in my house in uganda that my candles got flaccid,1
2151,8e4lao,slaves fireplace,0
2152,cyinpw,saw a guy vacuuming at a restaurant that looked like a ghost buster,1
2153,dfy9jj,this toilet roll holder has a builtin spirit level,1
2154,1qpo3q,southwest airlines pilot apparently tells passengers were going down,1
2155,6n8vn1,joseph stalin smoking a cigarette after wwii had ended circa,0
2156,5c3sae,this booted rackettail flight star formation,1
2157,361y1x,north korea music groups songs more important than food supply for the country,1
2158,ce3egau,walks with your friends justshinigamithings,0
2159,9gb3u1,this almost looks like a rabbit,0
2160,b22r14,ill see your soldered marble track and raise you my popsicle stick marble track,1
2161,29i5ui,is it okay to come out yet,0
2162,d53bban,you asked for it whos gonna joing my party,0
2163,96vq2p,yay,0
2164,1w3ua4,florida man rips bag open with teeth eats cocaine police,1
2165,6ffgje,bernie sanders with a ventriloquist puppet of himself,0
2166,cjdqj4,this thermometer reads f,1
2167,e5nllxl,you beat me to it,0
2168,drkrssf,i dont really know,0
2169,dq8ysn4,paperbond,0
2170,2c9e2a,this guy riding a tortoise in copley square,1
2171,dkkqnr,the tag to my new jacket is written in the same font as cards against humanity,1
2172,55phpi,whoa firefly season in the works at netflix,0
2173,avbr81,this paperclip looks like a diamond,1
2174,d26v3om,make it rain on them otters,0
2175,2y86k7,polish expresident in jacuzzi,1
2176,bvbdzi,in kolkata a college admission form allows you to choose humanity as religion,1
2177,azdxxy,this natural rock formation,1
2178,ccxc87k,gtav carnage,0
2179,cu72a2m,i love it when a plan comes together,0
2180,ccacnat,yummy,0
2181,7a0wd4,kevin spacey and anthony rapp,0
2182,4x8qkb,reasons millennials leave a job,0
2183,bqua9h,execution of the french monarchs,0
2184,dkcb58,this really really long fry as long as my handwidth,1
2185,275zeg,best day ever,1
2186,777tgm,the wonder yearsall my friends are dead,0
2187,d51uamj,glenn,0
2188,dfpoi3,found a dog house in a lake,1
2189,1df88q,powerful video for an early mothers day celebration son pays off moms mortgage,1
2190,cfq4i4,french government reacts after the germans attack neutral belgium instead of the maginot,0
2191,ch3ztwy,titanic,0
2192,czpqdd,in chinese bathroom you need to scan qr code to get toilet paper,1
2193,c0r3ym,i found a credit card sized calculator in the recycling bin at work today,1
2194,43951v,this guy in a storm at a dress up party,1
2195,cm7hpa,muslim woman divorced for celebrating passage of antitriple talaq bill by rs,1
2196,55e8zm,man shot times on shotwell street,1
2197,3aj3g7,terror for girl as man in scream mask exposes himself to her,1
2198,9gi5rm,this tree is growing around the trail sign,1
2199,bw3uii,nelly furtado promiscuousmaneater,0
2200,c8mlv2b,signor presidente non si dovrebbe avere ma io amo un buon nero bistecca angus,0
2201,805wb6,this cat with its paw under its chin,1
2202,6e3qqt,piraro american gotham,0
2203,c9aztp2,i really hope this works,0
2204,78c8ec,knifelyte paradise island,0
2205,d4cilk5,master shocker,0
2206,d0am7lb,move over rose we can both fit,0
2207,cmfzyf,a spiral trail left by a plane over los angeles,1
2208,d9giah,dropped exactly the same number of chickpeas while rinsing as the number of holes in my sink and they clogged it,1
2209,29lty3,nice friends crowdfund for halifax man well known for fundraising for sick children,1
2210,ck16v0,newly released tape reveals ronald reagan using racist language those monkeys from those african countries,1
2211,c5te1ru,youre toast,0
2212,5nh24s,kremlins a small comic about trump and russia oc,0
2213,2rg1rc,the american love of lawsuits is forcing cities to ban sledding ruin winter,1
2214,c76tlu,cloud that resembles nys taken out front of my cottage,1
2215,bue4il,french symbolic map of europe ww,0
2216,cv7g45,federal reserve priests say flight pattern of birds indicate possible recession in q,0
2217,cd0qj8u,but maria said we were all supposed to wear them today,0
2218,6m1bfp,this cat atop a door frame,1
2219,arozhr,this d painting made of different objects from nature,1
2220,c0y029,these three double yolks for my lunch,1
2221,cjf33pg,the crystal nose,0
2222,ct3h86,got this in the mail from a college today,1
2223,1u6ti0,labeouf apologizes for copying with copied apologies,1
2224,7250wm,oh dear i dont know if we know why were here,0
2225,bhczww,we have an original daffy duck sketch with signature hung in our bathroom,1
2226,60j4oz,i live in a giant monkeys head,0
2227,czvg55p,the battle begins,0
2228,djrnfxh,happy just to be invited,0
2229,aut09d,these people who built the machine i was working on today and left a photo behind on the hard disk,1
2230,26swjw,great caricature about the war in libya russia x,0
2231,c8ae5z2,dog thoughts,0
2232,1dcbtj,car designer working on horseless carriages,1
2233,cs4o591,true horror,0
2234,495xrn,devon village toilets closed after bearded man in a wedding dress propositions local,1
2235,7k9ubg,theres a face in there,0
2236,1zgryt,eagle walking across a frozen lake,1
2237,7ig8h3,dream theater blocks of creation,0
2238,djbgkwv,kitty clock,0
2239,c62w97s,wanna switch,0
2240,d00qn2r,here you go,0
2241,9hbc32,the little ripples in the waves,1
2242,cwgciu1,cutout,0
2243,3i4zvo,this turtle from rlittlebuddies named sandwich,1
2244,9dxpob,when i emptied the bath this landed on the bottom as the water exited in just the right way to trap all the water inside it and stay standing,1
2245,939ae4,spider nest,0
2246,6pga6k,us judge ordered google to block release of police in india,0
2247,cjrzexb,what has science done,0
2248,d78b66,this tiny receipt form a bar in krakow poland bottle top for scale,1
2249,camjo7m,create reality,0
2250,ctz8wq,the s this morning on my way to work,1
2251,24f5cq,footballer gareth bale about to head the ball,1
2252,3dubxh,motor control that nameless charm,0
2253,ax6nn5,this seat for toddlers i saw in a shanghai hospital bathroom,1
2254,c8yg9w,a new friend showed up to my apartment for the first time and matched my wall,1
2255,cdmsdmq,hi mom,0
2256,as7flz,pound nug of some dank fuzzy purple kush lighter for scale,0
2257,cchax8,raid of area,0
2258,1etf8n,ne tire pas trop sur la corde si malheureusement il avait lidee de regarder un peu en bas nous ne peserions pas lourd dont pull too hard on the rope if unfortunately he had the idea of looking a bit down we would not weigh much by achille lemot caricature racism,0
2259,8wn6e6,poor pup is in the first place,0
2260,1uhcvg,baby with a sword,1
2261,cd82ap,tree grew around the body of a stormtrooper circa aby long after endor,0
2262,3fjmi0,a cat and child touching faces,1
2263,d66ww1,this tiny spoiler on a car,1
2264,b0x099,the way this rain sits on a coin,1
2265,azvh79,once removed this candy box sticker leaves chinese characters behind,1
2266,aulf0f,open toilet in the middle of the beach in the caribbean,1
2267,deekfs,a feather that is half black and half blue,1
2268,3eu9hk,frozen lake in siberia,1
2269,84z3em,stephen hawkings last television interview,0
2270,1p4k3v,french map of greater greece from the nationalists fallout after ww,0
2271,2rmdgz,sailor moon wedding,1
2272,cf1w2x4,a political party,0
2273,cln47l1,goal,0
2274,cu08ktl,power couple,0
2275,cyfa8q,this library has a section on birbs,1
2276,bpcx4g,belgium exking albert ii faces fine if refuses dna test,1
2277,9abpor,cool,0
2278,6hgke0,the sks rifle reportedly used in virginia mass shooting is not an ak variant,1
2279,ceiqsny,hello my name is inigo montoya you killed my father prepare to die,0
2280,9a6szz,the wonder music emporium,0
2281,78g8c0,hidden intentions by alias blue,0
2282,888rox,satanists eat for free give my love to rock and roll chinese edition,0
2283,askp4e,the soviet union successfully invades mainland europe,0
2284,c6gti99,soft kitty warm kitty,0
2285,djpcl6l,i haz discount hugs now plz,0
2286,9a3wjd,elon musk announces tesla will remain a public company,1
2287,3tksle,us gives russian newspaper grammar lesson over fake letter to lgbt activist,1
2288,f1euno8,why are you so nervous,0
2289,2qzm77,russian boy on christmas,1
2290,60ey4l,sesame street to introduce first muppet with autism,1
2291,d4mrvm,stretching pug,1
2292,177afb,freewheeling skateboarders seek crackdown on scooters,1
2293,4z8vw3,why trump avoids talking about his daughter tiffany,0
2294,crbnpn,a tiny roundabout i found in hod hasharon israel,1
2295,11ux8p,stalin cant win colliers magazine,0
2296,8dthg1,poorly welded struts,0
2297,9eanam,cool how this la pool house continues its letters using the tiles below all the way to the ground,1
2298,evqfq94,too easy,0
2299,c6x11hx,too many faces,0
2300,bwkfch,a friend received this picture as a gift its her favorite whatsapp sticker,1
2301,9fk17b,staple remover looks like a venomous snake,1
2302,d55frjh,part of the crew,0
2303,5zhkl7,cuddle a kangaroo and help send a kid to college,1
2304,5i64tb,afghan boy who had plastic bag messi shirt meets his idol,1
2305,c12436,when you put a little bit of water on your camera you feel drunk,1
2306,d8msa1u,why do the freaks always sit next to me,0
2307,cc0zhgy,other discussions,0
2308,2tlatj,kastamonu you want more,0
2309,8lulmv,study finds of knowledge about nation comes from side of uhaul trucks,0
2310,cah9oq,immunized australian kids hit record level nearly of children aged years are vaccinated,1
2311,53pi9a,bush says he is voting for clinton,1
2312,bnpasb,the braille on the key for this map of a park i visited,1
2313,624157,mr white holding a bag of meth,1
2314,8zpja2,the store was out to get his own cleaning company,0
2315,bv1ky2,my town got these new electric scooters to prevent climate change,1
2316,3asb8x,found this fine gentleman at work,0
2317,5xgvfb,yale students demand schwarzman center be renamed due to billionaire donors ties to trump,1
2318,22pr47,rob ryan looking ridiculous,1
2319,1e9vjw,i found it difficult to use the restroom at my friends house,0
2320,d60afi,my maple tree cant decide which gene it wants its leaves to express,1
2321,cc4ypwm,wheres the beef,0
2322,aunyb1,green book wins best picture at the st academy awards,0
2323,c6ik7o,jake gyllenhaal worked tom holland over so hard he couldnt walk,0
2324,d9g2que,nothing to see here,0
2325,c8kpxpg,however if problems were to arise hed deal,0
2326,97bu0i,feminist professor suspended for sexual harassment,1
2327,c78l6k,suicide squad,0
2328,chuxt0q,is that a strawberry bon bon,0
2329,25r3zq,president barack obama sliding across the counter at shake shack to take a photo with the employees,1
2330,1dweei,george bush riding a bicycle,1
2331,5172em,as bodies pile up in philippines many fear to talk about dutertes war,1
2332,6x4twi,building collapse traps people in mumbai,1
2333,bd76hi,landlords get a million deal from city as their lawyer raises funds for de blasio,1
2334,5tk6n9,yearold wedding dress lost at dry cleaners found,1
2335,dkault3,oh hi there,0
2336,3qk6s7,the decriminalization delusion america doesnt have an incarceration problemit has a crime problem,1
2337,cdcg35v,the kind and benevolent leader has now banned all sales of photoshop,0
2338,2y3xf9,dogs staring at camera,1
2339,13ym7h,research base in antarctica,1
2340,670qxv,vietnam idol springtime sun,0
2341,begtcb,timetemphumidity,1
2342,cfau7zv,other discussions,0
2343,b1oys4,your teeth are so white does your toothpaste contain salt,0
2344,942qam,rapper yg donates to startup company girlcodela an organization helping expose young girls to computer science business and software engineering,1
2345,5xarnt,make america great again donald trump,0
2346,cdnjqzq,real life fruit ninja,0
2347,cocf6yl,robert mugabe doing a sick kickflip,0
2348,c8df7fh,one days work bitches,0
2349,cd1cdlm,other discussions,0
2350,cfh69ji,cats about to shit,0
2351,b5xe55,sunset near finnsnes norway,1
2352,crie5bm,the breakfast of champions,0
2353,c7a6luv,oppa lama style,0
2354,1npyq9,these frogs tongues are stuck together,0
2355,bvzqf4,droplets on a leaf,1
2356,1f2w4g,baby boy throwing his bowl,1
2357,6gvng3,cable machine at the gym,0
2358,51yctq,hillary clinton holding an upset baby,1
2359,90hsbn,comiccon fan guesses he enjoyed minute panel of silently masturbating alan moore practicing sex magic,0
2360,98f80q,oc glitch vibes dense,0
2361,ciuyuoi,sir chihuahua,0
2362,1laoao,drones for safe passage why not ald cardenas asks,1
2363,6jadsk,guy leaping at a beach,1
2364,5sxu6x,president donald trump and steven bannon circa,0
2365,7qhucl,donald trump speaking to hillary clinton,0
2366,eo58a9d,thanks i hate it,0
2367,9cilxi,found for the younger audience,0
2368,5nbofd,wolf chewing on an elk leg,1
2369,6yf57e,this time up to berlin belgium,0
2370,5qpjkg,dog with crazed look running towards the camera,1
2371,94qkiz,anemoia anemoia,0
2372,cpf10oh,fixed that eye,0
2373,e2dxmsm,no homers club,0
2374,cmsum88,some guys have all the luck,0
2375,qkeyz,bogart bacall,1
2376,3pgckf,stephen king signing a poster for a fan,1
2377,6pj2tv,pizzeria owner offers help to woman who stole food while kids distracted staff,1
2378,3jltbf,amsterdam canal,1
2379,b4zxz7,whos writing the foturne cookies these days,1
2380,6npewj,this cat yawning with a big tongue,1
2381,cl44i9s,cutouts,0
2382,97d13c,hillary clinton acid washing emails circa,0
2383,84ovlx,jimmy kimmel says hes filing a federal complaint against the trumps,1
2384,2y5kh7,estonian chimney sweep,1
2385,955816,this obama made from jack links beef jerky,1
2386,desp50,this bathroom door has a spot to use your foot to open it,1
2387,bvmtvz,different sized apple products have the same size stickers on different sized paper,1
2388,boclnu,when youre feeling kinda knotty,0
2389,cgt81ht,cutouts,0
2390,1zb9j9,john f kennedy robert f kennedy and marilyn monroe threeway sex tape set to hit auction block,1
2391,7i1ccn,postcard commemorating the victory of the allies at the end of world war c,0
2392,2p47so,an aussie going for a soccer shoe,1
2393,b6hiyx,this extremely small hot dog shop,1
2394,bwliph,manatee potato,0
2395,d1h9kqp,sprint samuri,0
2396,bo2a65,my flight number to washington dc is,1
2397,d6r0w3w,cat lochte,0
2398,2a4e02,a shirtless man with paint on his back,0
2399,5t2sed,burger king admits to using horse meat in burgers whoppers,0
2400,ar7w37,this double packet of crisps i found when i opened the multipack,1
2401,7knslm,mlb pitcher donates million home to camp for people with special needs,1
2402,chmy6ys,cutouts,0
2403,cfg2qt,this green pepper shaped like mickey mouse,1
2404,6x8i6n,walle rocks in iceland,0
2405,39ofox,the bathroom of a amethyst kitchen counter top,0
2406,ard9qo,what i belive is a cell tower made to look like tree,1
2407,9fmrpc,the textbook i ordered online came with a can of redbull,1
2408,bt8pqx,this vase wearing safety goggles,1
2409,47f7zr,tennessee names the barrett caliber as the states official rifle,1
2410,b49tez,moscow,0
2411,60aik1,ghs students volunteer after panhandle wildfires,1
2412,cszmnf,this is the tail fin of a british raf tornado plane that crashed into the mediterranean sea the plane registration is zg and the crash report is in the comments,1
2413,1xgwie,just do it smugly,0
2414,bkbxvq,the millennialization of american labor,1
2415,chwvqv,this leaf yellowed on specifically one side,1
2416,ddhyc9w,foul play,0
2417,d6xci5f,uv is not a joke taytay,0
2418,cobba0,my coworker has been adding a drawing a week to his s cartoons whiteboard in his cube,1
2419,bx5fb3,this boba fett cutout at an ice cream shop,1
2420,5saw93,a grumpy police officer at standing rock protest,1
2421,b4hk43,jews attempting to escape auschwitz circa,0
2422,5t75d2,cryptic new laundry room rule hints at tale of bizarre infraction,0
2423,c59u5ow,hunting pterodactyls with blow dart gun,0
2424,ckx25z2,your chariot awaits mlady,0
2425,b52zqi,thai triangular banana most are square,1
2426,ceh9ftm,look out odd looking deer,0
2427,1n1bof,alex jones insists the kenyan terrorist attack was orchestrated by president obama,1
2428,dl6omcp,idk,0
2429,ccmwnls,draw me like one of your french pandas,0
2430,5zj581,public relations perfect strangers,0
2431,aua0wu,a bird flew into my friends window and left this mark,1
2432,5odfd1,but the first time he talked about immigration as a stack of paper i had a look of pure joy,0
2433,cmdwk6n,young mc,0
2434,cassjk,yawning cat,1
2435,bq7d9f,my plane shows in which direction mecca is so that muslim passengers can pray onboard,1
2436,2qdzv7,covered in lemurs,1
2437,cftwg6,how to get wind turbine blades round a degree bend on a train,1
2438,8q92ow,early settlers in california discover the hollywood sign c,0
2439,7ryouy,this is ruan of the chinese moonface guitar species,0
2440,6lvg5t,are goats taking jobs from union workers,1
2441,764kce,this little guy greeted me at the job today,0
2442,conpilf,really not sure where im going with this one,0
2443,cweg5x,mike shinoda screaming,1
2444,8w28qr,the growth of world communism,0
2445,1v6rat,a monkey thinking this banana is terrible,1
2446,3ro8qw,nato soviet union date unknown,0
2447,5cwzxd,the rock jumping off the top rope,1
2448,c8rs4f3,youre a wizard gecko,0
2449,bka9rh,something went wrong in rwhatcouldgowrong,1
2450,cdl9lvc,jesus take the wheel,0
2451,c43zui,fence holder,0
2452,c6ci4k,friend of mine was in an accident today in tulsa top this,1
2453,eiqeult,debut album,0
2454,czqg718,jolly nsfw,0
2455,e36gy5x,knockout,0
2456,bstd4p,fish equivalent of putting your foot in your mouth,1
2457,d9d41d,my grandma is too old to travel so our family brings her back magnets from our journeys,1
2458,ck7hlh4,just giving you a heads up,0
2459,csqtmwi,very good voice nsfw,0
2460,c79fac,trump and kim jongun to meet at dmz,1
2461,62mfil,health scare prompts man to start overeating healthier,0
2462,2pkqqs,really tall ice cream,1
2463,6v6g0i,burgers with the most calories at popular food chains,0
2464,bra260,fan takes picture with kevin and stanley from the office,1
2465,ctsolnk,dr dre was actually a vet,0
2466,ch97tx,my phone reminds me to restart it every week,1
2467,b8e6g8,trump takes record th consecutive white house employee of the month award,0
2468,7itvza,colorado cops form cuddle watch to help officers preemie,1
2469,cyho9z5,homer simpson in chile,0
2470,8451as,streets vehicles streetlights buildings in the city,1
2471,3u0f0p,the tiny furniture company giving excons a second chance in a small town in the montana rockies gracie furniture is generating sixfigure sales with a work force made up of former prison inmates,1
2472,7r2s6s,dog wearing sunglasses inside,1
2473,13xmr5,amazon deforestation at record low,1
2474,67igx5,the moe hawks selftitled,0
2475,1zxjut,scientists develop sports recovery beer,1
2476,d4jvrhc,dogaroo,0
2477,ck35m7x,sent back in time through a wormhole to our galaxy they were forced to adjust,0
2478,1p6otv,d,0
2479,x4xoe,year old runs away from home flies to italy,1
2480,4bjq3b,guard shoots yearold to death mistaking him for a ghost,1
2481,2cvp59,farmers reap the benefits of peecycling,1
2482,c7y3g3c,doubles,0
2483,bitoub,waterfall feet underground,1
2484,36w35t,fourthgrader gives her brother a new bike she won for having perfect attendance,1
2485,cb4ek5j,target locked package sent,0
2486,8bfo1d,freddie no one comes close,0
2487,5oshyi,aca enrollment highest in states that voted trump,0
2488,7jo2r3,carrie fisher meeting with harvey weinstein,0
2489,8gkkxw,jim awesome mixtape number four,0
2490,cwc85xl,jaws,0
2491,buhndy,this papaya had a smaller papaya inside it,1
2492,d2h15l,this tree branch looks like a duck mummy,1
2493,cv91ww,named him mickey because of the mickey mouse imprint on his back,1
2494,313pnq,drake o face,1
2495,cutmx14,b boy,0
2496,c5du64k,because he has hair,0
2497,60y91e,cat stretching on sofa,1
2498,coaog0f,the skin is the best part,0
2499,au5f2p,suspended riders in the sky,0
2500,e464bx7,first thing that came to my mind,0
2501,5nzwr8,these images were broadcast around the world,0
2502,dkb920,this apple looks like there was a peel taken out of it,1
2503,atiz6h,idaho teen donates g after he makes in four days plowing snow in seattle all glory to god,1
2504,4kpmnk,adultsize stroller,1
2505,2kxuhy,spanish cemetery launches online funerals,1
2506,cr7x6ha,great minds think alike,0
2507,atetf3,this massive lemon in taormina sicily italy,1
2508,7tkifb,engineer who lived modestly donates million to pittsburgh foundation mr sucklings bequest will benefit the sewickley public library the heritage valley health system in sewickley and nonprofits and programs in the sewickley region that help lowincome youth and families,1
2509,c81s2vm,lance armstrong as a baby,0
2510,8v2owu,bust the shoulders of giants,0
2511,9e8kgq,this drop of water,1
2512,874p4a,boston celtic kyrie irving is helping homeless san diego student athletes get to vietnam laos,1
2513,2sr41h,robots and monsters fictional specimen,0
2514,bj9kzn,my brother who isnt an amputee sent me this picture of him cooking,0
2515,avq06e,a visit from a dragon while sitting in front of a fire,0
2516,83poc7,a drugfree lance armstrong finally finishes the tour de france paris,0
2517,cayhuh4,other discussions,0
2518,csqofi6,and hotterer,0
2519,8hdzuo,scientists capture the precise moment of conception,0
2520,6dl2ec,like a fish out of water,0
2521,crd6in,pack of strawberries had a special square one kepkep,1
2522,5b821s,am i really a visual learner,0
2523,78z6mb,ants in my eyes johnson,0
2524,3fl1y3,the village peoples indian and cowboy reportedly at war,1
2525,c7xc0wm,what a pimp,0
2526,ciugqt2,sweet i was looking for a quite place to eat lunch thanks,0
2527,vgw82,lovely young lady looks a bit lost,1
2528,ca6sawf,kickin some fballs outside of the school,0
2529,cpafoor,deleted the file but heres a sloppy version,0
2530,1lxpsc,girl glaring,1
2531,1f8agv,france interrupts two bullet trains to aid lost elderly woman,1
2532,46sjw1,our primaries are called revolution italy s,0
2533,dbb9yn,these boxes packed together with rotational symmetry,1
2534,5a3w09,last known picture of a renowned nazi doctor circa,0
2535,5rk0ws,psst hi,0
2536,cwj6em1,yes sir nsfw,0
2537,23r3vt,south korea ferry tragedy postpones pokemon x and y anime episode broadcast featuring skrelp and dragalge death toll count reaches,1
2538,6woowp,first albums sorry if bad,0
2539,8mi0vd,us officials hold summit preparation talks despite uncertainty surrounding trumpkim meeting,1
2540,1mmn22,this dude is shocked i want his innards napkins,0
2541,bhm6hg,cant tell if this is a polar bear or an atatbut either way what is it doing in my butter,1
2542,1d304x,a tourist stops to get directions from a cop in questa new mexico circa,1
2543,dk3djp,someone put a green army toy on a green giant can,1
2544,57n424,the brics leaders posing for a photo,1
2545,bmqmvf,when you ask for enough hot sauce to fill a baby pool at taco bell apparently this equals packets,1
2546,ditbf3d,savage af,0
2547,6by06n,fat raccoon,1
2548,bdh2sv,this impression that the teaspoon left on this soy sauce mixture,1
2549,ca77iqu,we all know what you meant,0
2550,7repca,acid wash bump in the night,0
2551,c5rqjpc,face swap,0
2552,3udexu,christmas robot,0
2553,6lbr9i,john kellum every thrilling moment,0
2554,bya16l,baby pinecones,1
2555,2a2rw0,white house reporters dash for the telephones after they had been told by presidential press secretary stephen t early that japanese submarines and planes had just bombed the us pacific fleet at pearl harbor,1
2556,2n61gk,what its like to date a horse,1
2557,c0qtpo,escalation risk,0
2558,cyj8001,fat slenderman at walmart,0
2559,bxk0kf,a random leaflooking bug just had babies on my hanging chair,1
2560,4k1uww,puthenthope follow,0
2561,c6pmq0t,ghosts,0
2562,bceipm,this geodes point star,1
2563,bez32v,you can see three different colors of paint on my bedroomwall each from different phases in my life,1
2564,56sjxl,two blind women got to compete in a giant pumpkin regatta thanks to teens who switched pumpkins with them after theirs got a hole the boys then went on to paddle the leaky pumpkin to nd place in the race,1
2565,36w57u,miley cyrus cries as she sings tribute for dead pet blowfish,1
2566,7v65rs,vote in the streets antigop convention protest,0
2567,2k3oba,a german dispatch dog carries messages to the front line during a german offensive,1
2568,d597hi,pillow choices,1
2569,b0ftgp,this detrucked and lifted rail hopper car at a feed store,1
2570,b69o8f,this plastic trash created a mini green house on this old abandoned road,1
2571,7t0yar,a cat upon his throne,1
2572,20j9m4,antipolice brutality declared illegal broken up,1
2573,cag7epr,other discussions,0
2574,71jrmi,blow dryer duck,0
2575,byi7mu,this drawing on a trash can,1
2576,34wbs4,hungarian parliamentary elections like minded folk,0
2577,33azwm,this guy jumping,1
2578,6ucnu3,dog trying to smile,1
2579,66l1q4,this old phone that looks like a robot,0
2580,6gg6td,masquerading as reporter assassin hunted putin foes in ukraine,1
2581,dj8pem,my social studies textbook has a really old photo of a reddit post,1
2582,7v0hp7,amelia earharts final takeoff before her disappearance overseas circa,0
2583,135558,scheming boxes,0
2584,cggih6,my grandfathers national geographic magazine collection ranging from,1
2585,b9n3m5,exclusive saudi arabia threatens to ditch dollar oil trades to stop nopec sources,1
2586,cd68yu7,depression is a bitch,0
2587,5sbsie,for the sicherheitspolizei,0
2588,3kemxh,mystery surrounds hallucinatory chaos at german homeopathy conference,1
2589,cn73lzn,senseless drawing bot,0
2590,2dust7,seven arrested shot as police use tear gas on protesters defying ferguson curfew,1
2591,10y2qx,masturbating on a woman in the subway no longer a serious crime in ny,1
2592,cesu3rz,other discussions,0
2593,e16v9yl,time to bring back an old banger,0
2594,35sh3p,obama oks shell oil drilling arctic sea,1
2595,bx2fa4,this leaf embedded into the concrete,1
2596,c1c24j,this car being held up by some strong teacups,1
2597,5b74z7,an ss officer in the netherlands,0
2598,ckfp0p2,trying his best to blend,0
2599,cl45sdx,cutouts,0
2600,cc6xrbh,oh the chaos,0
2601,53ojvn,angelina jolie no longer farting in front of brad pitt,0
2602,3fnyb5,year old grandma doing a long jump,1
2603,618b1u,mindwar hollow oc illustrated this and thought this belonged here,0
2604,995vju,a close up picture of a hummingbird,1
2605,5d4nge,more than half of arrested antitrump protesters didnt vote,1
2606,4tx0ka,this baby giraffe,1
2607,cxp0li,this corn i bought came with babies,1
2608,b7wde6,biggest four leaf clover i ever did see,1
2609,5v1nzl,new york republican rep tom reed faces angry crowds deep in trump country,1
2610,5730cb,anomaly no artist,0
2611,731b6d,is it ethical for prenatal testing to tell you if your baby will be too annoying to love,0
2612,cvxk1l4,merican columbus,0
2613,cmex5rs,aaaaayy boomkeisha whats good,0
2614,71p6k3,teacher hailed as hero for taking down gunman at illinois high school,1
2615,551zgx,nadal stops tennis match as distraught mother looks for lost toddler,1
2616,c6sn9zc,the lich,0
2617,cmbrz1s,hes a wizard,0
2618,bnw2l1,these baby pine cones look kinda like strawberries,1
2619,4sn0hz,it announces ebay as strategic supplier,0
2620,6uc0ko,oksan station daily lives,0
2621,c3pmqbp,go go lizard powers,0
2622,9dbupn,were bonded for life lodi woman unknowingly donates kidney to neighbor,1
2623,7qveui,cory bookers jazz hands,1
2624,cz8ixj,royal armouries in leeds,0
2625,arzl7h,heartbreaking this man works for a website,0
2626,d5mcmxu,he lives,0
2627,2izrrr,my yogurt this morning,0
2628,c603tqe,hood life,0
2629,cq1ofhi,fixed,0
2630,7lg4ar,he understands my bitcoin dip,0
2631,yve8f,confused baby from raww,1
2632,4sigpg,gravesham how the music should be played,0
2633,29qo0o,freshly laundered monkey,1
2634,dqd19pv,hair hang in front version,0
2635,64gd37,a very happy alpaca smiling,1
2636,6yz2pp,first fullbody photo of spacexs spacesuit,1
2637,b31aor,the face your belly makes when its beer time,0
2638,dkafnt,one small branch is way ahead of the rest of the tree,1
2639,2hfsh5,panic in the playroom,0
2640,2bv7sp,david cameron visits the shetland islands x,1
2641,5z6oxd,rac make me,0
2642,3e7j13,bearded dragon striking a pose,1
2643,d8e07s,the inside of this church steeple,1
2644,cyh5pt,this neighborhood sign used the stranger things font,1
2645,bo6cl6,pole position,0
2646,5f57uu,battle miniature ship via previous winner sdstever,1
2647,c9pgyxl,maybe youre not ready for this but your kids are gonna love it,0
2648,bjvx6q,my egg this morning is in the process of splitting into twins,1
2649,8ofg73,caesar crossing the rubicon bc,0
2650,ckhglz,coke and pepsi abandon the plastics lobby,1
2651,dksw8t,a slice of cheese someone put on a pole at work or months ago,1
2652,av0uzd,cabling running through the tv,0
2653,cql7k7s,shouldve left the balloon alone,0
2654,bvliw6,slrv with muni livery mbta insignia on the side and boeing lettering on the nose weird flex but ok,1
2655,4llnp4,a distinctive looking judge,1
2656,7zy8ec,tide introduces nontoxic tide pods made from all natural ingredients to help curb tide pod related incidents,0
2657,dlggfs,these confused trees on the mtb trail near me,1
2658,51tv1r,got some new keys on my rgb keyboard,0
2659,cqw62jj,the best archery bow,0
2660,d5ultuw,obama and his one true love,0
2661,d55a8p,this shrunken gummy worm i got,1
2662,8bpq9l,my eggs today look like a screaming hell beast straight outta ghostbusters,0
2663,cbk5ove,look at him go,0
2664,wry57,dancing lemur,1
2665,dxie1z6,romeo juliet,0
2666,cb0ddxb,having a drink,0
2667,d2jbd7n,there is no escape from travolta,0
2668,deppdb,we are at the crossroads of history,0
2669,bynqoe,bath mat came with a hair catcher,1
2670,arqkz3,jelly bean floof,1
2671,crm1q7,poured a beer the bubbles made a star,1
2672,d5b5ddp,small surprise,0
2673,4tbwc1,most shocking animal mutations,0
2674,2kfqvy,baby dressed as skeleton preparing his attack,1
2675,44ro0p,jackpot got a giant chunk of cookie in my cookies and cream ice cream,0
2676,ch8oj4,this fire hydrant with a drinking fountain attached,1
2677,d1cbis,these power lines covered in vines,1
2678,9gi3fy,i used to be pulled by fingers off of some of their visuals look in the path that crosses the fewest trees is the ultimate goal lol,0
2679,cooujjm,supadawg,0
2680,8mup8l,man wearing rubber gloves and holding a hammer,1
2681,c1au53,the way this plant looks like a person wrapped in a blanket,1
2682,8osk1s,major breakthrough medical researchers just announced that a pound child simply aint right,0
2683,1fagzf,royals hitting coach there is just no reward here for us to try and hit home runs,1
2684,2b9mt4,the cornish beaches where lego keeps washing up,1
2685,59h1ho,leicester woman tries to teach husband lesson wins million on scratchoff,1
2686,5uigca,these kids at a nightclub,1
2687,1zs9ab,australian man selling luscious and captivating beard for m to raise money for skin cancer research,1
2688,c6zqeu,bonus bagel bite,1
2689,cc8xxm,this broken bottle of japanese habusake with the poisonous snake that was inside it,1
2690,3hkitf,cabinet functioning exceptionally well says leaked document,1
2691,es92sj9,available here,0
2692,27ru8a,microsoft shifts emphasis of xbox one console to games,1
2693,btg7z7,this bathroom has react buttons,1
2694,as0toa,this stick in the pickle hat jar we bought,1
2695,bkd1w2,this face made of dirt on the floor of my shop,1
2696,20ykq6,thanks for being so cool about everything vladimir putin,0
2697,d86jak,this shadow in my garage looks like it belongs to a bird,1
2698,2s4r66,woman to police kim kardashian tried to hurt kitten through tv screen,1
2699,d34kcs,this polar bear stretching,1
2700,dhyqe1,takeout receipt was stapled to the bag and through the fork,1
2701,d4zzsfy,attack on titan,0
2702,desye9,my friend found this tortilla chip in a chip bag,1
2703,c64hkp3,its a trap,0
2704,b5bt4g,yearold colton herta becomes youngest indycar winner celebrates with sparkling wine,1
2705,bz3vsd,bomb going off in the distance,0
2706,2n6rd2,the stray dog who followed an extreme sports team during a mile race through the amazon and refused to leave their side until the finish,1
2707,1lv7yg,very surprised flashlight,0
2708,55p83h,korean communications zone kill film,0
2709,4ig5ue,what a happy box of ramen,0
2710,2dbxuv,reality tv star dog the bounty hunter says hes coming after wanted war machine,1
2711,6rh24q,sally newman risked own safety to rescue stricken swan entangled in fishing wire in penryn,1
2712,8vvprg,president trump supervising the construction of the border wall,0
2713,7lzvfl,this dog that caught its tail,1
2714,ays70n,after failing to reach political win with coworkers office bureaucrat vies for domination victory,0
2715,17kpcc,smelly french family ordered to leave musee dorsay telegraph,1
2716,47pxoh,girls in tech competition won by boy,1
2717,c4o1509,obama redux,0
2718,bf5nhd,the faucet in this public bathroom can be controlled with your knee so you dont get germs on your hands,1
2719,870xwh,opinion why stormy daniels is so dangerous,1
2720,c4cl8sg,major career change,0
2721,d13k5ff,someone joined them,0
2722,1x9gke,love the new google olympic logo tribute done in an lgbt flag haha,1
2723,5xqe1u,donald trump and sarah palin eating pizza with forks,1
2724,2qs0mn,this dogs steak dinner,1
2725,ci0b1ac,fir trees,0
2726,c0wov7,this yellow lobster i found with a perfect stripe down its back,1
2727,2wlsu1,dissected mouse,0
2728,930k1y,never thought oklahoma could do it,1
2729,cvbbt1,heron devils playhouse,0
2730,8qha35,formernbabadboyturnednorthkoreandictatorconfidante dennis rodman weeps on cnn while exploiting his airtime commentating on foreign affairs to promote a marijuana cryptocurrency c,0
2731,1b3t1x,two three weasels majestically perched on a dog in a knit sweater,1
2732,4jholh,man arrested for dwi while picking up brother from police barracks,1
2733,808lhp,slaves in south carolina escape their master,0
2734,bx21ur,this sign warning cyclists of the tram lines,1
2735,1pvxal,a pigeon lands on a young boys head,1
2736,2yl7zy,tim burton to direct liveaction dumbo for disney,1
2737,31gjvv,steveo balancing a large ladder on his chin,1
2738,6fjku5,us airstrikes hit apartments in raqqa kill civilians,1
2739,c2604y,one of my beard hairs goes white at the bottom,1
2740,ccl27h,the red white and blue sky tonight,1
2741,53x26o,hudson the therapy dog is changing the future for disabled pets,1
2742,csmv2yu,the things i do for love,0
2743,bpde7e,the light hits this tabble almost perfectly,1
2744,760ync,this guy holding balloons,1
2745,c9u6yh,this snakeskin with portraits painted on it,1
2746,czurzd,year old wwii veteran only k away from raising m for the terry fox run for cancer research,1
2747,cfqxve,my piece of corn was growing another piece of corn,1
2748,bfm9lb,someone has arranged these drawing mannequins so it looks like theyre having a little fight,1
2749,18xbp1,bullies called him pork chop he took that pain with him and then cooked it into this,1
2750,2it7lj,this girl doing crossfit,1
2751,dwa33oo,trump,0
2752,39vzwp,a couple fake albums i made,0
2753,bk7xx8,this guy i saw uses fasteners instead of shoelaces,1
2754,cl10ggw,new species spotted,0
2755,ats5sa,judge strikes down north carolina voter id okd by voters,1
2756,3i72ft,tokyo japan,1
2757,9b8gb1,a bit of the brand new building at our school peeling off,1
2758,d39p29,this escalator was being repaired so you can see underneath the steps,1
2759,d85h9du,sunrise,0
2760,8bpn8s,aaron rodgers and the dalai lama,1
2761,cia1gz,the size and shape of these hail pellets,1
2762,armj5q,our brains trick us into trusting rich people heres how,0
2763,5g1v1l,huge rock balanced just right,1
2764,2euhvd,students safely cross street without crossing guard thanks to retired marine,1
2765,c5w304w,in the olden days the medical community believe saxophones would help calm the patient,0
2766,cbl0qgk,uneasy rider,0
2767,2qdbvg,fried eggs,0
2768,cfz7536,other discussions,0
2769,cbm8v9f,et home phone,0
2770,5deofs,what is in the ocean,0
2771,b4d0t8,my new plaid comforter,0
2772,c9vv0ct,lets keep it pg,0
2773,4sgf0v,this beautiful stock photo of a guy texting while driving,1
2774,56iezr,breaking news video surfaces of potential church deacon donald drump using slightly negative tone with wife,0
2775,95gp1j,crucifixion of jesus christ ad,0
2776,43xxgl,republican presidential candidate promises to reunite pink floyd if elected,1
2777,90z18r,dogs weird sleeping position,1
2778,c8dw9cx,snow,0
2779,b92n4a,cesar sayoc says pipe bombs werent meant to hurt anybody,1
2780,cxe4pb6,when the shrooms kick in,0
2781,atvl1y,the rice in the photo is the actual rice in the bag,0
2782,98bm36,two beer delivery men talk suicidal man off highway overpass ledge with offer to share a cold beer,1
2783,78fq4x,this russian hockey player and the boy in the background,1
2784,2doerp,forkmachine is hungry,0
2785,c7v8639,he was never heard from again,0
2786,bf02pq,he weighted so long for someone to find him,0
2787,d1i7jv,a bunch of matches after being lit,0
2788,cfsqgtz,prolapse,0
2789,cpzc9b,never know what youll find underneath some dirty floors,1
2790,d3q5ap,justin timberlake tiger woods pledge million to bahamas in hurricane dorian relief efforts,1
2791,eyi2wtl,available here,0
2792,3jwizt,suburban easter island,0
2793,cjmk4l6,this guy must like his metal with some suggah,0
2794,dc03dg,this rubber band which melted onto this pile of arcade tickets kept my tickets in my drawer which was near a window so i guess it melted due to the sun,1
2795,c57g7h,this beautiful pigeon,1
2796,cai6ivp,ee choya,0
2797,d4fxkh,tunisia set to hold second free presidential poll,1
2798,de5ts0z,karmakaze,0
2799,bbaexj,smugglers inn owner charged with trying to help people illegally enter canada,1
2800,9edtyy,fan going to see how first few games go before declaring moral objection to watching nfl,0
2801,cutykyx,at this point me neither,0
2802,cp6l32r,or maybe baaaaahleive,0
2803,cim3saj,disco diver,0
2804,bq3xzg,floating model,0
2805,ccexonj,since you asked nicely,0
2806,1er74l,kid about to hit piano with sledgehammer,1
2807,czelc7,the silhouette of my hand looks like the back of a giraffe,1
2808,d666j72,subtle,0
2809,2h87ua,chocolate icecream,0
2810,d8gkd20,hasta la vista baby,0
2811,1qrjav,dss worker arrested after boy found handcuffed to porch with dead chicken around neck,1
2812,c1erza,just another photo of thousands of protesters on the streets in hong kong,0
2813,cmm1kpx,american psycho rodent,0
2814,2tb74t,rancho jimeno keep on working cappie keep on working x,0
2815,dfbwi5,post office employee finds two missing children in two weeks,1
2816,cpxaif,a canoe chute built so that paddlers can go around a dam without leaving their canoe aurora il,1
2817,d4kowh0,i know i suck at photoshop,0
2818,dbptm86,taylor swift posing backstage at the grammys,0
2819,d0p3ln,flume takes the stage at burning man,0
2820,awa19u,color theory in action in science running pcr,1
2821,27h4ge,bob dole at nearly years of age the former presidential candidate and senate majority leader treks to the world war ii memorial nearly every weekend to great fellow veterans,1
2822,c553s6,why america hates iran,1
2823,elbgly5,one level recursion,0
2824,2r7p91,yawning hedgehog xp raww,1
2825,s64q1,cute girl tied up in need of touch up sfw memes and humours requested what you got battlers,1
2826,9hpdds,osama bin landen reacting to the news of his successful terror plot,0
2827,24dqsa,cash store runs out of money,1
2828,cbj1gy1,the ear thief,0
2829,clncrf,the way the water washes through my toothbrush,1
2830,441uzy,appalachian miners are learning to code,1
2831,ehnzeq0,the eternal sheep,0
2832,dk5nmuw,armageddon,0
2833,cdq9fsj,other discussions,0
2834,c84zff,they installed the wrong trimlevel seat in this brand new audi,1
2835,bf0st8,did it again for bytecrunchers because he didnt appreciate my first attempt,1
2836,cir7kw,this large strawberry,1
2837,1hov4a,retired firefighter saves baby from drowning,1
2838,cb484h3,siberiacome for the coldstay for the thawputin,0
2839,2r7orj,side by side britannia by james montgomery flagg,0
2840,clnvgp,police in venice,1
2841,cik9l0q,cutouts,0
2842,d9h8rd3,from the top rope,0
2843,5bized,conservatives shouldnt trust trump with their votes or the constitution,1
2844,3gloob,slice of cake,0
2845,1aw3j7,hungry for watermelon,1
2846,ces61c2,churchdog,0
2847,6tpgkx,christiano ronaldo posing,1
2848,cjbti3u,his fur looks like someones haircut,0
2849,dfbw0yr,we keep moving,0
2850,bl7wna,crews rescue ailing hiker from red river gorge,1
2851,bodlf7,this ladyboy ash tray i bought on a trip to thailand as a gift for my brother nsfw,1
2852,b0h7c0,man runs into burning house to save family dog,1
2853,chnrzh9,received an f in derponomics,0
2854,8790z4,john lennon during a photo shoot for the white album,0
2855,ceo455a,other discussions,0
2856,cgchp9,weekly cover contest picture by elizaveta porodina,0
2857,e6ff12c,httpsiimgurcombobwgejpg,0
2858,12sl3x,return from the well no running tap water here,1
2859,cjpvgj,a soccer player kicking up a ball oh please tell me you see it too,0
2860,8uqxvj,this flush has seen some shit man,0
2861,cgzno1,this angry pickle,1
2862,8xfgw1,boston weighs giving legal nonus citizens voting rights,1
2863,c5a3edb,derp engagement photo,0
2864,8wl74q,shut up its not a screenshot,0
2865,clnj7d4,man if he doesnt finish up this giant bottle of beer we wont get in the blks fraternity,0
2866,cc1cgaw,beefcaaaaaake,0
2867,ca29nm9,i think my new pet have caught something,0
2868,cg2s2nn,wait a minute these are not my arms,0
2869,4by3vp,this is the best meme for this leek so they can find them,0
2870,czmtvy2,coming to a theatre near you,0
2871,8hczie,coachella was nuts this year,0
2872,4fg5om,this root nsfw,0
2873,3noswq,moss covered forest,1
2874,1l9ge5,an uplifting outcome for a woman who loves doing laundry,1
2875,1nmicp,we love to fly and it shows,0
2876,cpgap8,mufasa,0
2877,bjpb21,this water spot looks like a star,1
2878,cpretig,why is this so creepy,0
2879,c0hiw0,my phone has an icon to show when your earbuds a plugged in correctly,1
2880,bjw189,rep steve cohen eats chicken during a house judiciary committee hearing,1
2881,cn3f2kl,i had almost the same idea mine was just a normal mexican turtle wihthout guns,0
2882,c89a6gs,hhypnotic,0
2883,b723oi,turkey bacon is released with lackluster response from consumers,0
2884,cb5gsgg,i should try more,0
2885,57kcwl,germany,0
2886,c78eoe5,game night,0
2887,2rt5gl,mathematicians anger over his unread page proof,1
2888,cwcvwb,this inflight magazine is painfully glossing over the current protests in hong kong,1
2889,ctu61x,this tree that fell on another tree due to a storm also the lack of tree cover caused a spotlight effect on the trees,1
2890,1rm77m,a man in a race getting chased by zombies,1
2891,2fp73l,this guy avoiding a catch at a baseball game,1
2892,c8wfkax,tonberry,0
2893,1w7fp6,the weird doll thing i found at my grandparents think i will call him scarfy,1
2894,5gk6oh,sad kanye,1
2895,55hwwb,flat earth conspiracy theory says these things are the proof our planet is not a sphere,0
2896,caojp8h,other discussions,0
2897,2riaou,office floor covered with toner rtechsupportgore,1
2898,8hk9rh,motorcyclist falls off bike,1
2899,2x8byj,this punk band doesnt let down syndrome stand in their way,1
2900,cafu0t,stranger things the highestpaid cast member might surprise you,0
2901,d3dlrb,john wick doing jutsu,1
2902,5rc7do,independence day resurgence announces its oscar nomination for alternative best picture,0
2903,9cgd7d,pp the future of the dcu,0
2904,cjws7a,from a hike on miyajima island japan if run a little,1
2905,ck8x3x0,my work here is done its time for me to ride off into the sunset,0
2906,6ff7nr,entire graduating class of onalaska wa has acceptance letters to college,1
2907,ciu17ef,cutouts,0
2908,fy1pu,overhang pool in sweden,1
2909,d18wzs6,young man posing for the camera,0
2910,djk9zp0,girl overlooking the end of man,0
2911,ctsznrh,diving selfie,0
2912,2f1r8y,kennecott hopes project will change mountain color to green,1
2913,d5xk1o,my new lienware monitor,1
2914,8cfb6w,man arriving minutes past scheduled appointment time cant understand why doctor is always running late,0
2915,b7egg5,marcus rashford celebrating his goal for manchester united with open mouthed elation,1
2916,aw3qm6,and lined up perfectly with my wallpaper,1
2917,axmc0f,rings in the sky oh god sonic is real,1
2918,dcf28dt,the hall of faces,0
2919,8uvi6r,does this qualify as fake history dates back when the d wasnt silent until,0
2920,9jp66z,king harold trying to hit that slimy bastard william before his death,0
2921,cgd5mj,driving through arizona i found this mountain that looks like jabba the hutt,1
2922,bwh3zk,the size of this payphone,1
2923,19g05g,a marine officer walking with an army officer,1
2924,atkhk1,harris vs sanders,0
2925,bx9ovh,the shadow of this snow globe is upside down,1
2926,7hiatp,americans of all creeds take a stand against neonazis at the violent charlottesville protest,0
2927,cffq0t5,help,0
2928,5faidi,why refugees are forced to drink diesel fuel,0
2929,5tqixf,this ladder was oddly built,0
2930,brxfcr,this white pigeon looking bird in my back yard with a pink band on the leg,1
2931,6kmmt8,trump risks global trade war if he restricts imports of steel and aluminum,1
2932,2ej23q,active shooter at fort lee virginia,1
2933,1tkehg,cricket holy war on as anglicans accept vatican challenge,1
2934,b2c6xl,kiddo singing,1
2935,bm7mxr,indoor weather,1
2936,bsl5it,theres a man in nyc that walks his pet pig on a leash,1
2937,b82ack,signs of spring first bird poop on your windshield or flying cow,0
2938,35216d,crouton life d,0
2939,4qpxhl,stepped in gum on the way to work,0
2940,cezxp5m,a closer look,0
2941,er6ljp9,pokerface,0
2942,cgrgtwp,night of the lepus,0
2943,7c56da,hes scared of whats to come,0
2944,c5df20s,third runnerup,0
2945,68fby6,south dakota lawmakers declare state of emergency to force suspects to unlock san bernardino terrorist suv chase staged,0
2946,dx79ht5,thanks,0
2947,2as9hk,my friend matt,1
2948,cjutzxr,cutouts,0
2949,77y6uk,happy siwash rock,0
2950,csigmj,my kittens brother and sister have opposite black patches over their eye,1
2951,8u72x2,hugs all around,0
2952,9fv3g8,this crazy car accident i just passed poor student driver,1
2953,230aif,athlete warming uplevitating,1
2954,7sof7c,burger king net neutrality ad,1
2955,bphbel,praying mantis that i found earlier today finger for scale,1
2956,5f64tf,this guy keeps staring at me like i did something wrong,0
2957,c8bb5ri,ahh that mantis but still what bird,0
2958,1u16vm,a sad dallas cowboy mascot,1
2959,2hkjzr,terrified colour run girl having her hair sniffed by a monkey man on brighton seafront,1
2960,26s0zb,a baseball player jumping into a pile of other baseball players x,1
2961,73spwx,shinzo abe at a kindergarten,1
2962,1jl680,my exhausted daughter sleeping standing up,1
2963,864utv,designed in california made in china how the iphone skews us trade deficit,1
2964,7hnh8h,excult leader who ran religious boarding school charged in toddlers s death,1
2965,dg4ni06,first cat in space,0
2966,3dwtx7,firework display in paris,1
2967,bzpngt,the islamic food banks helping british muslims and nonmuslims survive poverty,1
2968,a2f8h2,this fried dough ball mess up looks like a guitar,1
2969,6dptm2,this day old dove,1
2970,5ikm7h,the president on latenight tv,0
2971,1vs9ul,star wars xwing pilot,0
2972,eohim4o,sometimes simple is best,0
2973,5007hf,this building seemed a bit surprised to have its picture taken,0
2974,90mnus,this is a coffee stain,1
2975,985sjh,teenager recovers after being struck by lightning,1
2976,3wku9x,zombie cardboard,0
2977,2l2e9l,strike the fascist snake no bayonet xd,0
2978,1iqaqg,the jew is your eternal enemy world war ii poster,0
2979,dkk5wf,my year old neighbors stove,1
2980,cndrm9l,years later,0
2981,clj9jah,just out here hustlin,0
2982,srxup,colbert interviews don mcleroy a creationist arguing against science in textbooks,1
2983,70no1l,battle monster truck via previous winner cmatthewman,1
2984,cicfw4,owners of bet,1
2985,bghy3s,theresa marshalling,1
2986,8u43a6,fortyfiftyfive balance persuit,0
2987,cfmqdd,the way my street dries after the rainz,1
2988,664znp,ethan klein of hh productions,1
2989,cbr0vg9,his expression says it all,0
2990,cmq50y,in japan the umbilical cord is kept in a wooden ceremonial box after it falls off,1
2991,cynan4,man who took his tent home from festival expecting nobel prize,0
2992,cwrego7,most epic harold you will ever see,0
2993,4z0pod,can you tell from a childs behavior if theyll grow up to be a prick,0
2994,cqz8o99,kris kardashian,0
2995,cvxjea,the ceiling fan in my new apartment came with a mini fan and light to differentiate the chains,1
2996,bd7h5a,hit this milestone yesterday,1
2997,98l7hj,lenin a day before getting on the train colorised,0
2998,d0ou6yh,carefully river,0
2999,d60qqb8,obama pulling a bill,0
3000,802j2v,us teacher teaching an online course protecting his students from a school shooter in the class chatroom circa,0
3001,38do0c,antiislam protestor has change of heart after being invited to observe a prayer service,1
3002,4q8q6z,a british choir boy,1
3003,6umhku,isleworth mona lisa it wont be cinematic,0
3004,b18il9,always texting and driving,0
3005,cn0252l,preposterous,0
3006,cetwpx2,no,0
3007,d7yccj,this snapping turtle,1
3008,d1hvsdr,young boy drawing,0
3009,26r14w,nikki benz gets rough ride registering to run for mayor,1
3010,blv05o,the way the trails from these planes line up so perfectly,1
3011,bucjgp,ireland becomes nd country to declare a climate emergency,1
3012,d5uw98,phone repair shop inside a london phone booth,1
3013,79u316,daimonion luna tides and solar winds,0
3014,88nn3t,leicester family keeps yearold hot cross bun,1
3015,chy13o3,snoop dogg drop it like its hot,0
3016,8lhu70,us couple sue son who refuses to move out,1
3017,1113mn,my sister in a field holding a can of pepsi,1
3018,c606u2p,the jack black symphony orchestra,0
3019,d6pcav,the grapes are ripe and they are in harvest,1
3020,7i3rn1,the dead aspen tree in my yard looks sorta like mike from monsters inc staring apprehensively up the street,0
3021,7k3pq7,new groot concept art from avengers infinity war,0
3022,9gwces,we grew this watermelon in the netherlands during the heatwave,1
3023,ctmcq2,senior citizens arrested for public sex in fairfield,1
3024,3p90bg,jilted california bride gives wedding reception to the homeless,1
3025,cr7egq,israeli volunteers bring palestinians for their first beach experience,1
3026,7cgc0f,preschool inside seattle nursing home brings together old young,1
3027,37fbmp,mindblowing these common household items star,0
3028,ddmn3vj,ghost,0
3029,50jajf,dilma impeachment,1
3030,aukhlj,lawmakers seek permanent solution to the homeless crisis,1
3031,765lct,trump expected to make us move against iran nuclear deal,1
3032,bjr690,this restaurant i went to had wall tiles shaped like cassettes,1
3033,cfrxew6,kim and kanye,0
3034,d7r7m0q,harambe didnt die for this,0
3035,arm6im,the layers in my coffee,1
3036,b3wbvi,my local walmart is selling a playstation game,1
3037,e0ajr40,mouth to eyes,0
3038,2xlyaa,utah womans wedding gown purchased by mystery bride,1
3039,aza1o7,my nintendo switch cases zippers are joycons,1
3040,d9mfcz,the back of this from my watch,0
3041,dq51fvu,raiders of the lost cat,0
3042,41j4vy,german gun turret from wwii in france,1
3043,48s64e,gorgeous black slip dress,0
3044,1dkxkd,cops boy arranged to meet prostitute who stole ipad piggy bank,1
3045,cdtce4a,kings of the cyber commandos,0
3046,e0zi24t,i suspect one of them be a russian spy,0
3047,d9oe1z0,back in my day a gentleman would give up his seat for a lady,0
3048,8kkznk,rev michael curry gives the sermon at the royal wedding of harry and meghan,0
3049,94qnw9,the heatwave in europe has prompted swiss police to outfit their dogs with shoes yes there is a photo,1
3050,6kglme,judge blocks californias highcapacity magazine ban,1
3051,c81gbxz,this comment about the pantera album vulgar display of power,0
3052,ctlccoo,here is mirror,0
3053,768hnp,this dog wearing goggles,1
3054,6c63qx,hundreds of miniature sean hannitys burst from roger ailes corpse,0
3055,b4snv1,the extent to which this chain has corroded and only in one section,1
3056,auz85s,the founder of chivalry circa colourized,0
3057,16wub8,birds make music with bum butt notes,1
3058,2yb0q7,a droopy wet dog,1
3059,c9ino3r,doodie its no big deal,0
3060,cknpku7,but this immediately came to mind,0
3061,cbqe2l,food reality television highfunctioning alcoholic,0
3062,1id538,think smart not stupid think education not guns,1
3063,dl4gd53,when you start to question yourself after months of being on okcupid and still got no matches,0
3064,82ctl9,the absolute worst bands of the s,0
3065,ew8c2zq,woooooahhhhhhhh myyyy eyeyeeeee looooooooveeeee,0
3066,eqrkdo8,httpsiimgurcomxgqqfjpg,0
3067,8d7ul6,god saved his life he says now he is giving back one pot of soup at a time,1
3068,dsukmmo,look what i found michelle lembas bread,0
3069,ckg6vkf,feline with frickin laser eyes,0
3070,8du8ft,law graduate gives his gown to his greatgrandma so that they can graduate together,1
3071,2nhlkx,xmas party goer stealing my shot,1
3072,ck4hfb,this salt and vinegar chip with a perfect little heart in it,1
3073,51gn9e,john carpenters the thing monster has been hiding a secret in plain sight this whole time,0
3074,6wl6za,father of late metallica bassist cliff burton reveals that he has been quietly donating his sons continuing royalties to scholarships for music students in the san francisco bay area,1
3075,1ci3ud,boston marathon kindness,1
3076,1wpavu,the beloved and by that i mean hated david stern hugging up on mark cuban on his last day as nba commissioner,1
3077,3rj6j7,proposed colossus of rhodes rebuild,1
3078,5ou3bh,the day reagan was shot,0
3079,c6emxdm,something in common,0
3080,d1yry8j,one time i turned into a dog and they helped me,0
3081,4rtkuc,teen had absolutely no say in becoming part of snapchat generation,0
3082,bum5hc,military police protecting the president of malawi,1
3083,cirakf1,cutouts,0
3084,b1iws3,god punishes adam and eve for eating the forbidden fruit from the tree of knowledge cursing them and punishing them with shame and banishment from the garden of eden also known as the fall of mancirca bce,0
3085,bftnuf,this miniature flamingo loaded something at a bar,1
3086,di5stn,rare image of a dutch crusader on his way to jerusalem c,0
3087,czqmiyg,election excitement,0
3088,cjqcvg,the protein shake i made looks like wet cement,1
3089,d88h8w,a plant that didnt grow on the wall,1
3090,9a6ab3,d,0
3091,dylkneo,trying to git gud,0
3092,cn7e2w,this enormous cucumber we bought for lack of bananas leek for scale,1
3093,cs62d5l,mrs smith,0
3094,aykyac,headless man in the subway,0
3095,2atjoz,mom jailed for sending yearold daughter to the park,1
3096,8siy3e,protestors near the usmexico border,0
3097,6qf6l1,lonely celebrity at conbravo autograph session room,1
3098,bs3r7z,ice from back of fridge showing divide between ice cooling too quickly and becoming opaque and ice cooling at the right temperature and becoming transparent,1
3099,244e7h,puppet at a party,1
3100,c5p0pzj,which one of you did this to my doodle book,0
3101,cbfnptl,the forceis strong in this one,0
3102,34fs5d,smiling toucan,0
3103,491770,little car with some stance in the shop,1
3104,5lqfvy,ill delete this tomorrow,0
3105,4k8oi9,indian power minister left redfaced after speech hit by power cut,1
3106,cw44wya,perv,0
3107,2d5jwg,scolded for late coming on duty woman cisf constable shoots self,1
3108,5sli9m,i live in the dust,0
3109,92rhk9,bombing of hiroshima circa,0
3110,ccexta,my nextdoor neighbour have got a real friend,1
3111,3b5kut,question over sale of confederate flags sparks search for a bomb at an arab walmart,1
3112,7u9fvx,smash imperialism circa,0
3113,d4i95b,its a bit hard to see but i can see a cat on the painting,0
3114,d08upb3,ramble on,0
3115,crwzlw,the impending doom over my town,1
3116,8je8bj,early adopter of chan attempts to hit on a real woman,0
3117,7jcz9t,dad of battling als gifted g from secret santa,1
3118,8n8632,bugz,0
3119,bifpm7,this restaurant has boxes on the tables to place your cell phones promising a better dining experience and improved relationships,1
3120,bccuw4,white house proposed releasing immigrant detainees in sanctuary cities to target political foes,1
3121,46w6g9,this cat enjoying the sun,1
3122,9481e9,nikoline lundgreen you know how i figure,0
3123,cl9vxa4,scandalous,0
3124,8ixujs,donald trump proposes to melania trump,0
3125,d5xju9s,famous,0
3126,260qck,long day for animals parrots seized at airport not allowed to take flight,1
3127,c51izwr,so come on down,0
3128,e1pt4xg,bored movie geek,0
3129,2c0dhy,encircle technologies is a nonprofit startup that works to provide technological training to young adults who fall on the autism spectrum,1
3130,7a3pzv,emojis are the perfect guide how about a year late with a meme as a millennial i can deeply relate to these keeeeds,0
3131,cdqzn9,my brother somehow hit the pingpong ball up there,1
3132,dat18m9,man running on a ball,0
3133,e65jacu,there are children watching,0
3134,8uyhu9,these shoes are grumpy about having to be on shelf,0
3135,c2ahw0,this road thats beenis being destroyed by a landslide mam tor derbyshire,1
3136,ckktih2,miley,0
3137,6giptk,mid operation,0
3138,cnw8eio,now with more range than ever before,0
3139,60iv0n,all aboard can a railway legend deliver at americas csx hunter harrisons precisionrailroading method requires trains that run on time,1
3140,7g5o74,white house report new tax plan would increase jobs,0
3141,auwiun,spiders lunch,1
3142,1daueg,lakers give staples center fans white towels before mustwin game vs spurs,1
3143,4n1dop,police officers accused of using helicopter to spy on people having sex to face trial,1
3144,83s1wc,giant sinkhole engulfs parts of guatemala city,0
3145,6zkmo0,investigation into clinton lawyers accused of deleting emails is ordered,1
3146,cumn9i,this jar of jolly ranchers melted,1
3147,1xod9b,my syrup bottle seems excited to see me today,0
3148,75b0c1,footballer celebrating,1
3149,376r9d,calm flexing,1
3150,7c48gi,italian navy scuba divers assist in underwater ops during the gulf war,0
3151,7wq5gh,northern hawkowl flying in quebec canada,1
3152,2rshvs,my nephew after all the waffle cheese fries are gone,1
3153,2asiil,marijuana the great pot experiment legalising a drug is harder than it looks,1
3154,b1wtf8,today is the only day you can post this,1
3155,bxauty,a colored quarter that someone gave to me at work,1
3156,cbu18o,my grandad was shot down in ww and became a japanese pow this is the page in his log from that day,1
3157,au2anw,satisfaction always kmart,0
3158,7t08ff,a puppy that was to be put down because its owners could not afford lifesaving surgery has been saved by a student veterinary nurse who stepped in at the last moment fay alsworth raised ps in six days to pay for nelly to have a specialist operation in somerset,1
3159,b7tmkc,this old gas pump i found,1
3160,7zbzbv,terrifying looking monster my friend made in minecraft,0
3161,bih6th,this gopher tortoise equipped with a tracker and antenna,1
3162,bvp40b,lil cuz summer daze,0
3163,c72s5qc,romney not at all happy,0
3164,4k85rd,roger roger,0
3165,c6jctm4,interspecies karate,0
3166,c8j7ogq,i took your concept one step further,0
3167,dgquuq,joker with a surfboard,1
3168,bxbdot,almond cookies that look like sand dollars,1
3169,ceam2k,johnny depp auditoning for a part in the gods must be crazy where he lost it,0
3170,awmqqz,a man with autism behaving violently winds up in the er the officers on duty respond by singing and dancing,1
3171,9jfoze,this selfdriving car parked while on a test drive,1
3172,chejbgn,cutouts,0
3173,cytzci5,this involves putin,0
3174,4d0jat,black tie stereo poprock sounds like maroon taylor swift donates dollars to seattle symphony,0
3175,8f6atx,post grad bummer drummer,0
3176,dqgn0hz,i had to do it,0
3177,b4t40r,kylo rens voice replaced with a bongo cat solo,0
3178,cicwchf,what else could it be,0
3179,b91no4,i found a leaf clover,1
3180,d8tog29,spartaaaa,0
3181,cs5kh8r,one does not simply walk into mordor,0
3182,cm8ubn6,a link to the past walmart edition,0
3183,3yh7kt,gareth bale surprises patients at childrens hospital for wales,1
3184,ck8elb4,other discussions,0
3185,bdidz9,this secret envelope,0
3186,chdsc3u,twoupsmanship,0
3187,cqfx7nc,these things dont have to be boring,0
3188,1kmn8r,a picture of my friend on new years eve,1
3189,cj23vtd,the first kitty,0
3190,10ztug,i consumed this,0
3191,608d0x,humpback whale,1
3192,2higc0,the happiest box in the world,0
3193,c7qzric,shouldnt go into the jungle alone,0
3194,ckqbcez,dear god nooooo,0
3195,chzktt8,he learned how to tie a knot today,0
3196,bzfdvm,accused russian reporter to go free after outcry,1
3197,5310p7,my cat is most honorable chairman of my fluffs in her nest,0
3198,9jjez3,this vibrant fungus that grew overnight by my house,1
3199,cc00wxh,star ball,0
3200,1wu62b,colonial homes in antigua guatemala,1
3201,9k04kx,turkish poster from the grecoturkish war s,0
3202,9i7dt0,this stick looks just like a lizard,1
3203,b4mrft,amy schumer getting angry for another pig joke,0
3204,18kccn,ive never felt more guilty changing handbags in my life poor little guy,0
3205,d75gub,the condensation of the fridge froze and sealed the can with a layer of ice,1
3206,dpa3il7,theyre not welcome,0
3207,c8e77t,saw this moth and thought it was bird shit at first,1
3208,1hy6a7,friend canoeing in springs,1
3209,9k60mk,british man complains about american doctors,0
3210,8w41wf,final images of louis xvi of france moments before he was executed by guillotine at revolution square,0
3211,dk41bxp,years later,0
3212,co2wmpf,a bit awkward,0
3213,ckxaxa,this moth i found on a mirror,1
3214,7sbrfj,look who i ran into while playing pubg,0
3215,c5mu6a0,trex,0
3216,5oe6t2,donald trump prays with martin luther kings son presidentelect makes peace move with mlk iii who issues call to bring america together after trumps spat with civil rights icon john lewis,1
3217,cl6978,this tiny saw blade i made,1
3218,106wee,found while looking at a d view of dublin city,0
3219,bvp2y7,i donated blood and they made me a bow out of coban,1
3220,9bdhta,ceiling bin for baloons,1
3221,d7flvo,indeed that is exceptional value for,1
3222,c9f331v,i felt bad for the other guy being left out,0
3223,8bh0mx,the exclusive inside scoop on our secure borders now freedom is dover,0
3224,d8cad2w,minor detournment,0
3225,cq0jhq,security guards walk in on jeffrey epsteins suicide,0
3226,13g4o8,city hall in paris is a fine building,1
3227,b3my52,trump set to sign executive order on campus free speech,1
3228,6zvsxn,im afraid you wont be coming to our new headquarters declares alexa as amazon execs find themselves locked in seattle office,0
3229,5waw62,unhappy girl in barcelona in flower costume,1
3230,5szvf4,of us adults suffer hearing loss,0
3231,439t7f,a flounder blends in with the seafloor,0
3232,2rse75,this somehow sadlooking vehicle right here,1
3233,cxrcmq5,my name is john clowner,0
3234,84nqz7,a south florida couple marked their rd wedding anniversary by undergoing a live kidney transplant,1
3235,c8rh9p7,wake up and feed me asshole,0
3236,67qzk2,fragments an unkindness real song,0
3237,d7wsmz,the parking garage we paid to use has tesla only locked bathrooms,1
3238,74vhad,print error office rejects,0
3239,exso8ww,httpsiimgurcomupwjpg,0
3240,bd8tyg,this leaf i saw on the way to work looked like a violin and bow,1
3241,cy31er,this acorn we found that looks like it has a face,1
3242,34p7r4,david rockefeller being,1
3243,bj1kfp,these two men in calcutta sharing a cramped space one above the other to earn a living,1
3244,8x2va3,italy bottom left with the rest of the entante powers top right at the treaty of versailles c decolourised then again,0
3245,az67rk,the foot of st peter from years of people touching and kissing it,1
3246,14x5gg,clouds over the marina,1
3247,7o7zjv,teenager after having porn magazine taken of him,0
3248,4csqgt,duck taking a walk,1
3249,2m75ht,the tallest man and the shortest man in the world,1
3250,f3ujlye,available here,0
3251,6203fd,a moose and espen askeladd by preikestolen norway,1
3252,1g4r2j,utah man allegedly raped unconscious woman to save her life with his penis,1
3253,2ap8tz,pug with tongue stuck out,1
3254,7ngnrz,tenth whiskey all kinds of ways from roldschoolcool,0
3255,co28pks,rockin,0
3256,cqavaa,hair portrait of thai king maha vajiralongkorn,1
3257,brz2ze,report mississippi lawmaker punched his wife because she undressed too slowly for sex,1
3258,cslrtdu,bicicletta,0
3259,cd50ka,this dorito is shaped like a paper plane,1
3260,bu8lhg,my friend received these dismembered hands in the mail,1
3261,1vo9aw,kid losing at dodgeball,1
3262,ctxe6c,this bedsheet in the washer encapsulated all the other bedsheets,1
3263,cu8pt0,before and after of a command hook apparatus going through a garbage disposalcourtesy of felines,1
3264,d17szf,somebody accidentally dropped a mm and it landed like this,1
3265,9eciza,the food menu from the hms titanic,1
3266,erxpvte,with husband,0
3267,1snnlp,cristiano ronaldo jump,1
3268,4c5nm2,mont saintmichel at night,1
3269,ksd3c,my coffee machine creeps me the fuck out xwtf,0
3270,cf4csth,other discussions,0
3271,8jc31m,it does get greasy,0
3272,7wv4l8,san francisco ers colin kaepernick taking a knee during the national anthem,0
3273,8w2o4c,chopper pilot receives word from top branch to rain hell upon a nearby rebel village,0
3274,ced8wtq,absolutely no taste whatsoever,0
3275,6cdgdi,harvard researcher to test antiaging pill,1
3276,1vhm64,dog getting head scratched,1
3277,bqz8lf,my brothers math book has a page full of random numbers,1
3278,7ffi9g,ajit pai the man attacking net neutrality,1
3279,3gsn6x,bock bock begawk,0
3280,cbohkzh,mormon fighter for ps,0
3281,cupemu8,baaaaaread,0
3282,1tfnz3,mustache kitten,1
3283,do8dlza,available here,0
3284,8uz5r8,tiny little spider webs,0
3285,436gcv,pd man drives kids to spray tomato juice at planned parenthood protestors in tempe,1
3286,ciuxrz,a looong spoon,1
3287,cj0ff5q,okay so this isnt very good but,0
3288,5oqr5l,seal on rock in cabo san lucas,1
3289,djd5r9,new california law to allow drivers to eat roadkill,1
3290,bnzhzn,trucker pup,0
3291,5swpf4,why the heck are people still buying gta v its like years old,0
3292,brtsfa,tough gang,0
3293,cg6jrx,what would you do for a klondike bar give up taquitos just crack an egg and pork bbq,1
3294,3c30jp,the nbas smartest team decided to make a woman their head coach this summer,1
3295,ccmy4dn,other discussions,0
3296,byfcr4,two aos si attempt to kidnap a human child to replace it with a changeling ad,0
3297,7swt5l,eyes of the home skies civil air patrol poster from,0
3298,87hske,the cancoons you got this one,0
3299,cu93kx,my university has a vending machine for biological reagents used in dna replication and cloning,1
3300,1wc19i,how a wallaby eats a sweet potato,1
3301,c1ukrf,floating teapot fountain,1
3302,cugmg5,im just gonna send it hmb as i jump in front of hundreds of people,0
3303,5a9ear,otter looking on with mouth agape,1
3304,c84uch,a moth trap in my garage overnight,1
3305,2ph1n5,this gentlemen dressed as a centaur,1
3306,c3ymny,pallbearer holding coffin and fountain soda,1
3307,clh6qf5,fantasia,0
3308,dlg3jfx,scorn,0
3309,1zqu9g,head likes a hole,1
3310,10wlkq,the many faces of a network cable crimper,0
3311,c6nk09,farmers uprise in protest of increased taxes in the us state of massachusetts,0
3312,d7jhvfr,thirdparty option,0
3313,bmogt3,georgia just criminalized abortion women who terminate their pregnancies would be subject to life in prison,1
3314,6bm28f,duck ramps appear at us capitol but not everyone is pleased,1
3315,cj4ydwl,dr kitty,0
3316,dfedkd,ussr by sabena belgian world airlines belgium date unknown,0
3317,236j2s,beard trend is guided by evolution,1
3318,1cgwu9,find the helpers,1
3319,czb8nq3,more,0
3320,75bwso,this happy car,0
3321,9hbsc4,astronaut serena aunonchancellor examining her eye with a funduscope,1
3322,9a0fjg,this giant bird swooping down to pick up a car,0
3323,2fmais,colin powell and norman schwarzkop know how to hold their liquor,1
3324,25hrt4,fishermen help deliver baby hammerhead sharks,1
3325,c5yz3s,street is being torn up and you can see the original cobblestone,1
3326,39cby8,two guys creeping at a wedding,1
3327,13rb2u,south korea pays homage to rich toilet culture,1
3328,6869yw,seal pup reunites with mom at carmel cove,1
3329,63abzh,dr seus the lorax but ted will never die drskrillex bit remix,0
3330,cq379lk,and when one head was cut off the place where it was severed put forth two others,0
3331,1rmomj,caught on camera officer pulls driver from flaming truck,1
3332,cbuaeyi,other discussions,0
3333,cx858ie,its going down,0
3334,3n9iar,soccer player who is like totally done with the balls antics,1
3335,cdmjl3,this painting of jesus that looks like young harrison ford,1
3336,b8wmu9,julian castro proposes immigration system overhaul,1
3337,8oheql,my ghastly egg seems scared of her boobies,0
3338,9anqtq,police report richie incognito wanted to cut off his dead fathers head at funeral home,1
3339,2x7d2t,first time posting super shy b nicz plz,0
3340,18qr12,a picture of my cat upside down and yawning,1
3341,9f8nw9,frog skeleton inches from our pond,1
3342,ccwf1b4,other discussions,0
3343,1zfj8o,my friend is a bit sleepy after a night out so he decided to lay down while we wait for a bus,1
3344,cza5nj0,you chose the wrong mother to pick a fight with,0
3345,au1u6n,well thats cool,1
3346,cm7jcx,i found a cool bug at work,1
3347,e1br097,face forever,0
3348,bcgizp,mexican american war colorised apr,0
3349,cadwr4f,other discussions,0
3350,b4mom0,this eraser is a little taller than normal,1
3351,cvbn9n,this house built into a hill,1
3352,47yfab,ku klux klan rally in anaheim erupts in violence three stabbed,1
3353,7k1bt3,red hot chili peppers anthony kiedis says this is what he spends the most money on,0
3354,988apx,staying alive,0
3355,601423,robert downey jr petting a couple of pigs,1
3356,7e6stk,four aligned airplanes,0
3357,b265zt,this rolling ruler,1
3358,cjj8sfy,now with more meteors,0
3359,3uy486,hey bender you ever kill a man with a sock,0
3360,8ck40m,lena fanning daveys keeping secrets,0
3361,2cdn97,news channel airs spiderman fight instead of footballers apology,1
3362,btia7i,james charles new makeup palette goes on sale,0
3363,cu79rd,hex tiles for catan,0
3364,cjvn3ms,you know you all wanted it,0
3365,d6jksh,there is a tree growing out of the tree in my front yard,1
3366,d2pqzj,a kahoot clone has memes before the next question at least theyre not from,1
3367,c8grtsi,one true god,0
3368,blm1vt,i have an extra crease on one pinkie finger,1
3369,bdi37s,the creation of adam michelangelo c,0
3370,e1on276,maxells new ad,0
3371,e6lbqc6,available here,0
3372,conjva5,everyones invited,0
3373,5nnqlx,army handgun program again enters capitol hill crosshairs,0
3374,de3oxj,this bush in my garden has only one red branch,1
3375,d576tie,thelma louise,0
3376,6gjf6y,scifi robotic eye,0
3377,cidzr3y,goatzilla,0
3378,3ytnt0,this dog about to catch a frisbee,1
3379,ai013p,this hummingbird nest outside of my window,1
3380,b6s03b,peninsula animal control officer revives seemingly dead owl with hairdryer,1
3381,4rc203,nate silver is happy to be wrong,1
3382,bceknp,new ira launch counterfeit movie streaming service,0
3383,4mzo69,dog owner uses old tennis shoe to create prosthetic paw,1
3384,9eq3vj,a newly freed slave boy follows moses towards the red sea during the israelites exodus of egypt bc,0
3385,991pz5,a mountain,0
3386,cukb56t,burnt,0
3387,2s3ryz,this twofaced cat,1
3388,d5psxt,my wallet displays my name on my credit card perfectly,1
3389,cj60hiz,your friend looked a little slow to me it inspired this,0
3390,7fy20s,new study shows dogs adore human smiles and vice versa because of the love hormone,1
3391,b1oxq2,purdue university bans netflix other streaming services for students in academic buildings,1
3392,cqv9e7h,naughty child,0
3393,9e2wzz,because theres more ad campaign circa s for kro a catholic broadcasting organisation on dutch public broadcasting,0
3394,c8frbz2,he was never the same after nam,0
3395,ajspuc,man dangles from toll zone superstructure,1
3396,cet2w18,other discussions,0
3397,dhgydl,my pantry onion decided it wasnt done growing now all the water is gone from the root,1
3398,cp66xn8,helisheep,0
3399,5n7plr,a dog chilling with his christmas presents,1
3400,bafvho,what the hell is a blockchain phoneand do i need one,0
3401,6ys7gr,bass player in the groove,1
3402,3b2it2,hot air from rajasthan power plants have fanned karachi heatwave,1
3403,cijjp6k,kitty got flow,0
3404,6q8wk9,cat with eyes wide open and tongue peeking out,1
3405,364jf7,cut open a pepper and found a smile,0
3406,c60kam7,ask and you shall receive,0
3407,8bsvtb,russia prepares for nuclear war with us instructing citizens to buy water and gas masks,1
3408,cmbbpqg,im sorry,0
3409,c94tv8b,well see who has egg on their face,0
3410,1g8tqg,blessed are the peacemakers modern painting by ron dicianni photographed before being removed from the mountain home air force base dining hall after a complaint by the military religious freedom foundation current event,0
3411,cak2zq,now this is how you party,1
3412,1aco8p,je crois i believe canadian wwii poster x,0
3413,1wjjih,man getting sprayed with hose,1
3414,39aas0,girl doing a handstand holding a bow with her legs,1
3415,19eb71,kim jongun looks over a buffet,1
3416,d3nmfc,this glasses store has a wall paper for ways to read your book,1
3417,dsnsz0t,his lookalike,0
3418,47oik1,tony hawk holding his daughter like a pendulum loosely while on a skateboard,1
3419,7d6fww,the nazi party using ice cream to lure kids into joining the deustches jungvolk division of hitler youth cca,0
3420,9k5zwk,a woofer looking like a duck face,1
3421,ctwqc0,despite being shot by a policemen this player etched his name in the history of indian hockey,1
3422,dfheyz,this gentleman with the very robust lips,0
3423,cjj1pf,something sprouting from my sponge,1
3424,9jilil,this shadow at lake powell,1
3425,24sdgo,inventor of a smart air conditioner will get a cool half million,1
3426,bwsu8u,be a man among men recruitment poster by the rhodesian army,0
3427,aru22y,read the full transcript of former fbi deputy director andrew mccabes minutes interview,1
3428,5e16pq,disney had this animation secret watching it i never saw this coming,0
3429,c9150u5,silly man what are you doing,0
3430,84zwss,james mattis is linked to a massive corporate fraud and nobody wants to talk about it,1
3431,2dqhdg,pablo picasso holding gary coopers gun,1
3432,bpjc59,these horses made from wax,1
3433,2eyuo4,kentucky state fair winning pie being investigated,1
3434,1w7weo,tradition without torture posters against the bulls abuse during the tlacotalpan fair animals rights mexico contemporary,0
3435,7nzxzn,this cat mid yawn,1
3436,4eds2m,navys futuristic destroyer is apparently too stealthy,1
3437,c8b2g2l,not impressed,0
3438,cpwjf9,added salt to my drink and it made little craters in the ice,1
3439,4zzgjk,corsica italian land s,0
3440,bipvel,found this giant yesterday at the market,1
3441,5evzbn,walking chameleon,1
3442,eiwwsk2,mario kart,0
3443,4qmkve,paris oc,1
3444,e4egqeb,httpsiimgurcomaoolkejpg,0
3445,3d2lmp,teen receives free heart surgery thanks to this doctor,1
3446,bsi9x8,smarter than a bonobo trump political ad,0
3447,4di6fk,dday veteran pops the question years after splitting up with his sweetheart,1
3448,ekii0ch,fury road,0
3449,bg00ui,this photo i took in ayutthaya looks like a painting,1
3450,ddc6uq,i came across a emergency beer ambulance on my drive today,1
3451,cnkl6wk,ducks take gymnastics very seriously,0
3452,cebid84,he was probably the biggest standout at the santa claus convention,0
3453,8valxn,the glare from the sun on my closet door looks like some buff arm pulling a chain,0
3454,2fg212,a girl and a horse,1
3455,ch0stq,nutsedge bulbs i pulled on them and it came up like this and yes i know the best way to get rid of them is to spray them,1
3456,7l4vyv,this boy standing in front of fallen statue of lenin in ethiopia,1
3457,d7ptz1s,retreat theyre using wiener dogs,0
3458,7rkmav,tom brady at a press conference before the afc championship game,0
3459,evjggz2,obligatory switch,0
3460,55u6rt,donald fred trump with mike tyson,1
3461,365qye,three point bridge built in comacchio italy,1
3462,cn9jfb5,kicker,0
3463,coo8co6,the greyhound,0
3464,d7240z,this belt seller i saw in florence looks like andy serkis,1
3465,c9rqz22,yep pretty much,0
3466,7z6uax,this derpy crab watching me outside my window,0
3467,5fqwlr,a harrowing time for american crime,0
3468,dkcdjj,two rolls of tape in my pocket one fit perfectly in the other,1
3469,86awcd,scout selftitled,0
3470,c8h6of,my cats eye that for some reason turned brown two years ago,1
3471,d96q2r,coindoor,0
3472,bgw1s5,kim jongun wearing a fedora and peacoat,1
3473,71kmw0,vice president pence fighting off illegal aliens after the fall of trumps wall circa,0
3474,c8ksvgz,disco,0
3475,da52k4j,up up and away,0
3476,7moikw,queer flesh gordon,0
3477,ck70g79,censored,0
3478,c5scarj,does this,0
3479,7u6qtt,soviet band playing anthem at rally c,0
3480,9k7wlb,saw oneand then they kept appearing,0
3481,c789vwl,hold up fuckin paul says he didnt get the memo about changing the masks,0
3482,c5mojav,bears creed,0
3483,3aqgws,sorry witches you wont be able to buy spells on etsy anymore,1
3484,d8eqyjv,notebook with the name jon snow,0
3485,1hw11j,andy murray after winning wimbledon looking fabulous,1
3486,cu7um8n,who is the dead one,0
3487,c4chj86,bathroom banana,0
3488,cuqg86,an albino peacock,1
3489,d6nt71,went to the hospital the other day and they had me bring home these nasal sanitizers,1
3490,8jyibq,cody reflections at,0
3491,dmtag2d,change the blend mode easy peasy,0
3492,dqcrb11,did you hear the tragedy,0
3493,d0eiqhr,eat it,0
3494,2yg0b1,movie group to kill piracy by not releasing movies for months,1
3495,4jwp17,onward to an european future vs together with russia two electoral posters showcasing the geopolitical fracture in moldova parliamentary election of,0
3496,dfn5n0k,followed by a devastating shit,0
3497,aug4hz,this walkway is lined with bowling balls,1
3498,28nyls,man pleads guilty to harassing women with cheese,1
3499,arph23,this was that needed to be assembled and sold i still think about it wonder if its happy with its new owner,0
3500,8142e7,women tv writers ask where are all the women tv writers,1
3501,736vgu,yoshimoto kogyo comedians team up with fukushima to restore disasterhit scenic rail line,1
3502,d3rgbi,this art piece at my local museum,1
3503,390tz1,suicide bombers detonate themselves after heated argument turns into fight,1
3504,4ehsmq,canadian caught with turtles in his pants sentenced to five years in us,1
3505,7tnve2,news emotional moment the grammys just projected a hologram of tom pettys corpse on stage during a moving tribute,0
3506,cd4qh6m,my sis amanda is pregnant,0
3507,6edddb,this mom gave birth to a healthy baby then weeks later no one was prepared for this,0
3508,c9a46mt,shits about to go down,0
3509,5xqv4h,adele holding a tshirt cannon,1
3510,bqcxvh,found this rock with a heart shaped agate cut out on the oregon coast earlier today,1
3511,2y02jv,woman protests ubers bodily fluids fee,1
3512,30xlkf,benches clear in a spring training game because of a simple strikeout,1
3513,1n8wjx,liverpools mamadou sakho in training,1
3514,d786h8,discussion on what christ the redeemer should look like circa,0
3515,1dp3oz,government forces benefits claimants to use windows xp and ie,1
3516,cn6f05,my teachers weird obsession with barry manilow,1
3517,37eu1r,coalmont bc phone booth destroyed in bizarre feud to be replaced,1
3518,czl6ry,this german highway without stripes,1
3519,av6z5o,how well my jeans seal off the debris from work,1
3520,6e0pgy,liam gallagher will donate manchester show profits to bombing victims,1
3521,5tppct,stephen miller,1
3522,btootw,these signs in my tomchee,1
3523,2z6bo3,steve jobs refused liver transplant from apple ceo tim cook,1
3524,34zox7,austin tx oldest world war ii veteran celebrates his th birthday,1
3525,b6n5td,a pool table converted into a couch,1
3526,16kj2x,area man joins organization where nothing much ever happens,1
3527,cejoxjv,skate or die,0
3528,covg1su,hes at it again,0
3529,bajqbb,le profile,0
3530,1xram7,an overly excited surfer,1
3531,cze0a6u,a really huge baby in his dining room,0
3532,7l00mq,model on the catwalk in a red coat and a white scarf,0
3533,bhofjt,first known shakespeare quote,0
3534,9bkh8l,the way this ice has melted in my water bottle,1
3535,b5i1hw,kirby makes new religion bc,0
3536,dzqcb8u,turtleeating strawberry,0
3537,10tjun,greece to spend almost eurm on building f track telegraph,1
3538,54g76d,this bird with a death stare,1
3539,1q5hyk,crazy eyed look during wedding reception,1
3540,2txjme,fivehead dispenser,0
3541,2uykph,bible belt excited for fifty shades of grey,1
3542,csn99b,texas school officials sued for allegedly coloring in black students fade with permanent marker,1
3543,c39jn9,borrow a dog for bring your dog to work day through nashville shelter,1
3544,cfn52f,found at the vets office i especially enjoyed a business of ferrets and an unkindness of ravens,1
3545,chksgnw,cutouts,0
3546,cdejv05,upside down,0
3547,ay6dxt,this parking garage has lights that indicate opentaken spots,1
3548,cr0kf6t,horror on th avenue,0
3549,bz0m0k,two of our trees at work are leaning after mph winds and torrential rain,1
3550,c7yab37,some great advice from eugene mirman,0
3551,f3ion00,great scott,0
3552,1rk5nl,tap that bro researchers reveal the science of tapping beer bottles,1
3553,b2rsze,this sammy sosa book someone was giving away at my apartment,1
3554,df4i1d,owning a dog helps you live longer scientists say its true,1
3555,bdw4fh,the paint on this street light,1
3556,8p7bjn,stellar flower,1
3557,d264cps,dead kitten boom mic cover im not kidding thats how they are called in the film industry,0
3558,9iy306,shadows from my door make my wall look wrinkled,1
3559,5a17zs,microagressor unconscious bias,0
3560,c8jngci,mario cart,0
3561,cldsm87,run,0
3562,cau0dvm,point blank,0
3563,ccvn6wi,httpiimgurcomoajbrokjpg,0
3564,18v6u8,joe bidens tip for selfdefense get a shotgun,1
3565,9c9llo,this orange watermelon,1
3566,5ex4bz,the enola gay en route to hiroshima,0
3567,bzy1vo,man struggles to eat applesauce without looking like a giant baby breakfast journal,0
3568,ccw9fg,i found a hilton key card while cleaning keys at work,1
3569,4nmjes,britains queen elizabeth ii waves as she watches the flypast with the royal family during the trooping the colour parade at buckingham palace,1
3570,3m1xva,arizona yearold formerly homeless makes clothes for homeless kids,1
3571,7xstjj,prince edward island town mobilizes for single mother with triplets,1
3572,dnmbj1q,coming to a cinema near you soon,0
3573,cyput9k,play time,0
3574,7pkmuh,caught this dude laughing at my wet shirt,0
3575,dkwp4v1,a big help,0
3576,3nqz5f,california gov jerry brown signs doctorassisted death bill,1
3577,9dke32,my fry looks like an octopus tentacle,1
3578,1km1tg,my garden hose lives in constant fear,0
3579,bk4xdb,this gymnast doll is an amputee,1
3580,6x37zr,dude takes a nap between classes,1
3581,c988ae0,he is a mean person,0
3582,c0mu7n,this fruit loop i found in my cereal this morning,1
3583,crnl7p,instead of removing this rock that people kept hitting it was just painted yellow,1
3584,35wtv0,two lost and stoned men call to get out of barrie bush,1
3585,5cqj2f,inaugural dog celebration results in several pet adoptions,1
3586,d1faikn,s class,0
3587,d5lxgg,this burned and overseasoned dorito,1
3588,5152nm,leaked catalogue reveals a vast array of military spy gear offered to us police,1
3589,bx5w5t,this sugar has an expiration date in,1
3590,953bed,it was like a superhero showed up whitby mom praises cop for recognizing daughters fundraising effort,1
3591,ckcgnte,she loves that tennis ball,0
3592,1st8fq,we found this yearold tshirt in kenya the internet found the original owner,1
3593,c6c5zgq,i got the stuff you need the stuff,0
3594,ckz0kkx,cutouts,0
3595,auge0g,bill to permit blind to hunt with adaptive equipment assistance advances,1
3596,31uj9y,turkeys top religious body allows toilet paper,1
3597,7vjdvd,when reddit mods first weaponized automoderator to automatically remove posts circa,0
3598,bk3liu,my local mcdonalds has paper straws instead of plastic is this new,1
3599,cblf3s5,fighting alien,0
3600,dha64u,the polarising filter in one of the lenses is upside down,1
3601,ceo384,this sign loosely limiting parking times,1
3602,9epj97,it looks like mulder was looking for walter white,1
3603,4ak3h6,cohost forced to tranquilize pat robertson during club taping again,0
3604,bif043,the vines grow at an angle on the side of the highway because of the air currents caused by the cars,1
3605,cver1r,exactly how i felt looking for the restroom at my mall in limassol cyprus,1
3606,as2gzc,moon cult deg requested by yetieggs,0
3607,at4siz,found this triple peanut,1
3608,31zban,marilyn manson punched in face at a dennys in lethbridge,1
3609,cpz50wz,sick burn,0
3610,9folrq,a work colleague told me about a customer loyalty card for blow job in se asia,1
3611,dbtb8nz,check out my latest doom tutorial to beat the cacodogen xbox one please dont forget to follow subscribe it really helps a lot,0
3612,c9bm1y5,hal watches in horror as dave and a squirrel kill him,0
3613,5y79x1,protester vs cop,1
3614,6rqn1z,the red hydrogen phones camera looks very distressed,0
3615,dis1w4a,bad doggo,0
3616,x7wga,what is gaben up to now,1
3617,cra6jql,empire strikes back,0
3618,519c4n,shiba inu with a party hat,1
3619,cpgcsz,a cool moth i saw at work never thought id see one like this outside this sub,1
3620,cn5u3i5,get off my lawn,0
3621,b6b63m,this cafe i was at uses a spoon as a door locker for their bathroom,1
3622,cugk9o,one of my scallions started growing in the wrong direction,1
3623,d5iiw8,this totally worn pencil at my school,1
3624,c9abrtp,they told her not to adjust any of the knobs,0
3625,5na2ei,this storm is not amused,0
3626,3dooxs,if sports drink commercials were honest,0
3627,d2knt94,now she looks like an oompa loompa,0
3628,5543u4,baby lion and baby ocelot,1
3629,1c80vm,north korea most of asia terrible at photoshop,1
3630,cyeiqw,this piece of cheese i ripped randomly looks like minnesota,1
3631,86tdcx,scientists believe they found a way to stop future hurricanes in their track,0
3632,83xfo4,british prime minister theresamay on nerve attack on former russian spy the government has concluded that it is highly likely that russia was responsible for the act,1
3633,5t1m7z,nonprofit works to break skid row cycle for homeless youth,1
3634,bflvev,sri lanka explosions killed as churches and hotels targeted,1
3635,cstm7uw,gonna need a bigger boat,0
3636,b62906,the person in my cpr training pamphlet looks like phil hartman,1
3637,5nddov,austin police explain how handcuffed suspect shot himself,1
3638,69pg1p,ways to lower your restaurant bill straight from employees,0
3639,6bdais,trump revealed highly classified information to russian foreign minister and ambassador,1
3640,cjy9ac,the only pair looking the same way are the hearts guess it has something to do with love also have never seen circular playing cards before,1
3641,3py5ro,mitt romney finally takes credit for obamacare,1
3642,c84dsrz,hes made some solid life decisions,0
3643,c6r1buv,imgur,0
3644,cts9nzd,they really hate that printer,0
3645,93kyer,i was expecting an article about jew gold,0
3646,3ezzc6,affable antisemite thinks the jews are doing super job with the media,0
3647,698jxw,life coolest rock star ever sting just gave one lucky fan a minute head start into the woods before beginning his relentless hunt,0
3648,47gaon,if there is no cool way to refresh your hard bread,0
3649,1od7nq,happy robot,0
3650,aswg2o,i smashed him lake county man fights off coyote with coffee cup,1
3651,cjjgvhd,kalimaa,0
3652,bxay7z,this half ripped off sticker looks like a face,1
3653,cvn4r3,well this is an interesting way to park,1
3654,5ycemk,weird cloud,1
3655,1h6hqo,i scared my wire chase,0
3656,6oz7rs,boys wearing space helmets,1
3657,cv23wn,found a tiny boat,1
3658,96ck3y,my wine cork just wants me to have a good day,0
3659,dwhmez5,ill be there when i be there damn russian uber slow af,0
3660,cggobmo,i would be pretty scared too,0
3661,5gbumb,our space heater has had enough of our shit,0
3662,d80fh17,harry and lloyd,0
3663,5cwvkj,proisrael orgs who call criticism of israel antisemitic are now silent as trump appoints antisemite to his cabinet,1
3664,6x6xe7,the undercarriage of a kitten,1
3665,ck75apg,other discussions,0
3666,67wjh9,south america under the axis usa,0
3667,c1ss88,juice box,0
3668,2g9n7a,finally a clock that understands how i feel in the morning,0
3669,ccx5gr7,i dont have photoshop,0
3670,b9jve1,you can still see the ink on the ash,1
3671,coe76r,swedish island offers free stays for creatives,1
3672,dhin31,there is a smaller version to aaa called a,1
3673,cpzle1,flock of creepy vultures,1
3674,7223tr,catalonia referendum madrid moves to take over local policing,1
3675,cagomyu,third wheel,0
3676,c45gonl,one giant leap for mankind,0
3677,7knx24,argentine protester using handmade rocket launcher,1
3678,4mjvk8,anticommunist poster from the cdu,0
3679,chofj4i,on the look out,0
3680,61s2i9,a rare look at life inside one of the chicago areas ice immigration detention centers,1
3681,bfezve,these two different coloured eggs from one carton,1
3682,9iuxfn,a week ago we had the hornets sprayed with poison so it came as a surprise to find this on my welcome mat,1
3683,axezz9,andrew wakefield publishes his findings on the mmr vaccine being the cause of autism,0
3684,cickzi9,took a picture of myself trying to be funny,0
3685,e2rg2wt,investigator i dont get it,0
3686,7ew0o5,spreading your legs to help sell your blurays,0
3687,7suptc,german air defense system activated against allied night raid bombers colorised,0
3688,dbmmho,my earbuds box looks like a person upside down,1
3689,53mm22,chinese pilots on parade,1
3690,cbjs612,the cat in the sky,0
3691,38abcy,pakistani politican blames women wearing jeans for earthquakes,1
3692,3haqps,ticket to armistice japanese leaflet dropped on allied troops wwii,0
3693,c1sz79,camel spider in afghanistan,1
3694,cvnob1e,yeeeeeessss,0
3695,306r18,teacher who had transplant takes students on hospital tour spreads cheer with patients there,1
3696,1qc989,friendly gangster taeyang takes a stroll at a fashion event,1
3697,7n97zb,german soldiers celebrating after invading a small town in france,0
3698,9f74qr,bought some wet wipes called happy end,1
3699,3b6gja,concept base on the surface of mars,0
3700,c9bdalf,hes got a sword,0
3701,7jck8j,tree at kirkstall abbey,1
3702,1h1a8i,cop on a tricycle high fiving a skateboarder,1
3703,cp4jaq3,bull goose loony,0
3704,61pd7c,butterflies in a glass jar,0
3705,3jutoj,this monkey with sunglasses,1
3706,9bn08o,which grievances do you wish to bring before the king,0
3707,8l65re,happy rescue dog,1
3708,c955b4t,talk to the hand,0
3709,2fwz4m,sparta woman arrested after breaking in wanting to cuddle with man,1
3710,8mlqr7,capybaraguinea pig in desierto,0
3711,dcz3es,this glass makes whats behind it look pixelated,1
3712,2xdmtt,surfers on maui grant a mothers wish after sons death,1
3713,ch37vd,things grow strained in hawaii after captain cook is forced to return,0
3714,cl9frrp,great scott,0
3715,7838o9,the worlds most powerful people you wont believe who is number one,0
3716,9bxxb6,these two mints in one package,1
3717,7u5xym,kylie jenner gets rekt pls help me find the evil voice texttospeech used here,0
3718,avbd29,my mother being carried from a boat to shore while on holiday in gambia this guy deserves a medal apparently carried the whole boat one by one nearly,1
3719,d3g38il,i dont know why i thought of this pt,0
3720,ej6wbir,mortal kombat,0
3721,d5u0ilk,who could resist,0
3722,c9gt28v,party like its,0
3723,cf6hxh3,hmmmustve missed it in theaters,0
3724,1nsnfv,birthday cake attacked in wash courthouse,1
3725,6nwfei,pomeranian in water sticking tongue out,1
3726,651nvd,wall street ends lower trump comments dampen sentiment late,1
3727,9e52za,this apple fell from the tree hit the chicken wire and then ended up suspended by the groove that was cut when it fell,1
3728,3m5voh,ndp candidate sorry for auschwitz joke didnt know it was a death camp,1
3729,c7kpab,someone bent this little tree branch resulting in a small dead portion of the tree,1
3730,7vvypf,columbus jeopardy contestant donates prize to group fighting infant mortality,1
3731,cc6li2e,another use for a paperclip,0
3732,96fn3b,poor dog about to be thrown out of an airplane,0
3733,bf70wo,peas to meet you,1
3734,1vw7kx,cop stops and frisks african american teen literally destroying his genitals,1
3735,dekflio,new album cover,0
3736,71x4ka,jake gyllenhaal holding a ferret,1
3737,cd9o6u,a couple was rained out of their wedding venue during hurricane barry so they got married at the university of louisianalafayette indoor practice field,1
3738,bglp6i,when my father in law passed we found this national treasure stashed in tin foil a quaalude,1
3739,au5787,power nap was,0
3740,58ha66,how do i go about mailing this to the top result when you search winner,0
3741,dfiud30,rip steve jobs,0
3742,8xv6le,this pile of clothes at the table next to me looks like a lounging lamb,0
3743,5kjr4b,josef mengeles auschwitz laboratory bw,0
3744,7so5bt,existinghome sales fizzle in as supply hits an year low,1
3745,bhapqb,my gyms bathrooms all have complimentary mouthwash,1
3746,cyaen8g,damn it steve,0
3747,d7att7,the floor of the old town hall in linz austria is a giant map of the city,1
3748,ctb73r7,selfie,0
3749,85mi39,bargain flights appealing to all and to all a gooood dabs,0
3750,7ue1h4,theyre watching us,0
3751,810x71,santa barbara hatchetwielding man allegedly driven to crime by hatred of teslas,1
3752,3lt3gn,mean couch bros,0
3753,7nqtx5,children ordered to sleep in bed with murdered brothers body,1
3754,738jbo,head of air force academy tells cadets you should be outraged by racial slurs,1
3755,72453y,im at a loss of words,0
3756,cguz0u0,shut your mouth,0
3757,dn505bs,out with the girls,0
3758,387psq,fifa to feature president mode allows you to control fifa set up tournaments offer bribes,0
3759,25x8fh,two happy men sharing beer,1
3760,5w1dw7,social how would you do during a weekend,0
3761,dolansq,more tribbles more troubles,0
3762,bqb0my,the last letters of my order number tell roys secret,1
3763,cu7y0j,gargantuan tarantula vs zebra,0
3764,8qbyz5,spacex successfully lands the worlds first reusable rocket,0
3765,cubqsla,httpiimgurcommrnobwjpg,0
3766,bqen8a,this apartment painted to continue the mountain and skyline,1
3767,d8i283,these towels are folded to look like a shirt and tie,1
3768,chxw2cm,cutouts,0
3769,ce0bp24,other discussions,0
3770,d7unk5,my housemate just opened a cornetto with the cone on the outside,1
3771,1vu04q,punctured tires in kabul are the work of police not punks,1
3772,8abxn8,magnum opus sincerity,0
3773,codqexx,find a field have a day,0
3774,bn1jvd,cranky potato,0
3775,dyb75s7,it comes at night,0
3776,1dhtzv,inflatable shark attack,1
3777,6ef1jf,this newly caught hogfish,1
3778,c4t3uc,italy invades ethiopia,0
3779,dyjagxg,they forgot the fucking metal arm again god damn post production fuckwits,0
3780,cl5fuwo,i am thirsty and tired that might explain this,0
3781,c69ui2r,even nicer,0
3782,6u1m93,obama tolerance tweet becomes most liked,1
3783,6ygml1,black lives matter organizer explains movement to older white americans using sailing metaphors,0
3784,t7i9r,a vanity wikipedia entry will cost you,1
3785,dnewsq6,in it to win it,0
3786,d7uz2yb,pokemon tcg caterpillar,0
3787,cjidvad,mein fuhrer,0
3788,c7nl3vu,wheel jacking is like so ten years ago,0
3789,c73sbkl,dont loose the illusion,0
3790,ccbamca,other discussions,0
3791,4v7cs0,ohio lacks an essence,0
3792,6ab27m,pair biking across usa trash cleanups along the way,1
3793,c47lj1m,its a christmas shovel,0
3794,6zkfkv,this really happy guy,1
3795,4vwjyd,bear trying to get a drink,0
3796,auxss4,antipoverty advocates say better transportation can help lower poverty rate,1
3797,27tpab,took apart my toilet to paint it these guys have seen some sht,0
3798,cl2dby2,here,0
3799,306vpg,highly expressive cat,1
3800,35y28k,barack obama looking through a magnifying glass,1
3801,538xk8,man driving a vw golf sideways in s,1
3802,2f019f,a huge apartment window,0
3803,c4snq3m,woah shredical,0
3804,2vhprj,dog mid shake in water,1
3805,6m00kq,montana geology creates unusual earthquake risk that isnt fully understood,1
3806,2i90se,the controversial artist who makes invisible art turns out to be a hoax,1
3807,yvzcc,cobweb in a desk,0
3808,ccsdc1,this cargo ship and its shadow,1
3809,dwxngcg,yoga tops,0
3810,crr7c5,my mellocreme pumpkins really wanted to be a fidget spinner instead,1
3811,eoiyb69,he needs the axe,0
3812,8tmrwo,bodycam video shows kansas officer firing on dog injuring little girl,1
3813,dshagia,unleash your wild side,0
3814,2woh0o,military veteran creates beer company to honor fallen troops,1
3815,1e1k6s,this guy ran into my shot while talking pictures at a festival,1
3816,csmef8c,you suggestive op you,0
3817,69zhg1,life did willem dafoe just independently invent the flashlight in this epic twitter rant,0
3818,bj3tgb,a new study confirms again that race not economics drove former democrats to trump,1
3819,axlesq,the ardennes counteroffensive,0
3820,cboncl,so i guess i bought these a few nights ago,1
3821,6zhcfx,rac apparently surreptitious,0
3822,54jlys,the simple reason why lorna jane wont stock plus size womens exercise clothing,0
3823,8j7khn,jesuss final moments before crucifixion ad,0
3824,2x5ypt,feds raid texas secessionist meeting,1
3825,chkqoy,america declares war to italy,0
3826,c5ozqsl,he was a jedi knight,0
3827,ay5i9u,gold and diamond ring i found in my basement,1
3828,7kakvx,walk for peace abolish nuclear weapons fund human needs poster produced for the vancouver school board,0
3829,2thiob,bald john candy with beard,1
3830,az4lu9,this hotel puts conditionershampoobody wash dispensers in the shower instead of giving guests hotel sized containers,1
3831,2d71be,syrian president bashar alassad shakes hands with iraqi prime minister nouri almaliki,1
3832,azi2cu,saw a whopper this way sign near my local burger king first time seeing this,1
3833,c1m0d5,blue moth i found in vietnam,1
3834,dhjdjm3,rejuvinated,0
3835,cd72u6,this strawberry,1
3836,7aoh5w,s word of the year revealed,0
3837,59gdz4,a tiger licking a male,1
3838,cbmdbny,shadow,0
3839,2chocf,world war us navy recruitment poster,0
3840,7beimv,first post here this was for my tea tonight and i need to grow up,0
3841,cnl9yvt,the view is looking back at you,0
3842,ddf84q,my uncles were helping my grandma clear out her apartment and they sent all of my dads stuff i found a transformer toy from,1
3843,d3t2bo,my green onion came with a red onion stripe on one layer,1
3844,9jzyhc,my drink holder was a plunger at hillbilly footwash,1
3845,b60nqe,my gum wrapper has instructions on what to do when youre done chewing,1
3846,8md4bw,giant fred,0
3847,c3r8xd7,doh,0
3848,8pjeqh,british army recruit displays captured japanese anti tank rifle in burma,0
3849,cedpw06,a darker take of events,0
3850,zlw2e,now who here doesnt appreciate the fine artistry of mimeoh,1
3851,cjb7f0,the only grass flowers in hours walk,1
3852,bd54t1,the first sundial is used bc,0
3853,dnja0nu,this man with an ordinary regular sized backpack,0
3854,4rg9fu,juno principal investigator scott bolton gives juno team personnel in the back of the conference room a thumbs up,1
3855,86aczs,watch the amazing moment as a dog comforts stranger in airport,1
3856,8z1quz,local girl scout helping the homeless,1
3857,2zuq0a,theres still some good man rescues woman from overturned car,1
3858,cmgx7y1,we cant stop here,0
3859,2dp7tv,womens empowerment the awakened woman can fight mountains spotted in an indian railway station,0
3860,bi1seb,my dogs white patch that looks like an angelchristmas dove,1
3861,c3kap9b,quick job while i was on break at work might fix it and add some effects when i get home,0
3862,cgw7ey,plenty of fish in the sea,0
3863,96wmjm,mans first attempt to fly to the moon,0
3864,3exhf9,girl born without a face finds sister across the world,1
3865,1x3asr,obituary describes woman as evil and violent,1
3866,65g6xx,nintendo hq building in kyoto japan,1
3867,5bne8n,this joe biden rumor could be what wins hillary clinton the presidency,0
3868,d3dop3g,i dont even know right now lol,0
3869,cguuuhz,eye switch,0
3870,cplmavc,generally cat,0
3871,18n5d7,robert rodriguez directing josh brolin in sin city,1
3872,caq8exz,first post please be nice,0
3873,4ongko,xray machine foils attempt to sneak iguana into boulder courthouse,1
3874,2gr83y,wound that looks like jesus on the cross,0
3875,1ky89h,cnbc argues that call of duty keeps guys from finding dates,1
3876,ewsalgc,httpsiimgurcommvvuwfhjpg,0
3877,427mlu,greece poster of the greek military junta,0
3878,c863fdp,this lads is where we defeat our enemy,0
3879,d4v7qu2,im the king of the world,0
3880,4z0g6w,this guy on a waterslide,1
3881,44iho3,d hookeye,0
3882,dgt49w,this halloween pumpkin at my dentist,1
3883,cfcgno9,i have a dream,0
3884,c7omhtn,hee hee i like him,0
3885,dylogfb,offseason,0
3886,7q1dig,walmart is reportedly planning to cut over corporate jobs,1
3887,cmr2gvc,meoowwwww,0
3888,dwt2cvv,needed to try a swap,0
3889,bht8mc,warning sign for ducks never seen one before,1
3890,3172hv,children at a ballet class in pyongyang north korea photo by hiroji kubota,1
3891,3wt0o1,oc these men posing for a christmas card,1
3892,cszbmr,my boss has a package of unused vintage crayons how old are these,1
3893,5i69ui,tips for hosting a potluck,0
3894,5v40dq,young female photographer shocked by the horrors of the vietnam war,0
3895,35h0t0,eu considers military attacks on targets in libya to stop migrant boats,1
3896,9iz2qc,brisket juice space,0
3897,2hnjcu,firefighters use oxygen on hamsters rescued from blaze,1
3898,25yb2g,this boy and his sloth,1
3899,qn1fz,tobacco label portraying boss tweed of tammany hall us,0
3900,b82aum,harry potter books burned by polish priests alarmed by magic,1
3901,2unrp3,man wistfully looks around website he hasnt visited for minutes,0
3902,20ga8y,american automobile association street safety posters late s usa,0
3903,7a3k3k,sarah huckabee sanders seemed to think jfk and kennedy were different presidents,1
3904,6rrrkh,police chicago stabbing death suspects surrender peacefully,1
3905,cookt5t,let me call my manager mr squirrel,0
3906,8yyg5d,this overhead air line spool looks like an african mask,0
3907,91ei9z,police mass man arrested for working out naked at planet fitness,1
3908,c840gnz,at least she is being heard,0
3909,cvsbnoc,the matrix is broken,0
3910,1ebd5j,astronauts chris hadfield tom marshburn and roman romanenko in the soyuz just before departure from the iss,1
3911,5xkiow,a happy smiling cat with legs in the air,1
3912,6vq1h8,google starting to prompt users with a quiz if it thinks theyre depressed,1
3913,eyb0cit,httpsiimgurcomxlqiayjpg,0
3914,ax4kb7,this cotton candy lobster,1
3915,4bd17p,man removes leg muscle to see what human flesh tastes like,1
3916,ce1voue,other discussions,0
3917,bpf1t1,woman walking alone at night picks up pace after spotting truck full of alabama lawmakers slowly following her,0
3918,ci6ukt8,somehow more cute than before,0
3919,c7bltau,fabulous ducks crossing,0
3920,b3j3zi,this scared hook thing above the door,0
3921,5an1ew,this happy dog pooping,1
3922,dc62x5,jpegmafia all my heroes are cornballs,0
3923,9fwtgg,this soap dispenser dispenses skin cleaner,1
3924,13omav,some lemurs in front of a radiator,1
3925,66ki13,this pizzafry medley found while hungrily searching rfood,1
3926,2mogbi,cute baby seal,1
3927,rmi1i,i feel this girl has lots of potential,1
3928,dhbwq1,puddle ghost,0
3929,cfvanfm,other discussions,0
3930,dck5lc,operation secret identity,1
3931,5izosg,aubameyang celebration,1
3932,3avamd,no longer science fiction facing global threats with hypersonic missiles raytheon is developing missiles that travel at five times the speed of sound,1
3933,dh0bnm,the evil queen when realising it was actually wild boar and not snow white circa circa,0
3934,9c8hk7,my plane flew before the paint was dry,1
3935,66vfs5,gravitating gnomes dysfunctional system,0
3936,bap9s3,there is a mural at my school that includes a detained immigrant in a border patrol vehicle,1
3937,dcpjj3,i whacked this egg on the edge of my sink and it didnt crack,1
3938,1ue04d,this pot is upset by something,0
3939,cq920og,really shoulda got those pants down first in heindsight,0
3940,2be178,guy created his own grad pic for his mother,1
3941,9if10r,avveroes publishes his fasl almaqal defending the study of philosophy in muslim society,0
3942,cn1uu4w,mleader,0
3943,caobnx,my grandfather is a genealogist i found this family tree from the early s that he hand wrote,1
3944,aymouz,this photo looks like its been squished,0
3945,5ev8mk,halocaust victim,0
3946,cnbyq4,someone is tracking bills around the us,1
3947,66lenl,presidents park in virginia,1
3948,zkx85,cheerleading not loving the view,1
3949,chr436h,entire south korea is bunch of babies,0
3950,cd08z7,i found a portrait of my brother at the art institute of chicago,1
3951,36ktxc,area man first in his family to coast through college,0
3952,cema2qw,are cartoonish,0
3953,80j37r,the horseshoe southern indiana casino is closed in the flood and that actually costs taxpayers money,1
3954,5tynfz,oreye if there ever was,0
3955,4078ue,man leaves behind bible after bank robbery,1
3956,cjspt4,yes bookmobiles are still a thing we checked,1
3957,4cl8j9,giraffe getting freaky with a wooden post,1
3958,3beabv,ive got balls in my mouth,0
3959,c6tz827,how hes imagining it,0
3960,chpjttu,cutouts,0
3961,bfhqdt,this dog face that formed while i was heatig oil,1
3962,18seis,oklahoma man burns to death sheriff not ruling out spontaneous combustion,1
3963,ri0ry,shocked crate,0
3964,5tls4f,laptop selection is are no longer has a ghz dualcore processor,0
3965,88u8sl,parents turn life support off but year old cancer baby makes miraculous recovery,1
3966,crogpzn,the mysteries of the universe unfold,0
3967,2zq0eb,finance ministers at the g meeting,1
3968,5btnum,baby with a lot of hair,1
3969,d84thl1,which one,0
3970,2xsemx,strahov library,1
3971,df9i7n,this old german helmet from ww,1
3972,6rxf2q,prosecutor teen mom burned buried baby in yard,1
3973,5cwfio,the week in pictures week of,0
3974,55wr3b,four year old georgia girl saved her fathers life,1
3975,cqz0a35,magic,0
3976,bpwzz1,warcraft sequel lets gamers play a character playing warcraft,0
3977,3by32n,in a rare successful intervention police saved a christian couple from a mob who were attempting to lynch them for allegedly committing blasphemy in pakistan,1
3978,6i5aun,syrian fighter jet shot down by us aircraft in selfdefense pentagon says,1
3979,xu53x,image of bay area news anchor doing his daughters hair touches people all over country,1
3980,pf37v,feed me all your glasses,0
3981,5a8tbt,president for life homeless man sleeps under mural of francois duvalier haiti,0
3982,chie2ol,running of the bongs,0
3983,ckz07r0,cutouts,0
3984,cqehmd7,im so close to solving this crime i can almost taste it,0
3985,71o9cb,take off my flesh by senarica art by emilio gomariz,0
3986,7hxll7,an adult film actress realising what she signed up for,0
3987,cieodg,the hotel im stay at offers their own honeycomb for breakfast they have several hives on their roof,1
3988,aszy1n,this long grape,1
3989,bbxk5c,i managed to finished my bic pen without losing it,1
3990,ct1r8x,the fact that this is some how the only dry seat,1
3991,bnvsdi,the moon decided it felt lonely today,1
3992,ccjk871,other discussions,0
3993,8w14yj,scream rpareidolia version,0
3994,5dcwfc,giuliani disqualified from secretary of state position following vampire origin revelation,0
3995,2qhseq,my cat watching my other cat stretch,1
3996,ck4877z,the title has the right idea,0
3997,do9r33c,the last of its kind,0
3998,by6vcv,circulating water keeps the ice from forming on surface of a small lake,1
3999,djzais,this leek i was chopping,1
4000,4qdimw,sam hunter sharp and clever,0
4001,5ydsin,denver parks and recreation now hiring homeless as fulltime seasonal workers the denver post,1
4002,1hle5e,water vapor map or dogs face,0
4003,2rru2r,time to think antigun control referencing attack on charlie hebdo,0
4004,66h4o6,a machine works its way through the snow clearing the road crossing the mountain sognefjellet in krossbu norway,1
4005,8wahre,the dods app store does this one crucial thing to stay secure,0
4006,cdjczvu,got it,0
4007,3knjuw,happy man in algae world,1
4008,5t8mf5,british officials drop plans for donald trump to address parliament,1
4009,cr3ub03,run run run,0
4010,7siyew,lebron offers heartfelt congratulations to himself for point milestone,1
4011,c58ukg,you can see the layers of paint that came off one our paint stands in the body shop,1
4012,5egjmi,skydivers leg gets caught in a falling tree,0
4013,d3t683u,well look who it is whats up batman,0
4014,cdzvdqp,other discussions,0
4015,487r5a,german soccerfootball champs holding their prize,1
4016,cffgwt9,damn long horses,0
4017,cnfusp9,live laugh love,0
4018,awlzw0,thats canada for you shoppers leave cash ious at unlocked grocery store,1
4019,9jqolk,the walkway up to this house,1
4020,3geic8,feed meee,0
4021,cd5fpi,a pic i took of the moon at am,1
4022,5ngu0s,why is this not the first stage of the guys morty,0
4023,3mcjz3,a tesco employee helps a woman with cancer,1
4024,cqq49v7,is this a joust or a cock fight why not both sfw,0
4025,2ip3wu,this blueeyed koala named frankie,1
4026,3njj8t,this overly excited pulley user out of a climbing manual from rclimbing,1
4027,cyzde3m,heres the original super high resolution shop i made go wild,0
4028,bungh7,the way these ping ping balls stacked in this cup,1
4029,2h67hx,deputies deltona man hurls chair at grandma in spat over dirty shoes,1
4030,6pz89m,report finds koch brothers increasingly falling under control of influential highpowered trillionaire,0
4031,cb4jfyd,lets get him into some proper clothes,0
4032,cpwzpal,justice dancing with evil,0
4033,1pk77z,man lounging in a sea of algae,1
4034,cahyyn,this statue on top of this traffic light,1
4035,6cf7pv,former trump adviser asked to testify to house committee on russia,1
4036,dfviyr4,available here,0
4037,cfa4luw,hermione is clearly a cat person,0
4038,13z8bk,my friend is trying to soccer,1
4039,conn5y,cia identifies possible safe haven for domestic terrorists th,0
4040,2th9ez,grrrr im angry syrup,0
4041,2xitcx,this mustachioed guy on an antique dresser,0
4042,5msfpp,this scene with a door to nowhere,1
4043,43uas5,hmb while ko hmb while i climb into this dumpster,0
4044,8r4d5f,elon musk admires his new creation the falcon heavy,0
4045,cvi713,my glasses shadow has different shades,1
4046,1uac0a,classy golden is not amused,1
4047,53tspu,las vegas police union wants black lives matter pins banned from court,1
4048,bolq9d,chance of rain last night i hear thunder then i checked the radar and a town about an hour away is getting hammered was the radar wrong or can you really see miles away,1
4049,av5t6t,jacksonville man blames anime for molesting girl in church utility closet,1
4050,735biw,north koreaunited states relations,0
4051,1nmnm9,the queen likeee,1
4052,8nvhnj,a red panda attempting to catch an apple,1
4053,3hxaxd,jury is selected in f glenn miller capital murder case miller is charged in the shooting deaths of three people outside the jewish community center and village shalom care center in overland park,1
4054,5arcvi,stephen hawking,0
4055,3r8zyc,top issues for voters in the election,0
4056,def5yjs,bodybuildingbeginning,0
4057,4u4d1c,espana resucita,0
4058,9fwyhe,a card with seeds in it,1
4059,9dq6br,this metal lid is made of two parts,1
4060,7jui00,yr old diagnosed with villainous leukemia becomes superhero asking more people to donate blood to save more lives,1
4061,cxc76ny,its arreste cant think of a punny title,0
4062,32jta0,ikea is now hosting online weddings using webcams,1
4063,bih7hc,i snapped a butter knife this is whats inside,1
4064,1f3g1h,i always thought the plates at olive garden looked depressed,0
4065,77bp2h,long way from home wishful thinking,0
4066,3s5z8l,engineers studying a piece of a telescope,1
4067,d6jtb9y,smell my balls,0
4068,3nct6s,finally productive way to get rid of styrofoam,1
4069,50aj1l,xray video shows exactly how much can hide in the wild the small hippo is listed as an extra limb when traversing gaps,0
4070,chqdera,were fucked,0
4071,90woxp,clouds,0
4072,120lh3,liberian militia commander after a direct hit,1
4073,40mtyk,the always box has seen some shit,0
4074,4hhhf4,a weirdly shaped lemon,1
4075,2zynbe,zappa the italian greyhound,1
4076,c45mci,this coffee shop uses a hay stack as a seat,1
4077,cnya0g9,call center,0
4078,cnt9sx,reached into a box of spoons and pulled this diet spoon,1
4079,c3ze6q,these mystery flavour pringles,1
4080,4aj1qu,former judges challenge official who said yearolds can represent selves in immigration court,1
4081,3y6bog,north port police find kindness pay it forward,1
4082,clvj660,fake family vacation,0
4083,c3q7tv,colorful choice of building material for a nest,1
4084,9hak9j,american soldier of the th infantry regiment tennessee national guard part of the th infantry division resting during the battle of the bulge january,0
4085,52x0dc,homecoming king passes crown to friend,1
4086,5zd456,the starship enterprise,0
4087,ckduje,is it a mirrored window or a weird roof,0
4088,6nq5m1,john rides the ox and i am on the horse what a shame if he wins the game great leap forward propagandaprc,0
4089,c9s48o,wow elvis was known to people centuries ago,0
4090,dgqnks,my tiny uno set i just got from the arcade pen for scale,1
4091,crhedv,lewis and clark discover the source of the missouri river,0
4092,7mle0z,this trees shadow looks like a different tree upside down,0
4093,ciazzvt,just a little snack,0
4094,8xe6dd,why are artists poor new research suggests it could be hardwired into their brain chemistry,1
4095,8drxxf,at uc berkeley a squirrel ran for student senate and won driving some people nuts,1
4096,cqe3rhi,switcharoo ii electric boogaloo,0
4097,chd63vm,deleted scenes never shown ambassador meow from the kung pow galaxy,0
4098,ayk0w9,grabbing a spiral off a freshly made bed,1
4099,cqxaepn,balleringo,0
4100,c7zr3bb,return of the kitty,0
4101,8o5ygk,year old turkish woman takes up judo,1
4102,ccymx6,josef mengele the angel of death performs unethical experiments on a pair of twins in the name of the third reich,0
4103,8x6jro,canadian forces capture president donald trump ending the uscanadian trade war,0
4104,cw23v7q,its time,0
4105,6ievqf,texas is too windy and sunny for old energy companies to make money renewables on rise in texas,1
4106,czshcmz,im trying to make a snuffleupagus but my skills are limited can anyone finish it,0
4107,5v2o1q,woman wearing donut,1
4108,78zggh,florence indigo always where you least expect it,0
4109,cdbcusp,other discussions,0
4110,6jhnqb,sleepy owl,0
4111,2el8xn,sioux falls builds sidewalkfree school tries to stop kids from walking,1
4112,cm47dym,hadess other dog,0
4113,6612wf,i call it the cow fence,0
4114,cee7c3j,theirs is a sad and cautionary tale,0
4115,ep5cdfy,predator,0
4116,dearff3,briana replacement for half baked,0
4117,7qxhga,pick me pick me,0
4118,15elfu,girlfriends grumpy heater,0
4119,7doryd,mashed potatoes and meatloaf,0
4120,31l8tj,capitalism also depends on domestic labour poster highlighting women as vital part of the industrial mode of production see red womens workshop ca feminism,0
4121,cibkiv,my kid just took this picture of our cat what happened,1
4122,3f70cp,the us navy is investigating dutch antiislam politician geert wilders on suspicion of plotting to assassinate a leading shiite political figure,0
4123,1l43di,found this guy cowering under my stapler at work,0
4124,5sgukk,photo of george bush sr on his way to the midfield before super bowl,0
4125,8g2vh9,this standing up cat,1
4126,cevf33w,conspiracy solved,0
4127,c9ysfi,mayonnaise left unopened in cabinet for years,1
4128,81ilo9,my dad front in vietnam in didnt know this photo existed until i came across it randomly on the internet he cried when he saw it hope this is the right place to post it,0
4129,dgic8a,this ultra fort toilet paper in spain,1
4130,5zvao2,women rescued from million dollar atlanta home in human trafficking case,1
4131,cqli334,he doesnt quite understand pretty much anything,0
4132,1d6vl3,ethernal red flame by mongolian artist gombosuren b poster,0
4133,5x32i4,women of nasa to be immortalized in lego form the twoway npr,1
4134,23fe2n,money ache doctors find gold bars in stomach,1
4135,69ocf6,pinball machine,0
4136,cu9dzsy,nasa partners with google and makes costcutting measures,0
4137,9jdkt5,i upset amazons customer service rep one of the blue jays for years listens to the hiv virus,0
4138,bw2vor,my phones camera isnt too shabby,1
4139,5cgo7u,some browns fans are planning a cleveland parade for a perfect season,1
4140,wqi2g,but whats really going on in this picture,1
4141,2emml5,a boy on the streets of bostonx,1
4142,cul5wql,falling off,0
4143,7ngtpk,semitruck crashes into the lake,0
4144,ddluoj,the altright is created,0
4145,76u791,our president is so trashy,0
4146,cr0hxjh,get over here,0
4147,c8725fv,ye ole face swap,0
4148,4ussn8,aloe there says the grouch in the clear wifebeater,0
4149,cf9syq,my school has some of the faulty heat tiles that caused the columbia disaster on display,1
4150,ch66zce,hq the supreme leader has chosen a location over,0
4151,5s4xl4,texas veterans court becomes casualty in political war over immigration the travis county veterans court serves veterans accused of crimes that can be tied to military trauma gov greg abbott killed the courts funding in dispute over jails handling of immigration detention requests,1
4152,bft6t2,the tag on my sons shoes,1
4153,cg7xlj,frogs living in my kids inflatable pool,1
4154,cu0hgox,how many times do i have to tell you you cant let richie swim with the animals,0
4155,7q6dyu,circa lush animal aggression,0
4156,d8r0y3,mickey mouse flipping you off oc,0
4157,3qm6md,wwi poster that was part of a series produced by barron collier ca,0
4158,754bs8,two birds fighting mid air,1
4159,65plz2,fbi documents show how russians try to recruit spies,1
4160,berk5v,little cub bites tree branch,0
4161,1row8g,a racing pug in midair,1
4162,30ltm8,ted cruz compares himself to galileo,1
4163,4lrfqb,why you will marry the wrong person,0
4164,b5cqwj,algae on neighbors house matches up with shadow casted by our tree,1
4165,5ml3fh,as margret went color blind she remembered that the qtips learnt how to stand up for a garbage disposal powerful enough to pay for them selves,0
4166,8nybzx,us millionaire charged with labourers nuclear bunker death,1
4167,cgto3ls,dont judge me,0
4168,59mx3m,byu says it will stop honorcode investigations of sexual assault victims,1
4169,cq7hvvx,bonds eight bonds,0
4170,dk4lt26,viserys targaryan,0
4171,ca9dkv,swatted a fly midflight and managed to capture it,1
4172,c55pqy8,sorry for taking the kid to the bar,0
4173,16q46l,a drunk woman sitting inside a black cauldron,1
4174,cx1unfn,unity,0
4175,9k723e,pair of nike trousers looks like a smiley face,1
4176,3d4fna,man arrested for charging iphone on london train,1
4177,cvvlfh,the results of the wave of antiabortion laws in america is one of the robots how trump fuels the fascist right,0
4178,8we74s,my dogs face on the moon,0
4179,cvulmna,hillbilly baby,0
4180,d3ejro,my piece of steak looks like japan,1
4181,cgcpqeu,save the kingdom,0
4182,7l357b,brian austin green has finally spoken out about that controversial photo of his son,0
4183,1qiahy,one dude enjoying his beer one dude not enjoying his beer,1
4184,1999o3,how can i pay attention in class with a view like this david hume tower university of edinburgh,1
4185,619hce,life the end of an era after years the hells angels have all gotten carsick and are going home,0
4186,cca6eda,other discussions,0
4187,15499f,these two kept staring at me and distracting me while i was writing my final,0
4188,cuwax8,i thought this diagram of dyson products spelled something naughty,1
4189,5og731,in final days obama administration signs law enforcement pact with cuba,1
4190,5n60q7,say cheese,0
4191,cbexcpa,lamb of god,0
4192,9bz0wz,oh henry made a special edition bar for stoners in canada,1
4193,8t92m7,banana island naija,1
4194,6odkcd,they were both awarded order of gallantry awards posthumously for their bravery ukranian ssr,0
4195,2ehxs0,college dudes worried that movement to take rape seriously is ruining their sex lives,1
4196,dcc5533,come along mitch i just have to make a quick stop at the cnn offices,0
4197,9dowuz,this curved growth of plants,1
4198,6raz3q,construx atomist,0
4199,6uc62g,mrw i enter a qwop cheat code that lets you transform into a raccoon magician in training and i have the upper rightand the centerbut then suddenly taking up residence in my coffee,0
4200,dry4wu9,a cat and a dog,0
4201,d2yiu6r,banana for scale,0
4202,avdxqb,tiniest baby boy ever sent home leaves tokyo hospital,1
4203,crzigwz,alt version,0
4204,922miw,star uber driver was star uber driver back in his country,0
4205,5cqzhu,clinton blames fbis comey for her defeat in call with donors,1
4206,52ypg5,texting keanu,1
4207,24dyia,guy on top of mountain flexing yes hes this smug in person too,1
4208,au268b,this bottomless pit for a toilet,1
4209,clxo45,a high end rgb motherboard chinese night market,0
4210,e6klr5m,dual djs,0
4211,detjqc9,oh joe,0
4212,ca6mxu,yosemite national park,1
4213,cl3vjgc,i found kim jongun,0
4214,c6cg339,stephen is verrry niiiiceee,0
4215,b5n2uf,this person in an old fashioned diving suit,1
4216,28779n,japanese supporters,1
4217,cuul103,how about a magic trick,0
4218,bbqiks,the staff at our hotel folded our washcloths into a hangin orangutan,1
4219,axrutm,breathalyzer at a bowling alley that takes quarters,1
4220,56ujp1,joyce to the world skateboard community celebrates grandmother of hastings,1
4221,9k0pm3,this heavy metal bands poster,0
4222,bj1bxa,whistleblowers drug company bribed doctors to boost sales,1
4223,bb36ax,space dust and tears a longer hotter summer request finished,0
4224,8rogmh,when u experiment with different ways of mounting stored sockets,0
4225,d8z6hq,my hair dye glows under blacklight,1
4226,28l51p,bow to the evil crystalline overlord,0
4227,61k4qi,neighbors finally figure out why woman was putting irish spring soap in her yard,0
4228,3vbl5v,romanesque the inverted psychopath,0
4229,c7e75e,allie x super sunset,0
4230,dhbmzk,this mcdonalds is built on macdonald road in north london,1
4231,75ezxa,anderson balconies,0
4232,5kwa6y,france signs eur billion submarine deal with australia asiapacific,1
4233,64i7ba,fanatised lady on right side,1
4234,chzo5dt,bu wants to play,0
4235,8mh3ai,indian doctor treats beggars for free,1
4236,5xzi7i,kim jongnam death malaysia and n korea in titfortat exit bans,1
4237,1alf51,world poverty is shrinking rapidly new index reveals,1
4238,9fcuj0,terry crews taking a selfie with big bird,1
4239,d66ik4y,hellraiser,0
4240,39lcib,looking down at his path of destruction,1
4241,3gqdje,shia labeouf stretching,1
4242,c76wzl4,allarmed,0
4243,c0lx1a,iran tries to redeploy failed oil tanker mine high res satellite photo,0
4244,bgnfsg,sc teachers are going all out to change education reform bill,1
4245,7xjqo2,an axle to grind cars block the road to a renegotiated nafta agreeing new rules on cars will be crucial to the deals success,1
4246,e0ulfzf,genie,0
4247,bxhf5d,lemoji,0
4248,cq45xry,germaphobe,0
4249,5ln8x4,assassination of russian ambassador to turkey,0
4250,6933vv,iran attempted missile launch from submarine us officials say,1
4251,b3mfn1,chinese consumers warned of electric shock risk from toilet seats,1
4252,5btngm,john wasnt too happy when i informed him we have found a study by cincinnati childrens hospital medical center,0
4253,96u576,last known picture of columbine school shooters eric harris and dylan klebold,0
4254,c7j4i1k,furniture is for the weak,0
4255,4ehm5y,legless football player,1
4256,1n1u2b,cloned cow attacked scientist who created it,1
4257,bu2ogx,our red spotted newts notophthalmus viridescens have arrived experts at organ and limb regeneration as well as cancer reversion,1
4258,c6i6wz5,napoleon dynamite north korean dub,0
4259,cefycql,a hollerin bunny,0
4260,c9crs8,child getting a xray,1
4261,8ncq4m,airplane carpet,0
4262,1imncd,arsenal superfan meets team after chasing team bus for five miles video,1
4263,2rv3r8,darth vader mosque from turkey,0
4264,cjpebb3,i can haz cheezburger,0
4265,7fre9b,master sergeant spoils of war,0
4266,c6773iz,salvia,0
4267,cbttkv,the shadow of my hand towel looks like a bony leg,1
4268,4rr19n,little guy has seen some shit,0
4269,3wj7g2,darth vader lives in ukraine,1
4270,d8lhok6,in the thicke of it,0
4271,bthsuw,none shall pass,0
4272,1nmywm,somali govt launches universal healthcare plan,1
4273,6uq711,penis cutaway diagram,0
4274,7xi1tv,north korean cheerleaders caught off guard by fake kim jong un,1
4275,ctj3ui,this perfect camila flower,1
4276,co37ea8,lost,0
4277,30s9un,tokyo from above,1
4278,cpvc49,tow truck following car with a flat tire,1
4279,37eun4,volvo says horrible selfparking car accident happened because driver didnt have pedestrian detection,1
4280,ckiaiw,the black spots on my handkerchief were the first to wear out,1
4281,9k9evk,binary bring your own ghosts,0
4282,ca32vat,oh shush you,0
4283,as85dy,this ambulance repurposed as a cleaners van,1
4284,6d75kb,dog driving a boat,1
4285,1nbhg1,sorry for spilling the ramen this morning,0
4286,cyijn8,this cup of soda at a hall and oates concert that isnt spilling because the soda is right below where the straw hole is also there are people in front arguing which makes it that much more entertaining because they dont know their drink is about to spill over,1
4287,4jp27b,just guess how much mayweather spends on haircuts,0
4288,avul1l,every time i see this framed pic at my girlfriends apartment i cant unsee brian from family guy,1
4289,8r1q2h,ojidu ina,0
4290,cmrfwn2,long live the queen,0
4291,49ht2b,these two football soccer players,1
4292,1gju7s,elevator has seen some things,0
4293,5olwfp,pentagon readies aggressive isis proposals for trump,1
4294,6ldrdn,this pepper is flexing me noc,0
4295,6mytyq,teenager surfing a dock full of lifepreservers,1
4296,ckyyz8l,cutouts,0
4297,d37g9p0,better appreciated,0
4298,ddpdca,this songs title,1
4299,3lqsr0,cat clawing his way onto a mattress,1
4300,cv4q8m8,relaxing after a hard day collecting pollen,0
4301,5qp2rv,straight s i summer,0
4302,cqkpjnu,eeeveevolutions,0
4303,1ujjn7,gareth bale in full flight from bbc sport fb page,1
4304,atslgg,mein gott artist massboeuf postcard,0
4305,c70s620,what kid,0
4306,8thhp7,this training dummy,1
4307,7oawrv,ss recruiting poster used in belgium early s strange artwork,0
4308,7qiaxm,a seal taking the camera from the diver,1
4309,czsv19,this label on a pair of levis jeans care for our planet wash less wash cold line dry donate or recycle,1
4310,1wetu9,animal sex jury erupts in laughter after hearing man was rejected by cow,1
4311,c8eo77y,gasmask guy,0
4312,dexia8,puppy in snow,1
4313,awip94,major weekend winter storm packing heavy snow begins mile crosscountry sprint,1
4314,1l3li7,city of fort worth demolished wrong home for a second time,1
4315,9dreja,this spiders web covered with dust from newspaper production,1
4316,286mf6,concerned chipotle tortilla chip,0
4317,csp6ecf,reddit jokes,0
4318,451uad,so this is one of the kek get shrekd,0
4319,254ybn,starving dog rescued by travellers through columbia video,1
4320,d7hy0y,at first i thought this was mosaic tile until i got closer and found it has been in the sun too long,1
4321,59xjav,the rain had just finished building a labyrinth on a winters day australia oc x,0
4322,c5kusi,i have a backpack made from a retired firefighter bunker gear,1
4323,djcf7c,judgmental church tower appalled by the partygoers below,0
4324,uehut,inspirational story of a year old girl a successful lacrosse program and the kindness of a coach,1
4325,c4ty3co,grug,0
4326,dglvpyq,dogs love burgers,0
4327,8fe3bu,a surprised cat,1
4328,cgtemu1,catch a baby,0
4329,di2029,this opened yogurt,1
4330,2hiz39,cat on her two legs,1
4331,cvsznij,by the time she screamed it was already too late,0
4332,cgntl9m,they should call it the school science unfair,0
4333,7hxn4h,world to recognise moscow as capital of the united states,0
4334,7dlsvj,holiday turkey bowler,1
4335,7qsik8,hawaii missile snafu that was no wrong button take a look,1
4336,8fzrpw,skorean president moon jaein holds a baby tachanka circa,0
4337,1foyrs,gop senator suggests hormones could be behind military sexual assaults,1
4338,6jd8pw,this angry fella i see on my way to work everyday,0
4339,4jh09d,woof,0
4340,5bmtku,the outskirts of khe sanh,0
4341,cfzaicr,look out,0
4342,8mpjmq,restoration of star spangled banner uncovers horrifying new verses,0
4343,chse5ps,cutouts,0
4344,d684ds,this tshirt tag has a recipe for a french pastry,1
4345,7sgbps,a volcano erupts on a deserted island,0
4346,cmqb41b,hope you like corndogs,0
4347,3teula,kentucky refugee case highlights worries over syrians in us from a kentucky college town two iraqi refugees plotted to send sniper rifles stinger missiles and money to alqaida operatives waging an insurgency back home against us troops,1
4348,dbk6q5,cloud formation with light coming through,1
4349,dve5vym,when you see it,0
4350,avtdk9,marijuana purchased in oregon comes in ziplock bag with instructions on how to open bag,1
4351,979qx4,switzerland during ww ad,0
4352,cz5cxa4,faceswap,0
4353,cao9tul,other discussions,0
4354,2bhhtg,a snail climbing a piece of wood,1
4355,4i9sks,look at this tiny bunch of bananas,0
4356,cdmzi4,ok dude,0
4357,cx99do,this ashtray has a no smoking sign,1
4358,5vdaa8,elephant mary the death of red eldridge,0
4359,cauvqal,pizzamaker bush,0
4360,9ik4h5,in saudi first anchorwoman presents evening newscast,1
4361,1dorp2,two dolphins a girl and a baby,1
4362,ce0k879,jimmy stop being a rube ya aint gonna get any dough outta no horses no more put it somewhere smart ya see,0
4363,6gvro2,president trump grabbing his first pussy circa,0
4364,7vtvr7,icarly,0
4365,c7ett5l,no carmageddon for you,0
4366,cl47fo0,cutouts,0
4367,782pk1,santa clause pouring salt on the floor,0
4368,cc9pzch,plasma repeater,0
4369,2ukb5g,vaccine critics turn defensive over measles,1
4370,25jgb4,fleshlight,0
4371,1tk7ip,she wanted to rent a mom and dad on craigslist what she ended up getting was a whole new family for free,1
4372,4nhnmy,judge transgender california inmates must get female items,1
4373,df0o3fm,professional photobomber,0
4374,bbzefy,the event horizon telescope publishes the first direct image of a black hole m,0
4375,c9xciu,made a visual for a single by the band dealer grotesque tried to match the visuals with the lyrical content,0
4376,xwre3,man calls for underground railroad to kidnap children from lgbt parents,1
4377,9awmiu,lifelike aquaman statue,1
4378,ch3urbd,kicking a man on the beach for fun,0
4379,4jj0fh,funny dog names you havent thought of,0
4380,44ep1b,best face swap of all time,0
4381,7d6p01,fauxtoegrafitti grass,0
4382,68mpl0,new zealand police recruits adorable guinea pig as new mascot,1
4383,d1itoio,we gotta live one ere boys,0
4384,9gbhkk,my cats batman mask pattern on his face,1
4385,cf0yhi4,birthing a champion,0
4386,ctql2xq,catch my love,0
4387,3ag2ra,a baby being serious,1
4388,3cd5hh,mutant unripe lemon,1
4389,9ju33g,trump agrees to fbi probe of kavanaugh bows to flake dems,1
4390,2tdaal,in extremely classy move jaguars keep cancerstricken ol coach on payroll,1
4391,6tzj1h,ryan other republicans outraged by trump news conference,1
4392,azspd8,a soccer slot machine i found in my neighbours cellar still working,1
4393,35dhtn,japanese bankers get exosuits to help move stacks of cash,1
4394,6jnjlg,louisiana jeff landry quietly disbands anticrime task force in new orleans following controversy legal scuffles,1
4395,43p6ju,woman with no appendix undergoes appendectomy wonders why,1
4396,c7qrw14,in the battle of good and evil mspaint will always win,0
4397,cajzft1,nailed it,0
4398,5aj7l9,the tiniest towns in new jersey theyre really small,0
4399,6ezetp,guillermo heredia leaps for second base,1
4400,3h2psx,fulfilling childhood vow man buys disabled stranger disney vacation,1
4401,3003tt,microsoft gives up on charging for windows in china,1
4402,crwqxi,nice wetsuit tan line,1
4403,6hx82v,alien band with mullets,0
4404,cehvd51,other discussions,0
4405,65cf7z,andre the giants entrance for his match against hulk hogan at wwf wrestlemania iii,0
4406,62pg5i,this is inclusion this is community this is love an entire school cheered as an yearold girl with down syndrome returned from special olympics,1
4407,cfdpmlv,star wars helmet at its best,0
4408,68qqfz,senate republicans introduce antinet neutrality legislation,1
4409,cb6oxc,chairs grow and multiply in the light yeah ye deffo make sure u build them a greenhouse,1
4410,85jo4r,difference engine dear diary,0
4411,csepwd,the fire looks a lot like a bird fire bird in a bonfire nest well a long necked birb,0
4412,cukhvp,this mcdonalds sign only has one hump,1
4413,dz6pzxb,my town seen from space,0
4414,3vc5x7,home invasion victim tied up frees self goes to work instead of calling cops,1
4415,cq4eis0,presidential portrait,0
4416,9h6sws,the back of this very religious van,1
4417,c47a8xf,i feel this idea had potential,0
4418,bfgx0l,somehow found two of these disgustingly awful colored model cars right next to each other its a rare but horribly ugly coincidence,1
4419,7209ra,harvard professors debate the genealogy of postcolumbian central american civilizations captioned,0
4420,dfmb20,this brand new tv box has a photo of an nba k ad,1
4421,bxvgk3,this thing i made in math class,1
4422,65c4m0,peter mayhew and his tiny friends harrison ford and mark hamill at star wars celebration,1
4423,3mg70f,fans watch as justin hunter celebrates with his teammates,1
4424,9e4bis,this water has a serving suggestion,1
4425,cghprzl,theres something strangely familiar about that hill,0
4426,2juj6e,ugh im so tired of this,0
4427,erhb4tz,banksy,0
4428,933z8w,photoshop boys negative americans,0
4429,d8vlyjt,buddy are you ok,0
4430,ci2mt50,cutouts,0
4431,c2whly,russell crowe got drunk and bought a dinosaur head from leonardo dicaprio,1
4432,dfy1k7,a carrot with a peepee,1
4433,cl4vbf,my unopened soda from a vending machine at work,1
4434,c8romp2,dancing maori kitty,0
4435,b18cy3,this sword looks huge,0
4436,1a8860,language wars quebec unions share horror stories of civil servants who used bilingualism to help citizens,1
4437,u7guq,emotional bureau,0
4438,7cfg1t,advertisers distance themselves from hannity after moore coverage,1
4439,cgucq6v,happy easter,0
4440,24d930,what if donald sterling tried to clean up his image ridicules bad things,0
4441,64d5o9,another bon iver album,0
4442,arot58,east end brewery in pittsburgh uses a differently oriented letter e for each restroom designation,1
4443,bet12p,this mcdonalds near the grand ole opry has a stage for aspiring musicians to be heard,1
4444,639ydo,what would the pioneers have done circa,0
4445,bveulx,semimotorcycle,1
4446,50vfah,soldier hiding in a closet,1
4447,2ijk3o,this motivational ikea mirror,1
4448,c26g0v,charged eur for hand cut slices of quiche and pizza and a sandwich expected it had been rounded up or down but no it had been cut to add together perfectly,1
4449,awjmts,this school has scooter parking with locks,1
4450,cw83dzg,two powerful women in one,0
4451,d93rbkw,disaster cat,0
4452,6p7vws,my eggs they mock me,0
4453,cuvyra,this cat on a leash in my neighborhood,1
4454,ctmfoxf,sorry,0
4455,ce0htwg,flying v used dragon dance,0
4456,cjtfxzb,had to be done,0
4457,67pn72,need help removing your old intercom why not zoidberg,0
4458,co1nvj,caught a cicada midrebirth,1
4459,4rrg1y,john boyega jumping,1
4460,1kbmt3,photographer gets toddlers to suck on lemons then photographs their reactions,1
4461,chbg41z,imgur,0
4462,3osx0c,dc church says a bike lane would infringe upon its constitutional rights of religious freedom,1
4463,okjhs,light shade is neutral or the pope,0
4464,7vgm6q,toreador owl,1
4465,c8ahrn0,this tin is harder than steel,0
4466,byrotl,what are you thinking about,0
4467,77nwru,deregulating american business an assessment of the white houses progress on deregulation donald trump has blocked new regulations with ease repealing old ones will be harder,1
4468,cqbuda,the name of this plussize clothes store,1
4469,cch4bo,this double dandelion,1
4470,4tbj8m,ysk if you buy are probably available free through your account if you have an extremely severe headache that hurts mostly in the background by default in the usa,0
4471,1ein3y,chopard jewels worth m to be worn by stars at cannes film festival snatched from hotel room during premiere of the bling ring a movie about a gang of thieves who stole from the rich,1
4472,csqi0f,this sidewalk announcing its provenance,1
4473,e6malzb,a crime to solve,0
4474,8o1gnf,an eel,1
4475,1qm8tk,smithsonian now allows anyone to d print some historic artifacts,1
4476,d838567,strange brew,0
4477,cb8navr,its a trap,0
4478,9cmpm5,trees beginning to grow in a rain gutter,1
4479,8zlur4,people with this personality trait are more likely to cheat,0
4480,cdj274,this mobile phone collection,1
4481,dl2sbih,more cushion for the pushin,0
4482,37c17i,gerard depardieu ready to die for new homeland russia,1
4483,c2hodt,cbs signs pledge to audition actors with disabilities,1
4484,cllx6n,this puppy has one black nail,1
4485,d51zrks,yummy yummy,0
4486,71fm09,witnesses yell he cant hear you as oklahoma city cops fatally shoot deaf man,1
4487,397pit,nbc sports chairman wants players to stop growing playoff beards,1
4488,4e43f0,joe jonass blur face,1
4489,dfy73x,this apple has a very distinct separation of colors,1
4490,22dbf2,shocked cucumber realizes his fate,0
4491,buhbx8,this puzzle where reagan was the last president of usa,1
4492,ciepdqr,clever girl,0
4493,drklq4y,noir,0
4494,5jggw7,no one knew who i was until i lost the mask,0
4495,c8lxxs0,no upvotes for you,0
4496,9eae9a,a russian soldier looks through his binoculars at a german supply convoy,0
4497,be43f3,pomeranian in a car,1
4498,9e65eq,license plate checks out,1
4499,3s8vcf,suspiciously happy katy perry bending over,1
4500,ce54ki,this wall has special paint to make it a huge dry erase board,1
4501,9wh5wy,childrens books sorted by color,1
4502,at796z,the patch work on this road looks like a maze,1
4503,doyukzd,not a cave,0
4504,bvm5ye,air quality in edmonton peaked at a thursday night on a scale of one to,1
4505,2eu61y,sask man argues hes a heavy pot user beats drug trafficking charge,1
4506,cp1e6ag,available here,0
4507,2zpn9b,percent of people living in los angeles cant afford to live in los angeles,1
4508,c7e586,ben franklin bridge philadelphia pennsylvania,1
4509,5sfrzn,steve bannon advising president trump about immigration reform,0
4510,2ihp7s,florida man wears f the police shirt to court and wins the case,1
4511,55uds1,heaviest baby in england born in hull and you wont believe how much it weighed,0
4512,c6bhjgf,dont worry mam were here to help,0
4513,cii6mp,this warning ticket my wife got for failing to display my implement,1
4514,9bjlfp,bullet screaming,0
4515,cgu3olu,cutouts,0
4516,2jk5es,wiener dog photobomb,1
4517,cjpa8q,footage of a failed assassination attempt on hitler,0
4518,63fby4,dancing dog wearing a sweatshirt,1
4519,9j5n0h,meet the dog who knows how to ice skate and is trying to attract the attention of the nhl,1
4520,c8k2pe1,yo my niggas i thought we was down,0
4521,1itlqo,george zimmerman emerged from hiding for truck crash rescue,1
4522,5bbq10,it was an intense staring match,0
4523,5yete3,a mass grave full of dead italian soldiers,0
4524,7bo46y,highstakes health care chipped away congressional inaction threatens health insurance for poor children,1
4525,2nv8ld,silent man in werewolf mask shoots worker in california witness says,1
4526,c3rz5w,friend you cant make a meme from a puddle me,0
4527,9a3tpb,german fortification normandy,0
4528,2qghf8,china first to fight united china relief participating in national war fund,0
4529,d9ozsa,beyond meat stock soars after mcdonalds announces canadian test of its plantbased burgers,1
4530,bplpin,the crushed pinapple was exactly that,1
4531,130adc,mary kate olsens boyfriend shows some affection,1
4532,3423pz,i fucking love those thigh high socks,0
4533,bas2p3,the country is full,0
4534,cda76rn,beep beep,0
4535,csjdw6,the corrosion that transferred to this stainless sheet metal from a sheet of steel,1
4536,dxtdmzd,the thief,0
4537,ehvc9o3,phasma approaches,0
4538,3f4sta,cold grits its still rock and roll hall of fame,0
4539,d7hcdc,accidental prism at wedding ceremony in deconsecrated chapel,1
4540,cblfyti,if only she wasnt in such a rush,0
4541,95eoll,my friend with bit eyes,0
4542,c4cceqh,the face of a presidential mad man,0
4543,131lzz,katy perry rockin the mic,1
4544,6lp1bv,rick perry on supply and demand economics supply it then demand will follow,1
4545,80ze6c,john shnatter finding out hes been removed as ceo at papa johns,0
4546,dhz3ak,if you flip over the revised handicap symbol it looks like a cartoon robot shrugging,0
4547,cs5in3,these pigeons lining up in the tiny patch of shade,1
4548,66jjg1,bill oreilly severance fox news host to get million,1
4549,2egqrt,dog eating a bubble,1
4550,2vsr1w,no charges for woman who threw bacon into police station,1
4551,6ku53c,this kid falling backwards,1
4552,5bdqcj,hubble the cat resting fitfully,1
4553,5xhkky,heartbroken russian ambassador thought special meetings with jeff sessions were very memorable,0
4554,bici0d,these stairs that lead to nothing,1
4555,5hc7o8,topless pictures of maisie williams leaked,0
4556,cnqis5y,im better than you nana nana booboo,0
4557,chp06vr,look carefully,0
4558,cpqrqeh,nomnonmomnomnonm,0
4559,bizr4q,i ordered a character software registration code online and this was the packaging,1
4560,ciwo4q3,you arent fooling anyone clark kent,0
4561,1ho01v,bad mother,1
4562,3p6np7,lets build the soviet powerful dirigible by klim voroshilov,0
4563,8wfynm,ontario man asking for yearold mcdonalds cheeseburger and fries,1
4564,2xcx52,the enemy of humankind unnamed author,0
4565,cfir79,zoom in on this bead y tree in new orleans,1
4566,8o0gth,owly owls or cold robots either way i feel my driving is being judged,0
4567,d7tc97,interesting coincidence,1
4568,6fqw85,escaping east germany by hot air balloon,1
4569,co0uvj,i just found out that i can fit a one liter juice carton in my pockets,1
4570,cg75y3,the heat melted my candle sideways,1
4571,6gpehi,girl kicked out of soccer tournament for an insane reason,0
4572,7nrfzs,dungeons and dragons witchcraft suicide violence usa s,0
4573,3zgufn,babies suck,0
4574,cxcmo6,lebron james circa,0
4575,1vqqsj,a man and a turtle,1
4576,cskbgv,cooking competition show will blast entire meals into chefs faces with cannon,1
4577,95mhem,stateless thai cave boys and coach granted citizenship,1
4578,c6efwtu,magpies are larger than swallows,0
4579,89i21m,exclusive epa gives giant refiner a hardship waiver from regulation,1
4580,38nnx8,student changes name by deed poll to avoid ps ryanair admin fee,1
4581,3ldigu,aichi police publish driving horoscopes to encourage road safety,1
4582,2dmaz8,second death within hours at chess olympics,1
4583,6c6ca6,man saving dog from the world trade center attack,0
4584,2epw3c,china said to consider billion electric vehiclecharging fund chinas central government last month set a target for electric cars to make up at least percent of government vehicle purchases by,1
4585,cd2f61c,big wheel race,0
4586,67eqxb,what time is it the first time,0
4587,zij7y,hungary pm unfriends imf on facebook,1
4588,cpvqkm9,bad day in tokoyo,0
4589,91xfx6,trump eu leader pledge to cut trade barriers hold off on further tariffs,1
4590,day881,my new floor have a key with the universal logo,1
4591,2y2g79,a wet angry cat,1
4592,4rxsyw,angry ashtray,0
4593,58qnxn,ernie wolf positive vibes,0
4594,autkyx,this box design makes it look empty,1
4595,1pdrnj,little girl is about to attack mommy,1
4596,3l774f,cosmopolitan covered up in us stores after advocates label it porn,1
4597,6f7mp7,trump has replacement months after firing us attorneys,1
4598,cci1ti9,evel dognievel,0
4599,3mwno3,independence bridge in bay city stuck in open position,1
4600,dcbdh0,tea loves me,1
4601,6bd4xg,the scream,0
4602,dgjnmx,the toilet paper company used too much pink ink on this one be part,1
4603,5l0rcb,people are cracking up over this gift a mom got for her daughter,0
4604,az0n80,months in a machine shop,1
4605,50tk1y,happy pants,0
4606,cowx4lx,excuse me coming through,0
4607,50adbh,indias bid to join us alliance could irk china pakistan chinese media,1
4608,cc0971t,tiger baby,0
4609,bqf8lk,theres a rainbow only at the tip of the cloud,1
4610,bhmw6u,my college replacing plastic coffee mixer with pasta to help the environement,1
4611,7p2b0i,this fuzzy dog,1
4612,czmaa51,nailed it,0
4613,66sbuu,the columbus blue jackets have been killed by an illegal alien,0
4614,d4ypl6e,is this better,0
4615,as9ypa,rumanias day united kingdom,0
4616,c64xcxt,here,0
4617,byk0k2,my venus fly trap is growing a flower,1
4618,5ncgly,yearold man sets record by cycling more than miles in an hour,1
4619,dpnbzeu,old school,0
4620,5lcukx,old man looking glum,1
4621,cbxrl7r,taking a selfie,0
4622,ad7qd4,all bottles that i have found while hiking off trail,1
4623,dcbs6c,this sink with three taps,1
4624,cb3g40,my nail after a few months post hole punch biopsy,1
4625,1qmqw3,tattoo parlors packed for free swastika day,1
4626,cnxmcdt,new movie,0
4627,cwrvv9r,he found you,0
4628,8gqcu8,president lincoln surveys the troops circa,0
4629,avibo5,oc formation of a splash,1
4630,7yajip,man arrives in america with only the coat on his back and kfc in his tray,0
4631,bs5kw4,albino deer montezuma wildlife refuge ny,1
4632,3gpq47,wave in bali indonesia,1
4633,cjkrlph,wheee,0
4634,cejked,the pepper flake in my cheese looks like a llama,1
4635,2d5efc,me on a luge in new zealand,1
4636,8samgd,ussf basic training circa,0
4637,7ohv59,husky leaping,1
4638,cn4g0j,the light coming from my window formed this perfect circle around one of the table legs,1
4639,ejbdcap,imgur,0
4640,8xfovj,texas officer under review after pulling gun on children,1
4641,6xbz37,trump expected to halt obamas program but allow some dreamers to stay temporarily,1
4642,cf1tiw3,contemplating robot proposes to siri,0
4643,colimiu,chewbacca shirt,0
4644,3rke1t,two friends sharing a laugh,1
4645,91mr2v,stormy daniels husband files for divorce alleging adultery and seeking sole custody of daughter,1
4646,dd4mtg8,not very good but it was the first thing that came to mind,0
4647,bxkuzg,this restaurant full of writtenon dollar bills,1
4648,atlrsk,the way the letters are peeling off my umbrella,1
4649,6wawa6,how do you say whoops in russian podesta group retroactively files more doj disclosures for proputin work,1
4650,7wl6bc,mexican olympic ski team,1
4651,cdrfbs,these spirograph gears that i dont know if i can do this whenever cold,0
4652,42lz9n,zim man wins car later arrested for driving without a licence,1
4653,43h51b,undertaker looking back at brock lesnar laughing,1
4654,2o1hgp,my prayers have been answered girl scouts soon to be selling cookies online,1
4655,2tw796,triebellizorkin space routinely forgotten or swept under the rug,0
4656,8dqb82,the preschooler on the front pages class photo,1
4657,9br9bc,saw this amazing art installation about books under threat in norfolk,1
4658,csgd5v,there is a perfect heart in my heart healthy breakfast this morning,1
4659,56auqm,whale calf seen pushing stranded mother off sandbank bbc news,1
4660,1fa3j8,i saw the face of evil on my way to work today,0
4661,8tsp5s,when the drugs hit,0
4662,dc907z,that thing scares me,0
4663,1ncqpq,calico munchkin cat sticking its tongue out,1
4664,bbsqdu,bird flew into our door and left its outline,1
4665,d8dme76,nighty night,0
4666,61p3jz,chess instills new dreams in kids from rural mississippi county,1
4667,2u2ebi,new raaf jets to be able to shoot back,1
4668,4ztfnq,reine norway,1
4669,bij57c,shes got legsss,0
4670,dgzaswi,the car of tomorrow,0
4671,9io2yt,extruded horse brick pattern on side of house,1
4672,1kx75i,there was a panther in the ice on this cup,0
4673,7aqzi6,tree bears hide seek,0
4674,ddb7mx,dolphins are finally living and breeding in the potomac river again,1
4675,9fn3ic,this is my eye doctor who has collected thing from every country each peice is superglued,1
4676,5toqlp,this camp in ontraio is free for children with cancer and the the little girl in the video brooklyn is my sister,1
4677,10bdp2,hey reddit my husband and brother in law just finished their first mudrun and didnt train beforehand,1
4678,ch9w24,we did it door dash changes it driver pay policy,1
4679,9exki1,all s on this vehicles odometer,1
4680,563dun,florida man running for presidentagainst florida man arrested after selling bitcoins to agent ponzi,0
4681,43abvs,retreating clinton campaign torches iowa town to slow advance of sanders volunteers,0
4682,d71k8s8,my kind of anime,0
4683,27h8ci,woah man just calm down,0
4684,c5z5r54,here is the cutout,0
4685,bcg2ot,yawning rat,1
4686,2fd3uk,angry man at lake,1
4687,86cizf,this little monster i found on or in the wall,0
4688,aw83j9,this dog lying on a bed,1
4689,7fbges,these seemingly happy group of barricades,0
4690,d29dug,found this down on its luck transformer in zaandam,1
4691,esl2ld7,equilibrium,0
4692,5gb7wp,they would strike again a year later,0
4693,58ulz1,dog enjoying a car ride,1
4694,di9q3m,this fall pumpkin decoration,1
4695,ehnuc3a,open wide,0
4696,4gxm1y,dextre aboard the international space station orbiting over earth,1
4697,4jl415,this dog lying on the ground making a face,1
4698,ctdseh2,coming soon to theaters near you,0
4699,coezqd,nazi scientist forces prisoner to watch moniter for hours straight,0
4700,cc7ho34,come have a laugh,0
4701,70las9,photos from soviet era magazine,0
4702,c60khqr,this baby knows how to have a good time,0
4703,6qqwoa,anthony scaramucci succumbs to boneitis upon learning of his ouster from the white house,0
4704,cmz1vk,this shirt at a local fish joint spells slam some clam in signal flags,1
4705,deovd23,the rest of the crew,0
4706,blqznw,a crisis of faith pope francis has left the catholic church to worship a monster truck he saw flatten school busses,0
4707,86n1gl,stupid communists on their daily exercise of trying to shoot down the god,0
4708,axv82z,medusa modern day,0
4709,d4k6fxu,petehur,0
4710,djizz1,ight who the hell parked his monster truck here,1
4711,cbmzhu4,now let em have it,0
4712,cjjlwc6,new principal of hogwarts,0
4713,dl27tg3,tough guy,0
4714,ceki8n,i got a shot in the arm of my astronaut,1
4715,21kwns,king of the jungle in a pipe,0
4716,cl0rzet,time to skip towns again,0
4717,3ltiy3,how ahmeds clock became a false convenient tale of racism,1
4718,dupk3wl,catairforce,0
4719,dsgizeb,the mother of dragons one small kitten,0
4720,dlpkrz,i found the end of the rainbow in fairfax today,1
4721,cr4yqa6,beautiful view into a mouth,0
4722,czdvr2r,doh,0
4723,cnftne,chance the rapper dropping his new album,0
4724,9frnmt,hurricane florence relief budweiser cans water instead of beer,1
4725,bdpuxb,the little caesars mascot has lc adorning the bottom of his toga,1
4726,3ogyk5,palestinian lawyer kicks back a teargas canister,1
4727,89miy4,world wide web launch ceremony colourized,0
4728,52xdeq,rodrigo duterte ordered philippine killings professed hit man testifies,1
4729,aroo68,two york peppermint patties were in one package,1
4730,2n0ksd,protesters in thailand arrested for giving hunger games threefingered salute,1
4731,cbrwjgc,you might want to run,0
4732,dk9z4gt,forgive me owner for i have sinned,0
4733,cllu0or,lol i dont even know,0
4734,ccitfr3,nightmares,0
4735,6cc1ol,freed nigerian schoolgirls meet families after years,1
4736,2uofon,smallpox is a process of cleansing vaccination is a process of corruption and death antivac envelope uk,0
4737,cnal267,marked territory,0
4738,1fvuxq,are nsas prism powerpoint presentation slides the worst ever made,1
4739,c8bg6bn,they told him it was a job interview,0
4740,2o689l,black racist group plotted bombing assassination but charged with gun crime,1
4741,d4dkbpn,hey guys ive found out how to give myself nightmares,0
4742,cs9ol3,northern bald ibis birds look like rich people,1
4743,5nvd80,the elephants on my glass were trying to summon demons,0
4744,debkbo8,help me obitrump kenobi you iz only hope,0
4745,8gura3,quite the blizzard out my hotel room window,0
4746,4k50p6,video shopper wasnt expecting this response when she returned a coat,0
4747,b6seyi,bump stocks are turned in or destroyed as ban takes effect the largest supplier of bump stocks turned in its entire remaining inventory to be destroyed some devices,1
4748,4cqb88,happy saw horse,0
4749,6a77u2,infinity mirror this stale nightmare of boredom and anxiety with back cover,0
4750,cl0pua,color difference between cleaned shoe and uncleaned shoe,1
4751,axt3p8,so much moss in this one area,0
4752,1l3dvx,fighting squirrels,1
4753,co0ryx,how to make the most of the rain,0
4754,ca08vc1,thank you basedgod,0
4755,c6yzp20,qwop,0
4756,cj3e2zf,frag out,0
4757,yvq0a,pea plant grows inside mans lung,1
4758,boh6zx,this wasp that was cobwebbed to my banana,1
4759,1uajvu,clay aiken actively considering run for congress,1
4760,8cb07s,a fearless vietcong soldier saves woman from a savage panda attack,0
4761,4z3ufh,i thought you might enjoy my collection ranging from more posters to hang,0
4762,94bbho,last nasa spacewalk of the shuttle era repairing broken imaging equipment for the bsb deep dish panopticon,0
4763,dwn9zri,bringin them rsoccer and rsaddestbackflip memes,0
4764,6if5my,seinfeld reveals details about the women on his show,0
4765,295xtr,chopin g minor ballade m,0
4766,bwhwpr,the way this tesco lettuce is wrapped,1
4767,bvanfd,old wizened fantasy character confirms that the darkness is rising,0
4768,585vda,this cute little guy loves smiling at the drivers behind him,0
4769,73yp3l,stephen paddock opens fire on the crowd in las vegas,0
4770,90z8aj,this little forklift knows he just messed up big time,0
4771,czl16an,perfect couple,0
4772,azrhk4,trump likes tweet connecting massage parlor owner to maralago,1
4773,cxud3r2,after years of being dominated by his idiot brother george jeb finally snapped and started to like the feeling of being dominated and humiliated on a constant basis,0
4774,cq9ybmq,a taste of whats to come,0
4775,70d9rr,enrollment drops at schools known for social justice warfare,1
4776,1sbapk,cat in a sock,1
4777,6q7c59,new grater feels great to have a new home,0
4778,bhodk9,my thumbs are not the same size is anyone else like this,1
4779,ciujer,ill hmb while i try to do a stunt,0
4780,185efh,tea party students to protest buttplug giveaway north carolina state university purchased about worth of items to demonstrate safe sex including an anal plug six vibrators three dildos and a booty booster,1
4781,39jhq4,til reddit ceo ellen pao on google,0
4782,2fu2yy,man excited to give visiting friends the real fort wayne experience,0
4783,6wmu5z,thousands driven from homes seven dead as harvey hammers houston,1
4784,cemenq,japanese curry chain goes the extra mile to make former employees wedding special,1
4785,cki6ql,dolphin mom adopts whale calf the first known case of a wild bottlenose mom adopting a calf of another species as reported in a new study the orphaned calf even learned to act like a bottlenose dolphin gaining acceptance into the community,1
4786,bigg29,this no turn on red sign believes in redirection instead of saying no,1
4787,bg7q0x,restaurant typo accidental meme ref,1
4788,ciz3zsa,cutouts,0
4789,awbqvd,light perception,0
4790,cei2yg,these two trees look like one tree with two different colors,1
4791,5ltj09,megyn kelly is leaving fox news for nbc,1
4792,cqhkiai,very windy,0
4793,d65u4qz,imgur,0
4794,cnq7mo,the way this wing was preserved due to a fatal collision between its owner and the hood of a car,1
4795,9jd7rg,i spotted a white morph eastern grey squirrel in shenandoah national park,1
4796,ctdoiu4,holy shit evolution is real,0
4797,b0s5wo,found my twin on reddit today,1
4798,9txjkx,the blood vessels running through my cats ear,1
4799,c7t1b41,his precious,0
4800,chk3c2o,i can dance,0
4801,2amjvm,colbie caillat takes her makeup off to make a stand against photoshop and encourage natural beauty,1
4802,7hzj3y,japanese man from internment camps has his first taste of food since he was captured,0
4803,9162mi,that was for him when he is no credible evidence of russian military activity in alaska,0
4804,dgifwhd,bun in the oven,0
4805,ccyelxy,other discussions,0
4806,bi7yfp,the hand that will rule the worldone big union cartoon by the industrial workers of the world iww or wobblies promoting the now obscure ideology of syndicalism,0
4807,c8q48fr,such a messy eater,0
4808,c6jw573,this took a good amount of effort,0
4809,clu3zsc,running for the reich,0
4810,6r73uk,this scheming beaver,1
4811,4o2bg1,pope francis rejects donation from argentinian president with in sum,1
4812,14zuaa,my daughter doesnt want a halo,1
4813,coigor2,just another day at the office,0
4814,e66xmq3,oh my god i want to be tolerant,0
4815,aso77h,in the james bond restaurant in switzerland they burn into the top of the bun,1
4816,cjlhyh,found a minor error in my kids lego instructions,1
4817,9cddhe,these booklets show other uses for basic household items,1
4818,3ppa6r,subway agrees to measure sandwiches as part of settlement,1
4819,7lqxnl,donald trumps approval rating at christmas makes him the least popular president ever,0
4820,1m2ljk,this purse is excited about its new lip piercing,0
4821,bi2qei,why kim kardashian literally unfollowed everyone on instagram,0
4822,8zft7z,kim kardashian films sex tape with musical artist ray j that kickstarts her rise to fame after leak,0
4823,7s0p9k,real people the loudest sound in town,0
4824,1ho4s3,ujdannas kid on a swing from rperfecttiming,1
4825,d7vhj2,the seats at this cinema recline,1
4826,1gmzgh,yrold womans wish to die leaves yrold son worried,1
4827,ctxmd7v,you better run run run run run,0
4828,d24cw3,usb power supply had another label under its label,1
4829,b82eni,yawning engineering student,1
4830,942cac,oj simpson being chased by the police,0
4831,e3g8e9e,a dogfight takes place over the somme restored,0
4832,d2u177,scanning the new old,0
4833,2jivub,syrian dictator bashar alassad,1
4834,c60qdc,prehistoric bird standing ft tall and weighing half a ton found in crimean cave,1
4835,64jr3d,eva longoria visited her familys ancestral village and youll never believe what its named,0
4836,e0wvxyc,crowd surfing,0
4837,2q8w79,a pug wearing a peacoat,1
4838,ydy44,nyc mayor being kissed by a seal via rnyc,1
4839,d3kmam,this trash can has rusted due to being placed under a soap dispenser,1
4840,59etm0,trump took million for hurricane damage that staff officials do not recall,1
4841,25q9w1,jus saw this guy chilling in traffic,0
4842,dtw7qsk,pulp furction,0
4843,dlk3ssa,beach ready,0
4844,d8xzyxw,any time,0
4845,ce37rrh,im suprised no one did this yet,0
4846,dhwsftv,available here,0
4847,cc6bg3c,other discussions,0
4848,coo9yg,oh no im gonna drown,0
4849,8n1k4q,responding to criticism ice has issued a statement informing the public that they should just be happy its not doing experiments on these kids,0
4850,79oq1v,should belichick miss the birth of his demon spawn to coach game,0
4851,bq47lu,this rest area vending machine is filled with legos and toys,1
4852,5z2qgl,til chris benoit was booked to win an emmy for an eu type organisation called the rhythmicon was invented by the length of a feature film set to be deployed over a decade and has done time for visitors is three years,0
4853,97docb,agnivesa emerge from the earth,0
4854,4kut2n,man looking for fellow good samaritans after fiery crash rescue,1
4855,29cfye,north and south korea plan friendly table tennis for disabled,1
4856,1l70jm,cat riding a sunglasseswearing dog,1
4857,22q1sx,chillaxin seal,1
4858,bjgyzz,jim carrey as dr eggman,1
4859,8j7u9f,vietnamese forces retreating from american infantry,0
4860,bdq2w3,today i received mail from the department of preapproval,1
4861,cet0y0g,oh shit,0
4862,9jgi7x,this angry supreme court nominee,1
4863,dfnz81,this bug in my pistachio,1
4864,5b4gbo,hollywood refusing to give public any new movies until it can appreciate ones it already has,0
4865,8odwfc,a latte with a cinnamon stick,0
4866,5fdekr,tube of black paint spilling out onto the countertop,0
4867,ccr7agk,he makes it look easy,0
4868,cpde6k,guy riding a unique bike,1
4869,3b9npw,mother canada statue,1
4870,4ka5t9,you wont believe what this father son did to a year old for a year this is horrifying,0
4871,ayddif,heartwarming these brands are celebrating women to make money,0
4872,1ruzag,a very happy looking car,0
4873,c6tv15,this leaf looks like half a bannana,1
4874,1v09gk,best moustache and biggest moustache winner of reddit,1
4875,cr27rs6,come on an adventure with me,0
4876,3b7po3,dallas tx judges waver the waiting period between receiving a marriage license and performing the ceremony this afternoon,1
4877,cm18vf7,this happened,0
4878,ay69ro,european parliaments brexit coordinator verhofstad gestures during an interview,1
4879,8dqoil,jroc gettin changed explicit,0
4880,cldrspv,do you know what i had to give to get this,0
4881,cfbg0pb,very starbucks jonah hill,0
4882,d304vm,make sure youre sober when you leave your drunk driving trial rcmp warn,1
4883,53wak7,ghostface killah of wutang clan holding a falcon,1
4884,dqbn4me,fixed,0
4885,3q0yh1,western rim grand canyon,1
4886,905lev,immigration surges to top of most important problem list,1
4887,8n54e1,leon and the carpet souls other worldy,0
4888,bn0vvs,the worlds largest box of in delano ca,1
4889,c2waa9,a jewelry had a engraved coin as a gift card,1
4890,7apo5i,poster urging crimean tatars to fight alongside soviet forces soviet russia c,0
4891,dp3rh5p,baboorn devouring his son,0
4892,clvd0wk,doowoop,0
4893,1fsjxh,floating long jumper,1
4894,35aoda,cat sitting on couch,1
4895,d2ugd3t,this is red leader what were those coordinates again,0
4896,ckgmoy,animals crackers loop d loop,1
4897,ckygrt,colonel sanders looks like a stick figure on my cup,1
4898,9gkytp,at un us accuses russia of cheating on north korea sanctions,1
4899,17zj5u,boeing ad from that shows us troops storming a mosque it was quickly pulled from circulation,0
4900,ct20y1,goergia slave owner keeping his slaves in line,0
4901,5a6riq,this bird is doing something that is astonishing scientists,0
4902,ccdp98,my wife found a sad ghost pickle straight out of the jar,1
4903,d83k8l9,i dont even know,0
4904,ccyejie,whats this thing doing in here nsfw,0
4905,8177y5,comparing america to israel on gun laws is dishonest and revealing us conservatives like to point out that both societies are wellarmed but the similarity ends there israelis trust their state and dont fear each other,1
4906,5p2n1k,scary,0
4907,92dnwz,being poor is not an excuse to help if you have helping mind,1
4908,144ska,soccer player jumping over the corner flag,1
4909,dkozp5w,chips on the edge of forever,0
4910,8knubm,oc my mod is rather unhappy,0
4911,3a1o67,conservatives say obamas plan to ban trans fats limits american freedom,1
4912,cxy9nw,this microbrewery has a branded video game,1
4913,6ladyi,crazy bloodhound,1
4914,3qh5qd,a doll wife spite,0
4915,by43fl,the restaurant i went to served me a hot chocolate that made you mix your own chocolate,1
4916,cznsjgc,she will have much fun in gulag,0
4917,cdshjs,how unscrewing my trucks removed the grip tape on my longboard,1
4918,aubbg0,police have lost almost all of the evidence in a case against two men who allegedly raped around children more than times,1
4919,616hr8,dramatic sea lion,1
4920,ci5yuvr,cutouts,0
4921,2j82fr,man admits to having sex with over cars,1
4922,bfbjfl,two of the eggs i was painting cracked and the paint seeped through creating this,1
4923,czmy7p,cleaning service company used a still from the help to promote their business,1
4924,23c3kn,staten island parents seek answers after condoms delivered to child,1
4925,c3ht1g,javelina standing idly by,1
4926,d24hjuk,who my baby daddy,0
4927,cd90w7u,other discussions,0
4928,d35utk1,im a little late but whatevs,0
4929,cx2a6a,this monkey puzzle tree i found growing in an abandoned quarry in north wales,1
4930,1squ1u,ted cruz coloring book selling fast,1
4931,c09325,pounds of honey creates sticky situation in new zealand terror attack denied bail,0
4932,dckdqk,i found a machine that give you salmon near my house,1
4933,c80bxlp,cheeky little bastard and handsome as hell,0
4934,d8s8m2,think this guy was a little worried about the turbulence on the flight aswell,0
4935,36ejnm,north carolina mom leaves kids behind to fight against isis,1
4936,blu5ht,this sealed cable from,1
4937,8qtu66,adolf hitler salutes his troops as they past the reichstag on their way to poland,0
4938,4zpdyx,my lips are sealed,0
4939,cibvqd7,girl with a cross earring,0
4940,comxlgr,cardinal bros,0
4941,31c8mb,leo dicaprio hailing a cab,1
4942,axqspw,spy vs spy how scientology and the cia battled years ago,1
4943,cp1s2tl,that crucial save on the last penalty,0
4944,dar5bi,kirk dababy,0
4945,cxqcpcf,im definitely stuffing this one,0
4946,d2zwgk5,confused ben sadleck,0
4947,cjxcsc9,cutouts,0
4948,7jy49t,snowboarder goes off a massive front flip,0
4949,8hlr6l,phillip i murray grand canyon,0
4950,cybwkn,forgot my card in my pants good thing the number is in the back,1
4951,2phli9,yummy french fries,0
4952,5rs5bg,bill nye wearing black suit at fashion show,1
4953,6kul9k,we sent a millennial to mcdonalds to try her firstever big mac what happened was sad,0
4954,cyu6ak,streaker at a football match,1
4955,2afoda,my friend on his wedding day,1
4956,cl388oz,uhoh,0
4957,4v5sq9,blackfooted ferrets return to where they held out in wild,1
4958,986aog,tony robbins first speech,0
4959,58rxdx,joe biden finds two coins,1
4960,103qve,soviet labor,0
4961,3iggay,sahale glacier,1
4962,ay2zyc,this vending machine gave me a different brand of water bottle,1
4963,cjout57,i got this,0
4964,67i60w,precious lost so much weight and is not extremely hot,0
4965,avgd8l,balloon buzz lightyear,1
4966,cxisak,president trump flirts with easing capital gains taxes then demands nda,0
4967,broroa,tree that grew into then out of water,1
4968,bqs3g7,nazis burning books circa colourized,0
4969,2u9hrr,germany houses refugees in holocaustera concentration camps,1
4970,azr11s,this park entrance is locked up with a police barrier,1
4971,5gotb2,couple adopts siblings so they arent split up in foster care,1
4972,dbzadsk,thanks its the thought that counts,0
4973,d4p1gf5,there you go,0
4974,4zqaeq,a cat crossing its arms,1
4975,6vs1i3,this smug face cabinet looking high on socks,0
4976,c6m3a24,i personally think he was framed,0
4977,732jm6,german right wing politican avoiding press,1
4978,djt1mq,this canplastic bottle hybrid,1
4979,3x0xvn,new show on history reveals the past when network had shows about history,0
4980,69rn2r,cherried nothing,0
4981,bbowc4,walledin picasso,0
4982,d4swpve,welcome to suburbia vader,0
4983,7xsrkn,florida shooting fbi and teachers warned about nikolas cruz,1
4984,c3k4l9,this little anole lizard that was just casually chilling on my toilet paper holder i love lizards but this one startled me for sure,1
4985,c8eve8x,lets do this shit,0
4986,bdyxhm,all sixes on my odometer today,1
4987,1n8lke,my lava lamp seems to be worried about something,0
4988,c7rah6u,mandatory darth vader,0
4989,bdb7la,birds building a nest on my nest camera of my front door,1
4990,bgbqa1,this heart shaped potato i found,1
4991,bdk5i2,mini cooper is so light it can be held up with just arms,1
4992,99bx1n,dutchman swims for hours straight and km to raise eur million for the fight against cancer,1
4993,2944ve,good samaritan turned victim repays her rescuers,1
4994,d2o5qq,almost perfectly symetical branches,1
4995,c9eb0d,george washington and family waiting in the delta skylounge before their flight to orlando,0
4996,9dtvzy,my tomato started growing a tomato plant,1
4997,9cdslf,man holding sun while girl watches,1
4998,cfsblis,i am both proud and terrified of my work,0
4999,ck748w,the dogs chin and neck look like some evil alien snake thing,0
5000,c71105u,im mr snrub and i say that first picture is excellent,0
5001,cd43icn,hows this,0
5002,3blkf8,camping in big sur ca oc,1
5003,5nj7oh,woman sets up coat exchange to help freezing homeless,1
5004,bi55sl,this siamese twin lime i found at work,1
5005,37fk4v,westboro baptist church gets irelands flag wrong and declares it hates the ivory coast,1
5006,5bi3bw,bs tightrope over the abyss,0
5007,bcaccv,this escalator behind doors,1
5008,5qm3og,can all news please play this way,0
5009,94kh6u,cat chicken become unlikely pals in california wildfire,1
5010,ey8atc0,httpsiimgurcomrsetnuzjpg,0
5011,7yn5ds,a sad soupy fate,0
5012,c9i09lt,syke,0
5013,b0t49v,this picture i took last year of a home in rural new york that has a vw van in the second story,1
5014,c25830,this stick that looks like a sloth,1
5015,c6djtdq,new pet,0
5016,7ltgjf,this cat in mid air,1
5017,54nabk,kim jong un laughing,1
5018,15ch5h,the edward bohlen,1
5019,vy3ez,obama openly asks nation why on earth he would want to serve for another term,0
5020,c9bzi0s,i know that feel bro,0
5021,cqhslqj,meow,0
5022,5twbvz,donald trump and justin trudeau,1
5023,cg9t49d,totally had to,0
5024,dayhx3,pasta straws are popping up as an edible alternative to plastic,1
5025,c8pvw9s,after the hobbits,0
5026,cpmh266,sometime you just get that craving,0
5027,bavhv7,cambodias endangered river dolphins at highest population in years,1
5028,awyea0,my friend said oh look you can see the clouds up here,0
5029,cv3eapv,the less known korean invasion,0
5030,3uakcq,cow shot times by police incident under review,1
5031,cc7s9bm,how bout this,0
5032,2qcf4v,fungus incubator turns plastic garbage into people food addressing food shortages and the overabundance of nonbiodegradable garbage,1
5033,3al4yn,lose power as naked woman crashes car into pole,1
5034,35r6t0,mother of student complains to local news because daughters elective interpretive art course requires a nude performance to pass the class,1
5035,cknjond,the sixth element,0
5036,cja3uqp,cutouts,0
5037,atkdqj,these instructions shaped like a head,1
5038,ckao8pe,why would they do a such thing,0
5039,cccd6aw,other discussions,0
5040,cp9r8kx,hey afleck you bozo those boards dont work on water,0
5041,c5t7fu,usage of the door close button in this manhattan elevator compared to open door,1
5042,bba066,this rock looks like gru,1
5043,b1gpcn,terror the second year of hitlers war uk other side and translation in link,0
5044,bnztwl,i just opened this glitched toblerone,1
5045,2wv32c,nation delighted as many famous people in same room together,0
5046,309o0u,moscow metro panoramas,1
5047,7xun8f,flower boy fear of failure,0
5048,6m0ukq,philpresident duterte on a chopper to marawi city,1
5049,6fu3p6,this idyllic little cave at the seaside,0
5050,8gwhpn,volcano erupted in hawaii lava is literally flowing down streets this is live video,1
5051,y33pl,man chases girlfriend around the house armed with dog poo,1
5052,ejb2ee6,endor tourism,0
5053,dj25l9,western australia the necessary apparatus,0
5054,chjm82m,gamaw gamaw look shwek,0
5055,dkm52v,london gatwick airport this evening a couple of thomas cook planes by the tower guess they wont be flying again any time soon,1
5056,axajb9,paintedover spot on public bathroom wall must conceal some really fuckedup graffiti,0
5057,ckr7496,cutouts,0
5058,2cz7o1,my friends magnificent attempt to fly round,1
5059,b5j2cg,hitler loses germany,0
5060,7qd6bo,this person on the beach,1
5061,2gg7oi,rotherham thongeating dog has emergency operation,1
5062,ce6aks4,it takes tuna tango,0
5063,by3lhc,my puzzle with extra pieces for one corner,1
5064,c8n2as,just found a half penny in my wallet same size as p coin,1
5065,bq068x,tormund on my hotel key card hoping to spend the night with the big woman,1
5066,88ohmn,i like my bike seats well done,0
5067,c7inn0g,smitty werbenjagermanjensen,0
5068,cg9uo9m,gadzooks,0
5069,6t0wdz,this london doctor who was abandoned at birth has just tracked down his estranged irish relatives,1
5070,7rgzr8,tattoo on back of neck with a strange shaped head or throat,0
5071,cnmj76,one green grape in a bunch of red grapes,1
5072,5ueznv,subway s under fire,0
5073,c9bpma2,north koreas guam invasion force mistakenly lands at scaramangas island fortress,0
5074,coo6jfa,hells tissues,0
5075,crcxo9h,angry curler tripper lady,0
5076,1ezw1p,no please dont,0
5077,1wc0wk,smiling chihuahua,1
5078,clg282i,cutouts,0
5079,cfd69g8,other discussions,0
5080,c6nid9,huge spider i found in my garage,1
5081,8cnw3y,this gopher caught in the garden,1
5082,83htjo,a confused toast live in my floor,0
5083,8hvhw1,this is how my friend is making a video i was just another bus ad,0
5084,c2i6oo,potatatee manatee,0
5085,2vee3r,sitting will kill you even if you exercise,1
5086,6a5cjl,one mountain hare,1
5087,dhfmhyz,imgur,0
5088,3tae72,the young man who saved five lives,1
5089,6ioy9q,robot writes perfectly straight and very tiny on a chalkboard,0
5090,9cz5k7,this sign spinner advertising sign spinners,1
5091,di9wsw,hes found in the ocean,0
5092,2f3xjo,erdogan appoints aide who denounced murder attempts by telekinesis as economic adviser,1
5093,7rb41y,bill nye confronts young flatearther,0
5094,ccvi1gq,other discussions,0
5095,cejkvzb,girl hits boy in the face,0
5096,demxye,a piece of popcorn that looks like a sheep he even stood up on his own,1
5097,197249,online fashion game allows players to support un emergency response in syria,1
5098,9ggayj,salesmen survival,0
5099,chuvhgk,ellen looking for approval on her record selection,0
5100,coi5wpz,level up those wheels,0
5101,cxggfbd,drone dog,0
5102,c48m19k,exterminating vermin,0
5103,cgya9o8,cutouts,0
5104,5acgjv,tattoos can cause cancer with one colour potentially more toxic than others study says,0
5105,b7t8j6,this tiny avocado seed,1
5106,d8cb7u6,hunting the buffalo,0
5107,c7jo0lz,in honor of the apocalypse,0
5108,aykbxo,two of mark robers thumbnails next to eachother in my suggested videos tab work rather well together,1
5109,yfk7t,my buddy doing some karate,1
5110,63q1nt,found a minion in the parking lot,0
5111,cntk75,rocket launch from my backyard this morning,1
5112,cmmcani,carrot korpi,0
5113,dhrgqhb,source image,0
5114,as8s0t,this fisherman and a hand gesture with hitler written on her back,0
5115,8gxttw,user in rfountainpens receives an eagle by mistake,0
5116,73n8go,smokey the bear mascot doing training exercises with police trainees,0
5117,2zkzjc,man tasked with tackling antisocial behaviour fined for antisocial behaviour,1
5118,1iyvr1,my son jumping off his slide,1
5119,c2jucb,a bird nest made with my cats hair,1
5120,6j4fys,my arm is sad,0
5121,7ih918,arrogant ambassador waiting for rapture,0
5122,c90hy8l,brush my teeth soldier marine officer candidate,0
5123,471kcf,two cats sitting,1
5124,5b75so,the russian bear,0
5125,dbkybf,a load of fancy crypts,1
5126,ccr1gwg,uh,0
5127,cl816fu,cutouts,0
5128,7jkupl,this mop means business,0
5129,bxh9m1,this roomba lawn mower,1
5130,75rgch,idubbz planning his diss track against ricegum,0
5131,d53k1e,oc the deployment of the plane carrying the little boy heading to japanese lands,0
5132,35qg7n,ginger fanatic plotted prince charles murder to make harry king,1
5133,au3xzz,bc lawsuit against alberta turnoffthetaps legislation dismissed for being filed too soon,1
5134,crw6owe,lbj does love cake,0
5135,c8io7t,my pork looks like a human heart,1
5136,d957pl,this is what happens when you leave a bowl outside and it rains in scotland,1
5137,92onex,donald trump explains himself to communications staff member steven cheung,0
5138,5qngxs,serena williams smashing her racquet on the ground,1
5139,78sj6r,realism by ni comhstri,0
5140,chp5h3q,now who cant hit the ball hahahahaha,0
5141,crg8okz,why didnt they just take everything,0
5142,8jq2bf,girl clutching a water bottle fit inside a mini mm bottle,1
5143,c9jfpr0,hey watch out,0
5144,1q4bwa,guns ammo fires editor apologizes for guncontrol column,1
5145,dfhsr4,chef tom kerridge says ps fish and chips easily justifiable,1
5146,8uxh7k,naked florida man arrested for not respecting religion,0
5147,ca6zn7k,stuntman,0
5148,7m5q9f,caught this plumbing creature staring at me while i was on the toilet,0
5149,4b18to,alberta man credits smartwatch with spotting heart attack and saving his life,1
5150,4dw9pd,ceiling boobs,0
5151,d5d1l6j,here you go now its perfect,0
5152,ccam1zz,i dont know wat im doing,0
5153,ch7iph,mechanical pencil eraser squished itself into looking like a tiny spider,1
5154,d64gehe,beware,0
5155,89uwuv,maryland lawmakers pass ban on gay conversion therapy for minors,1
5156,6h7b1z,trump announces his top pick for the new fbi director david ducovfefe,0
5157,8zpy92,god after putting the male gspot in the ass and then calling homosexuality a sin year,0
5158,carn4jx,other discussions,0
5159,3rj3k1,rescued sun bear cub gets his own playroom and has the time of his life,1
5160,2wnwng,tea party news network staffers resign en masse citing despicable practices,1
5161,4jzpcg,man wearing laser hair growth product,1
5162,ctrmav,this parking lot rust stain looks like a hummingbird in flight,1
5163,6ullp0,oil pipelines in afghanistan,0
5164,5b4mnf,bridgegate verdict bill baroni and bridget kelly guilty on all counts,1
5165,cj7nxy8,cutouts,0
5166,62gosk,kandi fault zone the other way around,0
5167,8s92bd,saudiled coalition captures large areas of yemens hodeidah airport uae,1
5168,54c4kd,pay it forward taken to whole new level after stranger pays for mans petrol bill,1
5169,5j6kr3,ezekiel elliott celebrating a touchdown in a giant salvation army kettle,1
5170,atpkru,i got a beef jerky in the shape of california,1
5171,cbge9eq,no wonder hes so useless,0
5172,bzypod,the inside of a new glasspack muffler,1
5173,c5ax40y,the circle of bike,0
5174,7spfy8,judge rosemarie aquilinia handing down her year sentence to larry nassar footage clip,0
5175,10ei0j,woman who attempted to and hilariously failed to restore a fresco of jesus is now suing the church for portion of tourism proceeds,1
5176,1i7tb8,check the rodent,1
5177,2ofhd7,nba player stuffing his crotch into another player,1
5178,85pi0c,napoleons army invading russia c,0
5179,42f6a8,little kid dumbfounded by motorcycle tire,1
5180,9c6jnv,man begging for food during great depression decolorized then recolorized,0
5181,5w595k,kid playing with playstation vr in an videogames expo show,1
5182,9a49la,democrats face almost impossible map to retake us senate,1
5183,c6jteh,the avengers meets ultron after its creation,0
5184,ci6h77,zuckerborg mk ii prototype,0
5185,391796,hands of our aid workersdutch ad against violence to aid workers,0
5186,76k4x5,this tree swinger,1
5187,b3sd4w,the states legalize weed us,0
5188,7kxwy0,an angry fisherman forcefully searches inside a fish for his phone that fell into its mouth,0
5189,ekcpnnc,available here,0
5190,8xmmsi,liu xia the widow of chinese nobel peace prize laureate liu xiaobo has left beijing after almost eight years of house arrest,1
5191,89isp3,first picture taken of neptune by voyager,0
5192,bp6791,accidentally frozen greek yogurt,1
5193,2n1xni,yips yips,0
5194,261wlj,manchester city superstar leave the team after owners failed to wish him a happy birthday,1
5195,czqvz3s,far side,0
5196,b25kmp,german leaders fleeing to argentina to avoid prosecution after wwii,0
5197,dpc4bh3,if you go into the woods today youre in for a nice surprise,0
5198,c4q1b97,i cant leave the celebrity redditors out of this,0
5199,4bspii,donald trump storming the castle to arizona us,0
5200,6ty43g,thyme lords broken illusion,0
5201,c797r2n,sometimes the boys like to put down the clubs and just go dancing,0
5202,cccvqv,this hula dancing panda,1
5203,b5if4v,dunk tank malfunctions at world fair,0
5204,av8yfk,this bruise i got last night was formed into lines by the sock i wore today,1
5205,clz1mm,a boat buried in the sand,1
5206,cb61769,the decision to replace horgh with dave was highly controversial in the norwegian black metal scene,0
5207,6l8t12,bernie sanders waving at a th of party,1
5208,6frwjv,undocumented immigrants steal millions of dollars in unemployment benefits with help from a chicagoarea woman,1
5209,2zwfp9,weird al yankovic to pursue serious music career,0
5210,5nmlhz,biden awarded presidential medal of freedom,1
5211,baazxz,a fish in a space suit with mechanical tentacles,0
5212,5talzs,intoxicated nb men go through mcdonalds drivethru on a sofa,1
5213,1zrve1,study links meat sugar consumption to early death among those who choose to be happy in life,0
5214,b0rlc4,this restaurant in italy had a colorful array of vodka,1
5215,1778dr,hard drive magnets,0
5216,b8n327,a cloud outside my window looks like a whale breaching out of the ocean,1
5217,1r9rmq,wisconsin is solving icy roads like it solves everything else with cheese,1
5218,c7s3375,imma firing mah lazor,0
5219,34oygx,the tree with the eyes,1
5220,bq00bx,the way this milk bottle imploded photo taken weeks ago,1
5221,co9frd2,oblivious to everything around him,0
5222,y31mp,guy sleeping in river mistaken as corpse,1
5223,5z8y7o,ny governors free college tuition plan prompts wider debate,1
5224,6qmfzc,us coal exports soar in boost to trump energy agenda data shows,1
5225,djhy5c4,queen pam,0
5226,cssrtq3,minigun eh,0
5227,c0te9l,handed my yo niece a solved cube and she somehow did this,1
5228,4d3ri4,dna testing results in dog poop fines for apartment residents,1
5229,7p65c8,new habitable planet discovered by nasa,0
5230,83kxe2,vladimir putin talks about his political dissenters,0
5231,cln1t2g,cutouts,0
5232,yl4lm,on chinese beaches the facekini is in fashion,1
5233,d8wwf57,again,0
5234,5oot6b,save the east german national peoples party,0
5235,cl2v3t,the way the video of a crack on a wall lined up with the spine of my digital textbook,1
5236,c92hrf9,litter box training should be started early,0
5237,dvi6ap3,poppa smurf,0
5238,5nr7h4,trump slides in poll even among trump voters,1
5239,2ae43x,this fabulous picture of my hubby when he was a kid,1
5240,exf7c31,a wild carrot appeared,0
5241,y3ofa,bizarre but beautifullydesigned north korean antiamerican poster,0
5242,25l4g4,militarylevel operation being planned to get grandma through graduation,0
5243,dvl2ziq,pup fiction,0
5244,c5zgtdw,sorry,0
5245,crw2ql,what did the bolsheviks carry polish antisoviet poster s translation included,0
5246,4c5mot,battle samurai via previous winner workingat,1
5247,1nmqni,a rugby player midjuke,1
5248,ckjv6hw,crashed,0
5249,c7qjduj,unimpressed,0
5250,10aadn,to battle,1
5251,arb1ot,found something looking like a baby shark in our shrimp bag,1
5252,ceq0dhq,finally,0
5253,6x9h6w,youtuber becomes mayor of us town bans straight people and gets impeached,1
5254,ejptm03,our boy here is competing against the pros,0
5255,1pv7v1,one happy blender,0
5256,1s7dgp,porcupine to the face,1
5257,c9ifwlf,angelina jolie absorbing nicholas cage,0
5258,50siks,florida coast battered by hurricane hermine,1
5259,38p5l4,peace my best for it ddr,0
5260,c74x4bc,theyre here,0
5261,cipxnc7,cutouts,0
5262,cuz23s,this bird in the airport,1
5263,59x1jk,a man and then an ass in underpants,0
5264,1lhhqh,tie dye cat shirt,1
5265,2m08md,twotime deadly plane crash survivor austin hatch scores first college point,1
5266,c2xd3m,this hair wax reveals a secret image when you heat it with the blow dryer,1
5267,d9zdnu,this car doesnt have any door handles,1
5268,d56r89k,hello,0
5269,cr0ev9n,extreme furball,0
5270,bi83wd,a soviet charge pushes back the germans at stalingrad,0
5271,cffucni,other discussions,0
5272,2pa7il,chicago cop disciplined for playing sweet home alabama at protest,1
5273,cug0ws1,protests in moscow,0
5274,dxer563,even closer,0
5275,cwrmshe,we want you,0
5276,cu5tueb,maybe thats too blunt,0
5277,c6j3vi,new incompetent central bank chief going to fit in just fine,0
5278,chqy18j,cutouts,0
5279,buvvw4,on this fake gucci handbag,1
5280,3l5fmt,gomis goal celebration,1
5281,5c0t08,instagram users post black squares after trump wins us presidency,1
5282,c85m46l,whats the password,0
5283,c8gljlc,now this new zealand parade is complete,0
5284,397va1,a floating dome that lets fish take a dump but forget your shampoo bottle,0
5285,d2yf0i6,they grow up so fast,0
5286,4dljpo,performer keeps singing after cobra bites her on stage then dies,1
5287,667pcu,intense table tennis,1
5288,4u2wxq,kid opening nes on christmas,1
5289,75bkbl,pyromaniac arrested for causing california wildfires,0
5290,crttvk,the greek pattern on the little ceaser toga is actually a logo of a l c i would post to ramidense because i never noticed but its not real,1
5291,cx76mbx,fo frozen,0
5292,ca23bh,this lego sculpture,1
5293,2yvzxf,bride tests grooms iq dumps him after he answers equals to,1
5294,avefxp,how did this happen,1
5295,91m6en,attorney general sessions laughs and beams as lock her up chant breaks out at high school conference,1
5296,d0zbuii,she deserves a hand,0
5297,cezggv7,i spent an embarrassing amount of time on this,0
5298,ck4vk74,unable to negotiate with the faa google goes old fashion delivery pigeon,0
5299,ddftz64,japanese jonah jameson,0
5300,7ni377,little guy with little arms,0
5301,c9jy4l,the battle of baggage claim,0
5302,4svkus,china unveils gravitational waves are the craters we see on nearly every space craft,0
5303,c70vd9,a little tree growing out of a bigger tree,1
5304,3l13iq,after abbott antiislam rightwingers confused about who to vote for,1
5305,d1tblsi,what ted cruz will do for you,0
5306,4y1aph,shaunae miller of the bahamas diving across the meter dash finish line at rio olympics,1
5307,d7xbkm,he shouts,0
5308,35vcjo,alleged coleford murder victim put vacuum cleaner up womans bottom court told,1
5309,ch0jxdk,cutouts,0
5310,ctwa325,trumpocalypse now,0
5311,4gyuxi,guy jumping off a swing,1
5312,cgrkun4,cutouts,0
5313,783hwy,big red stain doll like,0
5314,dsi0vnd,woofentine detective agency,0
5315,cxactrr,huggy bear,0
5316,7fno74,offroad f car build pic,0
5317,dtcyqnz,did you say dutch,0
5318,6or2d5,two german soldiers operating a captured vickers machine gun in an entrenched position on the western front colorised ca,0
5319,cvcxpzh,the mlg way,0
5320,25jlp2,an elephant carefully stepping over a fence,1
5321,cy7po9j,first thing that sprang to mind,0
5322,2zbi4e,dog not ready to catch,1
5323,c7lf18,this drinking fountain gets its water from a fire hydrant,1
5324,c7kfby2,httpiimgurcomdjbiujpg,0
5325,czmd7gh,make sense,0
5326,8273cr,south koreans meet north korean leader kim for talks about talks,1
5327,dxxya6q,directors cut,0
5328,8ypok0,actress gina rodriguez used her emmy campaign money to send an undocumented student to college,1
5329,4vvw4r,turkey again sends document to us seeking the islamist clerics arrest,1
5330,7bamsv,melania trump and akie abe show off their calligraphy,1
5331,d10we9,this cat getting some sun,1
5332,cld8haj,attack the plug,0
5333,2v7wdt,mill mune de zwaluw in burdaard friesland the netherlands osx,1
5334,d9q6rr,this dog near my house who always wears a neck tie,1
5335,8rdb4r,once thought killed in action one time war hero and now infamous hydra assassin sgt james buchanan barnes looks on as his explosive charges detonate at their target location,0
5336,cso6pb,this strange floor,0
5337,cuar2w,found on my homepage from two seperate subs,1
5338,dfk55c7,vanta black dodgeball,0
5339,7s5sf2,misterfizzter alternate take on it,0
5340,bwlckx,top on both sides,1
5341,caom6s6,bear of steel,0
5342,cbx0err,pop art,0
5343,axaa08,theyre doing reno in my office buildings lobby this month hidden under an old wall panel are signatures penned exactly years ago today,1
5344,erm3oc9,the obvious response,0
5345,dcuflrm,dont belly flop,0
5346,cjbrqla,nobody can resist doing it,0
5347,7ndpp3,americans wake up in from collective bad dream,0
5348,eypbg0p,now free i shall take my revenge,0
5349,4or019,im watching you sleeping,0
5350,cj4pmt,chia car,0
5351,bl8jqk,explainer who pays trumps tariffs china and other exporters or us customers,1
5352,chv5jwi,ok ok i have to cut some necks tonight to fix everything up,0
5353,43548i,girl playing to the chickens on her saxaphone,1
5354,cror7t,this bearded man,1
5355,diiaipw,alexanderthegreat,0
5356,cwu0h84,nice quiet time,0
5357,7o4f34,chibok girl found nearly years after mass abduction nigeria confirms,1
5358,daay1po,now in color,0
5359,2ahjas,workers at trendy brunch spot forced to poop in cup,1
5360,dg22meo,hungry,0
5361,5a69s6,summer camp administrator,1
5362,cvqxhz,old police call booth from milwaukee you adjust the dial to the crime you want to report then lift the reciever,1
5363,b1rj9r,man takes bag of dog poop to the eye,1
5364,ccbom7a,ha ha haaa,0
5365,8oeyfa,video man shot after offduty fbi agents gun falls during backflip police say,1
5366,cqjhovu,lizardman,0
5367,317b1j,scarlett johansson showing tattoo,1
5368,b5ejqr,alan parsons project i wouldnt want to be like you,0
5369,46v5o6,covering for my cheese steak to be effective for out of broken baby dolls,0
5370,4jvbza,base jumper,1
5371,3igslo,man doing workout in gaza bombing rubble,1
5372,cwwsvlq,are you tall enough,0
5373,60bx93,police acquitted in beating of mail worker who unknowingly gave cop killer directions,1
5374,8gtqez,house chaplain rescinds resignation after furor over his ouster by ryan,1
5375,c8iamk,weird sign on a local street,1
5376,cgge58a,i recognise that face,0
5377,7hg74n,zoo in china showcases inflatable penguins single tortoise,1
5378,2z9v5q,family made more than million from youtube videos of their kids playing with toys parents quit jobs and now make a living filming videos of their kids all day,1
5379,yuls4,evernote declares a ceasefire in its war with paper,1
5380,coig5x,penguin in time out,1
5381,3jfnpx,a disgusted cat,1
5382,co3bre,my hotel has a guide on how to use the shower,1
5383,dby4zf4,no stache,0
5384,5mhht8,glory to the first cosmonaut y a gagarin soviet union,0
5385,3nmbb7,listen to mans emotional call when he finds missing toddler,1
5386,d2xrc1,this sewer grate in tokyo looks like the demogorgon,1
5387,bglz8f,the word for goes well together is complements but this sign in an olive oil store misspells it with an i which means where the virgin compliments the aged literally means where old men go to have young women tell them they look like theyve been working out,1
5388,6et4pq,mr met gave fans the finger after derogatory things about his mom,1
5389,cfq5jj,my tennis can melted in the sun,1
5390,cvfrmr,roman soldier preparing for war bc,0
5391,b0f3lg,this whole made by an angry person at my metro station you can see the knuckles and fingers,1
5392,8s1ctj,summer ice whaling in alaska a dispatch from the melting north,1
5393,coztfx,well placed signage,1
5394,c8g0jt1,this mr stay pufts okay hes a sailor hes in new york we get this guy laid we wont have any trouble,0
5395,81apih,hundreds of people gather to say wow like owen wilson,1
5396,cxp4wgx,id watch it deg deg,0
5397,69lhk3,labrador nobody dies because they dont have access to health care,1
5398,ci533b,north carolina bomb squad agents injured in explosion,1
5399,8yxt61,sunbathing odst,1
5400,12t0uw,honeycomb in distress,0
5401,cmavnkv,even more stylish shiba,0
5402,d4ljse,found a rather yellow orange a yellow,1
5403,7laycw,nanaimo homeless man returns diamond ring to grateful owner,1
5404,az2y2y,homemade transformer,1
5405,1sh9pd,allied soldiers mock hitler atop his balcony at the reich chancellery guy in the bottom right pointing and laughing,1
5406,cs753hf,every guy at lush,0
5407,7ygh2o,distant dwarf planet with ring,0
5408,d0s7pia,a small yet significant change,0
5409,2m30v5,vacation breasts be next big thing in plastic surgery,1
5410,4zzm74,autistic boy receives birthday cards after mothers public appeal,1
5411,ckfx4at,polar fun,0
5412,b8phoq,om nom nom,0
5413,cbzm445,other discussions,0
5414,c4jpft,these are the signs for the toilets at my local zoo,1
5415,biw5ow,lamps reflection in my sunglasses,0
5416,3ybesc,man surprised with lifechanging christmas gifts,1
5417,c54dper,launch the corgis,0
5418,irify,congress passes daylight savings bill pic,0
5419,c1rumb,this powerline that seems to go nowhere,1
5420,3pcr3a,one dog looking shocked the other very very guilty,1
5421,ccscb0,built my first computer over the last week oc,1
5422,6tz7bf,mostly black dallas group forms to protect confederate monuments,1
5423,cj2vajv,on this day years ago the greatest picture ever was taken,0
5424,77pfgs,metallica stunning the crowd in their first live performance on at radio city in anaheim california,0
5425,cc020o5,i want it that way,0
5426,c3amdh,surprised castle doesnt want any visitors,0
5427,5cmvrb,obama looking in a mirror,1
5428,1zr8pa,a guy falling,1
5429,1n0fns,black vampire cat,1
5430,clntmp,this tiny cicada,1
5431,eqiquh3,youre right it does,0
5432,9empd3,wellllll kyles mom is a bitch shes a big fat bitch the biggest bitch in the whole wide world,0
5433,d3pzz95,breakin the law,0
5434,338kk3,river uvac serbia,1
5435,c8zuhhz,delicious,0
5436,57lfg1,we dont deserve to be treated with such contempt over a avocado,1
5437,b2niw9,this is just piece of paper taped on to the cash machine,1
5438,c9bjp8,my moms bathroom sink has a plant growing in the drain,1
5439,cg33di,the cloud wolf taking a drink out of the ocean,1
5440,awcgbj,art nemesis see hear,0
5441,4fuoq6,peter dinklage riding a scooter,1
5442,83qocq,guys youre embarrassing me,0
5443,8ab9cc,why is this old man looking at me listen to my music,0
5444,cfb9z2y,other discussions,0
5445,363vzu,sikh puts religious rule aside to help injured boy he unveiled his turban to place under boys head,1
5446,cg97sqd,here it is,0
5447,9dc2tt,president donald trump reacts to an anonymous oped piece published by the new york times,0
5448,cjjnjrq,a kid and owl kicking water in front of sunset,0
5449,c6pyp7z,sports,0
5450,1ldpiq,artist who painted putin medvedev in womens undies flees to france,1
5451,dgdc8qb,well bust a cat in yo ass,0
5452,tp1yi,a quick doodle my coworker drew of customers last night,1
5453,cmfud1j,sir please dont lick the tv,0
5454,c4am445,you almost won this round,0
5455,c8919i,the shadow of this playground equipment looks like a tie fighter,1
5456,1s2gk4,dachshund racing,1
5457,c8cn4kw,he inspired many,0
5458,2jl8qt,crocheted cuthulu,1
5459,az6plk,massive albino pigeon visits the beach,0
5460,8nkv3s,per svenssons dream of americathe reality swedish antiemigration,0
5461,5580i5,a straw you can see my dog from daycare meirl,0
5462,60m3le,president trumps daughter ivanka to get white house office,1
5463,c7ic9iq,i dont see what the big deal is,0
5464,cemz27k,hes out exploring,0
5465,elrytnk,waiting for an old friend,0
5466,cgchtcm,excuse me do you have a moment,0
5467,31ifco,some people falling off a moving motorcycle,1
5468,dl3q5rb,but theres one they fear in their tongue he is dovahkiin,0
5469,d33c10j,trumpy kim,0
5470,cua6fe,a yellow watermelon,1
5471,bemj90,my grandfather and grandmother at the scene new york city on,0
5472,b4chlm,the mushrooms i had for dinner still had the sell by date on them even after cooking them,1
5473,crfmjfz,dont worry little buddy i got you,0
5474,3omwby,philippines demands canada take back tonnes of vancouver trash,1
5475,515590,putin and erdogan at the g summit,1
5476,csdqi9,this little danish town near santa barbara,1
5477,3amh3x,osama bin ladens porn stash will remain classified cia says,1
5478,c14r3i,the machine that bags starbucks coffee,1
5479,8c6el0,awestruck daniel henney,1
5480,1a6suh,north korea showing off their artillery,1
5481,2r92ew,scuba yawning,1
5482,csvdx6n,home alone,0
5483,arzuyr,hitler receiving cooking tournament invitation,0
5484,de8o8hg,corgi,0
5485,7vthhn,brockhampton saturation,0
5486,255od8,new tardis console from doctor who,0
5487,9gfyth,birdseed sprouting and growing in my great grandpas feeder,1
5488,djqtlw,this garlic which grew through a piece of wood,1
5489,ce7t3m,batman feels grumpy moments before battle with superman as hes been spending hours just to put on the full suit only to look at the mirror and realized hes forgot to shave off the stache,0
5490,d9hrdwm,a robot not give up a human being or through inaction let one down,0
5491,d2xjb4,my flashlight at work can be focused to project the led,1
5492,c5q4cb,house passes billion in emergency border aid,1
5493,c6viwlg,variation,0
5494,e1h4fw5,and its a real bargain at,0
5495,cpmjiw,this handy string on a box for a stool,1
5496,1jl579,plotting against the potting soil,0
5497,2ig0pk,kid jumping upside down in the gaza strip,1
5498,9chvni,rainbow dumpster at pride fest in seattle,1
5499,d7u73q,wolf in the woods,0
5500,4x68d0,surgeon accused of removing kidney from wrong patient,1
5501,c86twp,this faded car paint looks surprisingly like the world map,1
5502,cswk9pl,we need to cook,0
5503,dcudg70,tremendous cat believe me,0
5504,3wwod9,formal attire,0
5505,7yhix0,led zeppelin gone as the wind,0
5506,bvp5nx,this poor guy lets everyone just walk all over him,0
5507,1m3tz2,atomic kitten nuclear boss claims cat taxi,1
5508,6ft6jk,putin being smug,1
5509,cg1vymv,other discussions,0
5510,28dt5z,dog sees owners for the first time,1
5511,cnzkw3w,disco kitty,0
5512,7zerbp,runaway cow injures footballer at scottish club leads to goalkeeper crisis,1
5513,brpzqh,prada to stop using fur from next year,1
5514,bntsei,am i stupid from this angle my screwdriver looks ever so slightly bent,1
5515,bwgvxo,a straight banana,1
5516,d0p1pmu,pain does exist in this dojo,0
5517,61dw27,how republicans plan to repeal and replace obamacare,0
5518,cxajis,new movie set in the sis being filmed in my town winona riders in it apparently,1
5519,crrbt2,music writers attribute lil nas xs success to inventing country genre,0
5520,clk1uyl,not his finest hour,0
5521,8lzc27,hey im down here,0
5522,d03ahb,this spongebob is on drugs,1
5523,3apdao,mel brooks starts foundation to save word schmuck,0
5524,cg0m6z1,other discussions,0
5525,celcke,this custom chessboard,1
5526,8yof1m,america declares war on japan,0
5527,2iwwap,kid dressed up as an ogre wizard,1
5528,bslmjk,this white moth,1
5529,bzjyza,hisashi ouchi under examination,0
5530,ca70ldj,im faaaabulous,0
5531,ay6wso,pens going up and down red paper fluently ripping it,0
5532,1d4qdd,artist awesomely grants my year old permission to use his design,1
5533,c0kc50,this guy glitching no montage certified,0
5534,6n4fsf,these abandoned sinks look like faces,0
5535,d1isb9i,chaos the movie,0
5536,cvlyzal,merry christmas rudolph,0
5537,1y3dlt,a very solemn dog,1
5538,5gwggd,dueling blue dragons,0
5539,cc0xv74,other discussions,0
5540,d9wo9w,copenhagen builds floating student housing coastlineprotecting barrier islands to grow sustainably,1
5541,ccyovou,tangled,0
5542,d76mla6,jesus is not amused,0
5543,8hkbmv,exkentucky judge sentenced to years in prison for human trafficking,1
5544,2ax3fr,obama in awe of science fair project marshmellow cannon,1
5545,da5l7p,this brave carrot defying the odds and thriving below the tarmac in my uncles driveway,1
5546,691bqy,kittens trapped inside construction equipment rescued in redwood city,1
5547,7kjqdt,jon hamm on his phone,1
5548,1nm3qe,american world war poster possibly modern dayhit fritz where it hurts,0
5549,34iyf5,baltimore rioter gets eyes cleaned from pepper spray,1
5550,bn5e1r,a member of the fdny gazes on as flight crashes into the north tower of the world trade center,0
5551,cijccv,this heart shaped pebble i found in a river,1
5552,6zgtwz,akp member claims earth is flat anyone saying its round is a freemason,1
5553,231gds,i dont think he likes being sat upon,0
5554,305iiy,hillary doesnt take questions after speech promising open relationship with press,1
5555,c65f9i,burglars will be overwhelmed,1
5556,8qoozn,married couple photo with background of smoke from fire,1
5557,21xho9,man overboard rescued after hours at sea yachtsman in clipper round the world yacht race wasnt sure crew members knew he had gone missing incident occurs halfway across pacific ocean,1
5558,cfk8lr,right side of pole doesnt touch the ground,0
5559,cbac8yh,yao elephant walking with a baby ming,0
5560,c5rdsgt,la bovinae,0
5561,ceq1di6,other discussions,0
5562,8g1b1y,all the socialists leave british conservative party poster,0
5563,9cvqws,this bolt without any threads,1
5564,ddtn4vh,nothing personal just compare,0
5565,717mv6,this bird with another bird in its mouth,1
5566,c665s74,almost done,0
5567,cl0s17v,gutsy goose,0
5568,dzwsxqq,game of thrones,0
5569,9f7jyh,this eagle in the water,1
5570,e3hfyjk,rgoredanimals,0
5571,1a8dys,north korean air force,1
5572,byckr9,the tree grew over my lights,1
5573,93ib29,this monkey with a stolen sandwich,1
5574,6ed6sb,florida murder victims friends reject womans claims he masturbated in front of her,1
5575,1v6ers,florida man is shot to death for texting during movie previews,1
5576,6hq32h,heres how long couples should date before getting married,0
5577,cb47677,shouldnt have had the eggs,0
5578,5vbfov,hospital saves dehydrated baby hippo at cincinnati zoo,1
5579,3r4plb,perfectly timed shot in the world series,1
5580,dhcs02,cork woman gets her own billboard after good deed,1
5581,689ta2,brazil protesters police clash in first general strike in decades,1
5582,6lrvjp,this guy is horrified,0
5583,b51hwp,went hiking today saw this weird tree by the trail,1
5584,9do7wh,this mm with two peanuts,1
5585,auc4gx,random key board in the middle of woods,1
5586,c2anuk,this chick wears way too much makeup,1
5587,9g5q7f,this info sheet at ross showing how to stock for impulse buying,1
5588,848ipg,abortion debate is over inside the democratic party,1
5589,6fv0cn,high sierra,1
5590,1at9we,local video game involves a killing spree in port moody high school,1
5591,cirjqcp,cutouts,0
5592,70c910,exclusive canada sought to resolve boeing military trade disputes at meeting sources,1
5593,c8unik,sad little sander,0
5594,7j5utm,member of the village people and his partner at their secret garden wedding,0
5595,97gk6c,australian archbishop who covered up child sex abuse sentenced to our fathers hail marys,0
5596,697h75,this snazzy corgi,1
5597,3xw0jx,a street filled with c from a truck spill,1
5598,46iapv,an unsliced slab of bacon straight from the butcher,0
5599,d3uwsjr,ouch,0
5600,8mc5pb,ball and chain lawmakers are trying to curb contracts that make it harder to change jobs noncompete agreements are startlingly common in america even for workers on low pay,1
5601,chnr8fx,savin the squad,0
5602,cmte160,meoooow,0
5603,d64xcg,i grew a watermelon on my balcony,1
5604,832b1f,my dog looks like a poor inner city children and the person who got her phone number replied,0
5605,d3jcz0,this tree that grew around a strand of christmas lights,1
5606,d4txpt0,snu snu,0
5607,6qy761,marcus sayles greatest human atrocities,0
5608,d29tskx,where will you be,0
5609,d5fnjf,it looks like there is a bright light in the center of this flower,1
5610,d1qnpqn,prehistoric giraffe,0
5611,2eog6a,sudbury man offers random act of kindness,1
5612,cdknt2z,biker,0
5613,d4yophu,it checks out,0
5614,cs6gnd,charlottes pink breast cancer firetruck at the charlotte pride parade,1
5615,d3p4grr,zuuuul,0
5616,cj7brht,o sht,0
5617,7q584p,watching the puppet show paris,1
5618,ddrhz8,this double fortune cookie i found,1
5619,ayrjke,the way the paint has cracked on this snowflake on a vending machine makes it look even more snowflakey,1
5620,6a9wy3,cnn exclusive grand jury subpoenas issued in fbis russia investigation issued to michael flynn associates,1
5621,708v04,jeb bush getting his shoes shinned at the white house visitors in front of a sunset,0
5622,1z7ngq,the cabinet in my bathroom was looking at me,0
5623,ci69hp5,imgur,0
5624,96672g,this great egret momentarily lost its meal while trying to flip it in its mouth,1
5625,933wvd,textbook calls cancer a disease of choice and its required reading for unc students,1
5626,ca2ohtt,bimbos,0
5627,67o4yu,report derek jeter jeb bushled group set to buy marlins,1
5628,1m4ozy,a cab drivers gesture of kindness to anyone of any religion,1
5629,9g3waw,my amazon prime package came with a cardboard airplane to cutout,1
5630,764jgr,the invisibles divide by zero,0
5631,cm0gfqb,it is so tiny,0
5632,b398bh,new spicy skittles aus,1
5633,awzufn,one of the original burts bees honey yrs old found at my grandparents house,1
5634,7b0x36,sad frog,0
5635,47itkk,david cameron and jeremy corbyn trade blows over each others mothers at pmqs,1
5636,40bqvq,christiano ronaldo kicking the ball,1
5637,cynwup,we are not alone httpsgooglmapsjzatqahdmau,0
5638,bu7he0,i took a picture of a pool shark toy that looks exactly like the shark steps on lego meme,1
5639,cyhj0oz,snail drinking droplet of water,0
5640,2jqw6z,family picture with cat clinging to a tree,1
5641,123fr3,sweden runs out of garbage forced to import from norway,1
5642,590rx8,billboard hints illegal immigrants should get a sugar daddy,1
5643,dlnrh2u,im new to photoshop,0
5644,5403c5,muslim teen in switzerland loses appeal must shake female teachers hand,1
5645,cvmgd6q,httpiimgurcomeptegjpg,0
5646,cu5qriu,republicans are whlook out lady hes behind you,0
5647,c8ualry,pting ptang,0
5648,2m6siu,a wolf with really long legs,1
5649,cecvky8,my name is bond,0
5650,2p2geq,the hero of the territory spice man is on a oneman guerilla art crusade,1
5651,3itnpy,warmer relations with russia will backfire on the us,1
5652,98o1l6,todd howard it just works,0
5653,daklpi,ringo starr meeting sgt pepper,0
5654,2riojn,the hills have eyes,0
5655,8qbkkr,a cat caught midblink,1
5656,8h2jdi,holocaust survivor gets revenge on his former captors,0
5657,2pxc8f,bewildered child getting a shot,1
5658,chlllpv,cutouts,0
5659,ce91sox,operation repo,0
5660,2zn0qd,ouray colorado lit up at night,1
5661,8csran,the mouse utopia the king of nothing,0
5662,bajcas,this euro souvenir note,1
5663,b8iwi8,this car stuck in the snow,1
5664,6haulr,ukrainian dancer in midair,1
5665,6qw1nz,twitter introduces red x mark to verify users its okay to harass,0
5666,cj9og8p,cutouts,0
5667,cgub1o,this bird left an imprint after flying into the recently cleaned window,1
5668,6r4euf,man who was given chance of survival after brain injury completes ironman,1
5669,5j69ao,row over marriage guidance book for turkish newlyweds,1
5670,20icja,mr reflection at work,0
5671,26rcja,man showing off art,1
5672,bjcswt,light was just right to project image of the back porch onto the wall through a magnifying glass,1
5673,d9p16z,unlucky in love times regis philbin got voted off the bachelorette in the first episode of the season,0
5674,3olst2,seattle preschool in a nursing home transforms elderly residents,1
5675,7jbyby,donald trump signs directive to send astronauts back to moon,1
5676,6uf43l,john williams obiwan kenobi a star wars story ost,0
5677,chuygf7,ellen page looking like a doll,0
5678,d4jqta3,terrible business this banana shortage,0
5679,d8p0xvg,stay inside do not look at the night sky,0
5680,6gkaem,this progamer getting excited after winning lan event,1
5681,cnz6vn,all of these spiders are up on the tallest parts of the grass,1
5682,328u7y,dog lays on bed in a provocative fashion,1
5683,7m782y,russian opposition leader alexey navalny on his way to register himself as candidate for presidency,1
5684,4o62hu,conservative motion to label isis actions genocide fails as liberals vote against,1
5685,3k3q9p,a jogging biden hears calls to run joe run,1
5686,8ekns6,the white mans burden the united states and the philippine islands,0
5687,5ub4ej,spilling beans about true intentions,0
5688,d85f1v2,obamatine,0
5689,75b9ad,this angry looking chick,1
5690,cqpmj4b,i for one welcome our new horse overlords,0
5691,9e6q5k,one door looks taller than the other while theyre actually the exact same height and level,1
5692,4zy8oj,it looks like any ordinary flight now watch what happens just moments after landing unfathomable,0
5693,cmk5914,were hit,0
5694,1pbj7i,a horse at the beach,1
5695,c88tere,nice marmot,0
5696,d29nsrb,gotta go fast,0
5697,dbe2ts,dozens of mismatched and newlooking work gloves mysteriously adorn this fence on a small island off the coast of massachusetts,1
5698,cke26vn,dont let her get me,0
5699,2q6wy0,ill womans living wake becomes surprise wedding,1
5700,ct4dq83,imgur,0
5701,bi04pq,dardanelles campaign world war i recruiting poster showing the dardanelles strait turkey,0
5702,6k1fbm,this forgotten about dryer plug,1
5703,1cd1qn,why the fake braces trend be dangerous for users,1
5704,bsbz1u,this disabled parking sign looks like a mountain range with the sun behind it,1
5705,8nro88,two dressedup geese in a garden,1
5706,d6ytyt1,a whole new arieummaaron,0
5707,9dqq70,this magnet thats been on my refrigerator for as long as i can remember from the year both my parents were born,1
5708,1ofrf2,wwi austrian poster fourth war bond drive,0
5709,cqyy7xv,snow globe,0
5710,bomi72,this plum tomato is massive,1
5711,cjmdpb6,wheres waldo,0
5712,cv4vjuk,its bad luck to bring a percussionist on board,0
5713,24uklq,majestic pug is majestic,1
5714,7sinbe,a year into the trump presidency k balances are looking good,1
5715,d0jtub,i got two fortunes with my meal today,1
5716,17102e,jennifer lawrence trying to throw a basketball,1
5717,2i07ms,drone flyer has a stalker,1
5718,b1h0gz,my cappuccino came in an oval cup,1
5719,1rvfzn,this mess on my stove looks like a fox,0
5720,bl76sb,urban flamingo,0
5721,3fnk2w,watch ted cruz cook bacon with a gun,1
5722,cdce9cr,aww no ruck today,0
5723,d13ybz6,er,0
5724,59woiw,as halloween nears clowns on edge,1
5725,dlhaxdx,the fastest race,0
5726,blr1uh,woman booted from air new zealand flight after refusing to watch safety video,1
5727,dlghh1z,in the hallway of surprised faces,0
5728,au4qui,planes now have remotes so that you dont have to move your arm,1
5729,cs92gjg,hot damn,0
5730,8a12wq,visit korea s,0
5731,dcr5ygm,rebel,0
5732,cuhy2sj,everything went to shit,0
5733,lu8hs,musketeer windmill,0
5734,cb6qjg8,other discussions,0
5735,4yshth,worlds largest rubber duck,1
5736,c6llg1k,romney doesnt support abortion,0
5737,csyqvyi,lmor,0
5738,cl437b,a single hair on the back of my hand gets really long,1
5739,9gtncq,a communist lemonade filled to the top,1
5740,c9d7n7,is this the cupboard on the plane or is it me after hrs in a middle seat,0
5741,9ar42m,swiss streets quietly brooding,0
5742,9en0b7,this fancy hot chilli pepper i bought,1
5743,5fd5l7,fake news edward snowden said russia successfully rigged us elections in favor of trump,0
5744,6syzvb,my khakis weret too pleased with being tossed on the bed,0
5745,7vschw,dog steals pancake starts small fire naps,1
5746,baggli,hes overly excited to see you,0
5747,c5xi0iq,sniped,0
5748,82s6p7,news absolutely beautiful when these thgraders found out their teacher had eczema they raised the stud fee for his dog to have sex with legendary racehorse american pharoah,0
5749,334k7h,underdressed man in tree nsfw,1
5750,39fn9l,us man held as teen at rikers without trial kills himself,1
5751,cfqzd45,deleted scene from gravity,0
5752,cxa8pu2,purrverted,0
5753,4wzky1,this adorable elderly pug with its tongue sticking out,1
5754,5kal11,kevin hart during roles reversed,1
5755,1a62ty,my greatgranddad has been kept in japanese camp in surabaja java during the wwii my uncle found his camp card on the net could you help me translate the backside of the card,1
5756,8qmgja,in un speech us president donald trump vows to totally destroy north korea in case of a nuclear attack,0
5757,9gw8g1,the side of this cloud looks like a lightning bolt made of fire,1
5758,7jye4p,this cat with extremely long legs,1
5759,bulojl,my dads year old rain jacket is better quality than ones now a promotional product from chase bank,1
5760,cf2x1n,frank sinatra in doll form,1
5761,54kzps,news for good measure nasa just discovered earth in case they had forgotten to officially do that yet,0
5762,4eif0f,german tennis player playing,1
5763,3d1rqs,woman legally changes name to jemmaroid von laalaa to reopen locked facebook account,1
5764,87afxl,the simpsons predicted toys r us would close years ago,0
5765,2l96c5,smug frog,1
5766,b8j7l2,dutch east indies poster s,0
5767,3n5jgq,yao ming and a playboy bunny,1
5768,chnv87,this record player is ready to party,0
5769,8xjfuz,jellyfish in the atlantic ocean,1
5770,9c36hl,unidentified man refuses to do the nazi salute,0
5771,91gth2,mark zuckerberg in front of the senate,0
5772,653pdk,cat sitting on scratching post,1
5773,aym2xs,this restroom has automatic hand dryers in the sink that project the word dry,1
5774,ci98znq,easy there big fella,0
5775,d948de,sacred band of thebes bce,0
5776,174lub,favorite picture from my trip to puerto rico,1
5777,760mcn,this year old tampa kid wouldnt let fear keep him from seeing one of his favorite bands live in concert and he wasnt alone,1
5778,9ez3yg,conjoined twinslovers attempt a divorce,0
5779,1i3p4l,and here we can see how his fatness descended from the heavens,1
5780,dgue9ol,cliff diving,0
5781,7w48ix,these smoke stacks,0
5782,c61f0kl,smashing,0
5783,6p4yqo,mans bestfriend god spelt backwards,0
5784,1sqqxh,flat cat,1
5785,1a8pqn,catholic cardinal ready to take flight,1
5786,3k77ln,girl jumping onstage at a paramore concert,1
5787,44h3cg,police man tries to sell narcotics in courtroom gets arrested,1
5788,caygmnd,he was there the whole time,0
5789,8tv3hh,mr johnson old mans blues,0
5790,1l5lk4,dark moon light with half moon,1
5791,diqd33,missing hiker found on th birthday,1
5792,ca4qxz0,wow so amaized,0
5793,cr995e,my garlic was bright orange and looked like a tangerine apparently this is called waxy breakdown,1
5794,de84oag,photobomb,0
5795,dc1bag,my vending machine purchase was snagged by the hole in the package,1
5796,5thz92,snake with a unicorn hat,1
5797,1hjcle,jason williams posing,1
5798,byq8aj,strangely shaped massive strawberries all from the same package,1
5799,begl8r,life finds a way,1
5800,dg617q,this very round nugget,1
5801,cibr2br,cutouts,0
5802,7kiunl,equality of sacrifice labour party poster uk,0
5803,bvdwu2,when the heat is so bad the cactus starts to wilt,1
5804,18k4oz,girl hugs a wax george clooney,1
5805,4975h5,the brush work on this painting is incredible n s f w,0
5806,ax0dxa,this game has a feckin hard difficulty,1
5807,602pai,man with giant camera lens and equally giant boots,1
5808,5uum2u,the crew of the space shuttle challenger just moments before it exploded,0
5809,c9zagsq,the cat of steel tried to save the day at bagram,0
5810,cd34qut,fixed that screen,0
5811,ctg7hg,my monitor tells me how many trees ive saved using eco mode,1
5812,c2v5w3,if i apologised for everything wed be here all day,0
5813,453d7p,the worst car in the world this mcdonalds bathroom door stall in the blanks as seen in my dads s built home,0
5814,2xa7j5,antimasonic pamphlet by edward giddins in the wake of the morgan affair of,0
5815,c6zaw95,alien abduction,0
5816,c0n76z,boat full of sasquatch attempting to flee north america by sea potato quality,0
5817,chg7evw,obligatory,0
5818,79bbyt,this little girl ready for an adventure,1
5819,defhm79,basketball no this is sparta,0
5820,2sgl7p,shrapnel shell terrible things that are done,0
5821,63qq6n,china is now more popular than trump among americans polls indicate,1
5822,72k1fv,steelers tackle alejandro villanueva apologizes for embarrassing solo national anthem moment,1
5823,cb638i4,even then the t was searching for john,0
5824,c5o6yd2,cool guys dont look at explosions,0
5825,3ninqc,redditor rides bicycle to all major league baseball parks to raise over for charity,1
5826,cwawmj9,jesus christ whats happening,0
5827,dmr58ct,with the end of daca,0
5828,bkx1lq,this cardboard dwayne johnson i stole from the movie theater when i worked there,1
5829,bhwq70,texas mayor arrested and charged with directing illegal voting scheme to win election,1
5830,1jqtq9,chris hadfields view of niagara falls,1
5831,bh8ku8,this old apple computer randomly displayed in the lobby of a budget hotel in pisa,1
5832,c4m364b,chihuahua on the grass,0
5833,6g3jzl,ai good for the world says ultralifelike robot,1
5834,d0sgooa,stooges,0
5835,c5nzurg,the reddit games,0
5836,4vofqv,statically charged toddler on a slide,1
5837,crhmle,macaw i saw getting a taste of what sitting in traffic is like,1
5838,cm4zxyb,nothing like best friends,0
5839,cpp6jg,this ant holding up a bee,1
5840,6rytpl,holographic margaret thatcher to make headline appearance at tory glastonbury,0
5841,665yzi,top level memers from rhailcorporate attacking shills using the power of cyberbullying,0
5842,2q6oqr,chugging eggnog at office party lands man in hospital,1
5843,21md37,after police pursuit in santa monica jig is up for pig,1
5844,cb3ja4y,other discussions,0
5845,dd75t5,was watching netflixs rotten when i paused to get a cup of coffee came back and realised it had paused when mins secs had elapsed and mins secs was left,1
5846,cb5406,suspect passes gas so loudly law enforcement is able to locate his hiding place,1
5847,ceievmh,other discussions,0
5848,b8xhe4,two ps preparing to dock with the iss above a flat earth circa,0
5849,cpsjp53,squirrel power,0
5850,6vnlnw,guy watching firemen fight fire,1
5851,1ejo9y,witches cant fly brooms above meters in swaziland,1
5852,5zdbpy,texas woman climbs tree to protest trimming,1
5853,c8sykn7,ii tried to put him back together,0
5854,as3pb7,the tomato seeds sprouted inside the tomato,1
5855,bf0n24,the way this mosquito left a perfect print of itself on my hand after i smashed it,1
5856,7hbdz1,typhoon ora river kwai,0
5857,chobqrf,cutouts,0
5858,bvaxza,this marker on my paper looks like an army on a cliff,1
5859,cbzo9l0,the show must go on,0
5860,91x92w,vernon votes to rein in homeless by banning shopping carts in all public spaces,1
5861,cbkk9ns,other discussions,0
5862,1j0nad,campaign aims to get bugs out of your yogurt,1
5863,cphytl,this flat building painted to look otherwise,1
5864,8dgxtn,trash bag taped over broken southwest plane window,0
5865,3ti9du,los angeles airport to build special terminal just for celebrities,1
5866,c5o0g7p,id put hobo at the top of the ticket,0
5867,c5i7r20,part of your world,0
5868,cuql345,imgur,0
5869,63oab8,this guy failing to catch a rubber chicken,1
5870,c6vh8ou,kawaii desu,0
5871,c3a09w,my friend kicked an apple on a nail m above ground,1
5872,arj9uz,my curved spaghetti,1
5873,egs7qjy,zero gravity,0
5874,9epmjz,anyone ever seen a server do this with the cork after presenting,1
5875,ch81tmw,cutouts,0
5876,69ga3u,spooked by trump central american immigrants turn to mexico,1
5877,8d6yqa,these sinks saw what you did to the toilet,0
5878,4xwffi,this festival goer riding a dinosaur,1
5879,ayas0h,found a year old penny in my till,1
5880,9fxwmj,we eat toasted hemp cannabis seeds,1
5881,cbmcrlh,just collecting some rocks,0
5882,chraruy,dat,0
5883,b34mn2,half eaten banana split,1
5884,2j80gg,cop saves man from ants,1
5885,3dewm6,cbc installs beehives on roofs of toronto and montreal broadcasting centres,1
5886,8hajqi,funerals the orphans,0
5887,atkpal,my new jeans made with the highest level of detail have a typo,1
5888,2ui9vb,perfectly hardboiled egg cut in quarters,0
5889,ch8p1eb,cutouts,0
5890,cih2otl,uruguay vs italy dogs,0
5891,9ctcmp,this cloud looks like australia,1
5892,ucgee,russian millionaire tosses paper money planes out of office window laughs as people brawl over them,1
5893,cig88jq,cutouts,0
5894,b7m1fs,all the bearings are moving in a straight line,0
5895,de9rlpn,okay,0
5896,1b1ziy,learning hurts your brain,1
5897,74n67t,european soldier moments before being killed by german forces circa,0
5898,ck3q78u,other discussions,0
5899,bgv6ld,bought an oversized jeans jacket second hand in stockholm sweden and found a vietnamese drivers license in the pocket,1
5900,cj2871,the way the weedsgrass has decorated the cracks in the sidewalk,1
5901,bmzgg2,we need more shaquille oneals,1
5902,d0uxtj,look closely at this wallpaper pattern and you will realize it is frogs,1
5903,19l8sz,charlie sheen to mentor lindsay lohan,1
5904,4yqhgk,search for living dead louisiana fights back from flooding,1
5905,cck59i,the tow truck for the school bus is yellow too,1
5906,ashurd,long hallway for a tiny space,0
5907,4jrlr8,jeb bush marco rubio ted cruz getting on that youth vote hype,0
5908,82juho,atomic bombings of hiroshima and nagasaki,0
5909,597nti,eva longorias surprising dna test,0
5910,cwvsr9n,available here,0
5911,dv819kl,pull in,0
5912,d9fvxdi,available here,0
5913,csxtaza,yes he is,0
5914,3xlkqb,recent snowfall in winnipeg could help save endangered butterfly species,1
5915,az6uuf,these plastic sanitary gloves at a gas station,1
5916,d6jqxqy,the one percenters,0
5917,6jxb6k,baby born on spirit airlines plane will get free flights for life,1
5918,8m4q0w,request chemistry test half processed products,0
5919,brk619,my grocery is moving the shelves,1
5920,c6jmda7,obvious shop,0
5921,3e4iyj,chief wana dubie promises to smoke blunt in senate race,1
5922,36estm,a fabulous goldfish,1
5923,cuvkr4p,achievement unlocked dastardly,0
5924,5org7m,octavia spencer bought out a whole cinema so families could see hidden figures,1
5925,cdurw94,ahhhh good times,0
5926,7e09z4,thought to be extinct for almost eight decades a rare orchid in the ogasawara island chain south of tokyo is blooming again at a botanical garden here to the amazement of botanists,1
5927,50viz0,ashton kutcher funding all the classroom projects in the state of iowa,1
5928,8sg0sj,ice director ice cant be compared to nazis since were just following orders,1
5929,5yh4x5,middle couch cushion has clearly had harder life,0
5930,csj41lr,couple of these guys must have gotten their venues mixed up,0
5931,b7id09,at yesterday my car hit,1
5932,bc2fet,deputy sheriffs son charged in connection with string of fires at historically black churches in louisiana,1
5933,2cnv5d,statue of a man fighting babies,1
5934,czm8xkm,httpsiimgurcombnzjpg,0
5935,aych9l,return of the cat man in aleppo,1
5936,ce9d56w,keanu just needs a festive buddy to cheer him up,0
5937,8qcji9,dutch king willemalexander with latvian president raimonds vejonis,1
5938,e2zinj7,ducks,0
5939,cglz7g,all of these white vehicles parked by my white vehicle,1
5940,cxuhshq,satsriakal,0
5941,7vjv5a,minister blesses medical center on the spot where she was abandoned as a baby,1
5942,czswkh,the united states of america develops a weather manipulation machine,0
5943,c3q7fz1,my camera,0
5944,2volmn,obama using selfie stick,1
5945,c9szk2t,moving the sky seems to solve the problem,0
5946,bocs20,this mph speed limit sign,1
5947,95oz4z,is there water in this or not,0
5948,89z2jj,my dad has been doing some of its young,0
5949,clooi8,today i bought earrings made from human rib bone,1
5950,bnup9q,this box of gloves has a size chart on it,1
5951,1d3hn4,how the church has planted their religion in spain republican poster spanish civil war antifascism,0
5952,1qzy85,doctor and nurse looking at an xray,1
5953,cnxpcuh,phils new calling,0
5954,d0mqbp,shane dawsons podcast circa,0
5955,d8fzrn,police round up actual spotted cows at the home of spotted cow beer,1
5956,ddum3km,log dog in a hot dog held by a frog going for a jog,0
5957,do33xse,my precious,0
5958,1gotk8,federal agents accuse two of plotting deadly xray weapon,1
5959,73gq3n,uhmoney cosplaying as piccolo from dragon ball,1
5960,7d76w8,russia used a network of twitter accounts to meddle in brexit,1
5961,cij5yj4,cutouts,0
5962,cio1c4,he had been attempting a suicide ever since when he was arrested and detained by israeli police in jerusalem israel,0
5963,cwf494,my chicken looks like africa,1
5964,d7odrut,maga klein,0
5965,ckwmy5a,cutouts,0
5966,eu9o76h,that be scary stuff going on,0
5967,comp2e9,stop using the computer bob were gonna take a family photo nelly the goat,0
5968,4ljwon,battle wonders of nature via previous winner morphcore,1
5969,5itoow,elton john,0
5970,cab5pfv,so majestic,0
5971,ct9fxl,the reflection of the lenovo logo from my moms laptop onto a macbook,1
5972,3oow47,the community of roseburg helps heal the permanent loss by leaving a permanent mark,1
5973,8qnw2d,dog with tennis all in his mouth,1
5974,3ov342,shame on american airline booed after weeping woman is thrown off a flight,1
5975,6v6juh,staring at the sun evil machines,0
5976,6799yy,frances rejected mainstream unites for macron over le pen,1
5977,4fpmbx,arch enemys lead singer jumping on stage,1
5978,5hbo80,anxious dog in a dress,1
5979,6c5jjx,president obama shaking a redditors hand,1
5980,cufcyl,i drew a perfect circle when taking notes today,1
5981,2zcong,no estamos solos mexican poster of the world war ii,0
5982,ch8gpc,this lb kg of steak jerky,1
5983,7pn3ir,death of the screams of people dying in the world the rusty spotted cat has been stalking me for complimenting hers,0
5984,2qhgxc,brothers encounter with a bird,1
5985,5lo45r,jungles of nam,0
5986,8ved0n,a watermelon triangle with a huge seed,0
5987,cg5x0an,photobomb evvvverrrryyythiiiiinggggg,0
5988,60eumu,found this guy inside my computer case,0
5989,dbszgl,this paving slab was split down the middle by tree roots that got into a crack and spread,1
5990,d7hu0n,peanut growing i live in nebraska the neighbor behind me always throws out peanuts for the squirrels one of the squirrels buried this in a flower pot in front of my house when i went to redecorate for fall i found this in the flower pot growing can i repot this and have it continue to grow,1
5991,cdk5il6,other discussions,0
5992,bxlu0r,this shopvac hair conglomeration,1
5993,cnbuwje,less than parsecs,0
5994,djip0x,bathrooms at my college that privacy,1
5995,84gv9m,request stained glass kaleidoscope not oc,0
5996,20f3u9,navy warship stops to let whales pass gives us another reason to love sailors,1
5997,5xitz3,amateur footage of an airplane crashing into the manhattan skyline,0
5998,2y4zw4,canadian pm stephen harper is disappointed with obama,1
5999,7q8j5s,which way is up,0
6000,7h9lz6,exclusive pentagon evaluating us west coast missile defense sites officials,1
6001,4wa1zd,action shot of a squirrel runninh,1
6002,77ohuk,donald trump reveals his summoning abilities colourized,0
6003,cxz9la7,i really have no idea,0
6004,5pbneu,hot air balloons,1
6005,8azf6w,operation crossroads luscious isotope,0
6006,bu11hw,fans at my gym are named big ass fans,1
6007,c7sbc8t,spaaaaaaace,0
6008,d090zvs,rejected,0
6009,3nk040,jeremy clarkson with an at rocket launcher,1
6010,dc3v3i,the front page of my notepad has instructions on how to fold a paper airplane,1
6011,c1a5ks,our local pride celebration was nearly cancelled but a plea for help had a big response which ensured that it will be able to happen,1
6012,bfem15,this package of pineapple chunks is kidding about the best buy date,1
6013,btflnv,adventure aquarium placed plastic waste in the same enclosure as jellyfish to show how similar they look to other wildlife,1
6014,3uph3h,the heartwarming story behind rkt the pink star wars droid built by fans to stand watch over an ailing little girl,1
6015,x0hy4,below a breaking wave x post from rpics,1
6016,2ld2lr,my housemates djing mainstage at a music festival,1
6017,c5m61h1,not fair we want to go too,0
6018,c6z94oo,walker,0
6019,6n4gtt,a picture of a nice library,0
6020,cvapmum,made you look,0
6021,5nts0p,rehabilitation psychology self titled,0
6022,cfb7zaj,not sure why,0
6023,az2qsf,thats torn it british conservative party poster,0
6024,bkiu9g,irl upvote badge its suc but it works both ways,1
6025,6frs8s,uae bans expressions of sympathy towards qatar media,1
6026,8loy30,a car with multiple headrest,0
6027,bxf7le,this fanta flask i found,1
6028,cjwerl,my granola outlast a twinky,1
6029,bvx1wh,this milk has two different supermarket labels on it,1
6030,ch1h0oj,oscar selfie,0
6031,954swi,party time,0
6032,310w7t,nypd officer abuses uber driver police officer belittles the driver mocks him curses and explains that he isnt taking the driver to jail because this isnt important enough for me youre not important enough,1
6033,480c50,sa city councilman sees breakfast tacos as a uniter not a divider,1
6034,ckyqwe,a big nut i made at work,1
6035,9017op,the prime minister of new zealand political party liberal alliance love csgo,0
6036,cd9wm8h,dragonborn,0
6037,b9kdhe,this channel guide is alphabetized instead of in numerical order,1
6038,cvsz1od,lowered the brightness a bit,0
6039,d4rbq28,game of lizards,0
6040,d17nzky,gold gold,0
6041,4yrqxf,bbc news turkey wedding blast more than dead and hurt in gaziantep,1
6042,b7h6ba,this paint damage that looks like a surprised cat,1
6043,cmvoug0,space sickness,0
6044,avd4ay,wifes makeup looks like the profile of a person wearing glasses,0
6045,d6smjs8,this is so embarrassing,0
6046,7vgrqq,the creation of adam painting c,0
6047,bixsjf,this pumpkin that has been outside since,1
6048,3aln3z,commemorating buddhas birthday at samgwangsa temple in busan south korea,1
6049,8y3sst,the utah town that actually wants a national monument in emery county the mostly republican residents are betting on adventure tourism to wean their economy off coal,1
6050,71o5bb,bug rolling a water drop,1
6051,43tben,family homeless shelter opens inside former vegan strip club,1
6052,4i37cx,firefighters and paramedics stay to complete roofing job for family after homeowner falls from roof,1
6053,d3y2ke,this old house ad that i found,0
6054,1v4fs7,beware of the lb bag of sugarless gummy bears on amazoncom,1
6055,17xy0y,guy and his puggle watching something gruesome,1
6056,cwqpcxv,stooopp,0
6057,bt7hwg,this bush of random white leaves among only green leaves on the side of a tree at my local park,1
6058,blxugr,the guys at this construction site thought the place needed some beautifying,1
6059,5qtxq9,brother nooo,0
6060,bzfwuv,animals i just thought up right now off the top of my head,0
6061,33r34s,killing jews bus ad prompts new york transit agency to vote on policy change,1
6062,6drjsb,man cosplaying as big smoke,1
6063,bi2ktq,this plant has plants on the leaves family of the widowsthrill,1
6064,de2454,the first gamer girl circa,0
6065,2l2126,an art gallery in russia modern,0
6066,6n5qxu,curbstomp symphony selftitled,0
6067,d90t9t,all the lost found sunglasses at my gym are red,1
6068,21fvwa,corrupt mayor accepted bribe money so he could sell feminine hygiene products,1
6069,90z0c9,lake bled slovenia,1
6070,35zcvn,airborne kayaker after bouncing off the water,1
6071,cypvvrc,war on rabbits,0
6072,c979sad,so ops memory was bad and i had framed a different picture without people in it but this is a pic without someone covering the area where he was when he jumped so you can still compare it,0
6073,c6wetwp,he,0
6074,3jxtv4,kansas states marching band accidentally made a super nfsw formation,1
6075,bex4o5,the traces of use on the doorbell of my house,1
6076,2orh6d,nerdy kid wearing awesome goggles,1
6077,15vsrb,this is incredible wood chains x,1
6078,9c6k7h,chameleon skull,0
6079,d8ppz7,evening gratitude,1
6080,2yuufj,wideeyed cat with dangling legs,1
6081,3nhwqc,man holding up world record giant leek,1
6082,28glog,this soccer fan from ghana,1
6083,1zshoh,some kid giving a speech,1
6084,3ky07c,so i did some math and i dont i think he likes it,0
6085,d0ad3an,mooommmmyou said i could ride the tiger,0
6086,cayr5f,so our bus station has fake crows hanging in the corners of the waiting room to scare off swallow and dryer them from making nests,1
6087,d6fhhm,water pistol owners invited to soak charles rennie mackintosh masterpiece,1
6088,c4smbu1,removed the cord for yousorrybadjoke,0
6089,3ntojs,world peace tower and friendship bridge,1
6090,cmvgjed,training day,0
6091,6tkc67,crime the innocents,0
6092,cnmth2l,horse strangler,0
6093,24oy4b,who knew cancer has an off switch,1
6094,bgjehz,these street lamps are a smiley face,1
6095,7u5hnn,this table cannot believe you would eat that,0
6096,39pb1i,if you really want to know how to lose his virginity,0
6097,3itx5c,woman shot in the eye adopts a special puppy with the same condition,1
6098,5tcb8g,evergreen lake plunge fundraiser canceled by warm spell,1
6099,co12vtx,hunnnnnnnnnnnnngry,0
6100,2xkbad,united kingdom ww tittle tattle lost the battle,0
6101,argm5t,a differential from a s car,1
6102,dj0d8u,this tree was broken in a storm but it grew new branches and became a real life minecraft tree,1
6103,b4s17d,treasurer of nypd charity for slain officers arrested for stealing over prosecutors,1
6104,88accp,underwater divers and the shark,1
6105,b57nob,the boeing max crisis goes way beyond software,1
6106,c6y7u8,the way this logo reflects makes it look like theres a hole in the middle,1
6107,2odp9u,outraged over grand theft auto ban aussie gamers petition to ban the bible,1
6108,1nw5ba,just getting some sun cross post from rfunny,0
6109,cbgxi02,yum,0
6110,2mfekc,a robot in awe or the end of a milling vice,0
6111,c764upv,ahhh look out squirrel,0
6112,1y0f3a,beers not too happy i finished it,0
6113,c1zrqq,dont speak the enemys language speak american usa world war,0
6114,68w9ay,jewish female attempts to flee from waffensstrained attack dogs,0
6115,cywne20,for the last time i dont want you posting my picture on read it,0
6116,37vxkg,cat stretching,1
6117,dahnnus,i win again this hat is sooooo lucky,0
6118,2z66am,this coffee cups lid is terrified of me,0
6119,contuf3,day log patient shows no signs of overcoming its fear of going down stairs upon admission of mc escher stimulus patient had no reaction,0
6120,cbqfnl8,prepped for the eastern front,0
6121,1fx7st,why being stuck on a tarmac with the philly orchestra rocks,1
6122,cjglpah,unrealistic expectations on women,0
6123,2bi4rk,curious kitty from raww,1
6124,1gszti,exnfl running back warrick dunn surprises single mother with late mothers day gift,1
6125,djho44,heatseeking drone finds missing yearold minnesota boy in cornfield,1
6126,c7kbvyl,with steve buscemis eyes,0
6127,14v953,baby in a box,1
6128,6al5kn,check out my new fidget spinner from korea,0
6129,28jqgn,robben training with cotrainer during worldcup,1
6130,c78pti5,offpiste cardboarding,0
6131,36mauj,yearold base jumper sets parachute on fire jumps dies,1
6132,cfm1jhi,i cant really explain why my brain went here,0
6133,dd5hsb,streetlights powered by reneawbles at krabi thailand,1
6134,cfg41lp,other discussions,0
6135,c4yr87,thought the snake was decoration on the bezel,1
6136,divhxw,ass flops,0
6137,3d7ny3,what a volcano vaporizer looks like without the bag,0
6138,cb9kx55,other discussions,0
6139,84e4uk,germans marching into france in ww,0
6140,dd2mbs,on th birthday nun carries on longtime habit of donating blood,1
6141,dgwd47,byu to start black qb for first time in its history,1
6142,3asotu,an eclectic array of well groomed dogs looking curious,1
6143,8tyvic,baby giraffe,1
6144,enja5r9,hes gonna miss,0
6145,147ijz,a river of ducks,1
6146,cq37tpa,spooky,0
6147,cgb5h5x,other discussions,0
6148,6c9dkm,nz police chase foiled by flock of sheep,1
6149,76erpw,these girls,0
6150,7vakpf,bloody massacre eerily similar to the scene in pulp fiction,0
6151,ckl047n,the original movie,0
6152,bng1fs,ku klux klan scatters after receiving federal indictment declared a terrorist organization,0
6153,dkplc7,this seemingly perfect of in the middle of my notes,1
6154,bogjaq,a bird perched on a mans shoulder,1
6155,d5xmho,prosthetic arm,0
6156,dd7hwn,the extra row of teeth in the xray of my yo kid,1
6157,9i3c7d,this flying dinosaur,1
6158,cbnsy0r,this was all i could think of,0
6159,63bigd,senate committee advances gorsuch nomination as nuclear option becomes inevitable,1
6160,b49joc,giant cocktailmixing truck serves up whiskey drinks around orlando,1
6161,b9si2j,umbrella for cars,1
6162,d9hlbo,the trillion death sentence for oil gas around international banks all present at the un climate change summit in new york have committed themselves to decrease their support and investments in the oil and gas sector the coming years,1
6163,25u0qf,a polar bear scans the surrounding area for seals from the top of a large piece of glacial ice in liefdefjorden svalbard in photographer rebecca jackrel,1
6164,6z1zji,france germany italy spain seek tax on digital giants revenues,1
6165,5qco4y,melania trumps iq is unnerving,0
6166,crp13nt,brother phisch,0
6167,41slew,an incredulous scarlett johansson,1
6168,2elrxj,us metal band isis mistaken for terrorist group isis,1
6169,5b8i99,the toll on soldiers post war was devastating circa oct,0
6170,d3t101v,its an awesome sealfie,0
6171,cca73jp,its at the top but has stuff inside that disappears once you start typing,0
6172,7hi0f8,was the year of the ultrapremium smartphone but is any phone worth,0
6173,4clb31,faculty of divinity another act of hypocrisy,0
6174,7fgche,a resort in the maldives,1
6175,cd3agz,pointe de la jonction in geneva switzerland where the rhone and arve rivers meet,1
6176,2ro42j,weird purple halloween costume,1
6177,ciob2u8,nsfw,0
6178,cjx1kp,total cowardice chicago mothers killed in driveby shooting while taking a stand against gun violence,1
6179,8i7vmh,out of the shadows s british liberal party poster,0
6180,cbcqy41,other discussions,0
6181,3ish8d,taiwan metro cards to show japan porn star yui hatano,1
6182,b1i358,adopted daughter to save fathers life with kidney transplant,1
6183,8b6jxc,conspiracy theorist finally captures a good sighting,0
6184,3hy7id,girl pretending to be a statue,1
6185,3b1q56,he does it hurt,0
6186,11j0om,mr yodock does not approve,0
6187,bn46wr,most of the worlds countries agree to sharply reduce plastic in oceans,1
6188,5ikgo7,artist offers free henna crowns for cancer patients,1
6189,crfbw7,the wing profile of my teams airplane looks like a happy shark,1
6190,34pfq2,britains leader of the opposition unveils a stone tablet of election pledges,1
6191,bh8840,this mm has an n on it,1
6192,6xu1ji,a vantablack towel,0
6193,c8beair,dr jones,0
6194,cipf4r,four leaf clovers in one spot,1
6195,8c210n,astronomers say wednesday night will be best chance for americans to view novl,0
6196,b1kwd5,my library receipt got bleached in the sun,1
6197,dmf4vud,i am groot,0
6198,4bnaxv,unity for socialism united to fight in the service of the people unity for socialism catalonia,0
6199,cnf93g,mileage is and,1
6200,bxg2vc,nuclear family the trips,0
6201,c72rm47,okay,0
6202,bju70y,colbert hilariously crashes barr testimony to ask his own burning questions,0
6203,cld0osf,potter facetime,0
6204,bnouql,this happened to my friends keys yesterday just how,1
6205,32j097,this indonesian yearold man couldnt read or write never finished elementary school but is practicing english by requesting all his passengers to only speak in english with him,1
6206,auczhm,overweight sphynx cat,1
6207,b5crid,white settlers kicking native americans off their own land circa,0
6208,3o2gcc,podracing scene from star wars i the phantom menace,0
6209,8u5sfn,cristiano ronaldo working out while his children watch,1
6210,z0bcu,how mad is chris christie,1
6211,98bbbk,that is just a,0
6212,cnmmz68,img,0
6213,da1cb61,get the kids dr grant,0
6214,d9cofkc,like this,0
6215,2lsoeo,was england will or what england wants additional text is a quote from british labour party leader william joynsonhicks which appeared in the daily telegraph jan the quote is to long so i put it in the comments,0
6216,cb7zpc1,kangaroo crossing,0
6217,ctx4e9k,just another leaning tower pic,0
6218,53xitz,girl gives her meal to homeless man and receives extraordinary call days later,1
6219,axukxr,these dogs jumping,1
6220,8yoiqm,muellers new indictment shows trump colluding with russia,1
6221,21i2ih,goldman sachs hired by russia as corporate broker to boost image,1
6222,12cses,desiring new icons for the left,0
6223,cdqe7ma,long live the king,0
6224,69l4eq,rare picture of rachel dolezal at the beginning of her transformation circa,0
6225,5xpddw,comey asks justice dept to reject trumps wiretapping claim,1
6226,cx71rwa,food chain,0
6227,ardv3h,this ritz cracker that was baked folded over,1
6228,aucsrg,noticed that this fly spray says keep away from bees obviously,1
6229,c0svf0,la police,0
6230,cyff7l,prototype of hitlers maus tank ca colorised,0
6231,7k433p,big black wiener,0
6232,343cf1,african riot stone thrower ready to start a fight,1
6233,2zqkad,syrian tetris antiassad modern,0
6234,csd5er7,sniraffe,0
6235,1xnpw5,justine dufourlapointe winner of the womens moguls in freestyle skiing celebrates with an air guitar riff,1
6236,csenfd,river on a mountain giant wall,0
6237,8bug0c,this sleeping hamster,1
6238,758f12,who wants to jump in,0
6239,de9owf0,i went too far nsfwish,0
6240,cmu5ak,my clock out slip at work didnt round up minutes to hours,1
6241,bs3vd4,the way these bird eggs blend in with these rocks,1
6242,ckhszdr,manifest destiny,0
6243,dc6nykf,who knew that one day he would become a esports pro,0
6244,3bn23g,florida hearttransplant recipient glen frank spurlin thankful years later on doctors at tampa general hospital estimated spurlin had just hours to live unless he underwent a procedure considered so radical at the time that it bordered on science fiction,1
6245,1bcmo2,sunset,1
6246,cy792p,this tiny lemon euro as scale,1
6247,1ywfse,soccer coach standing on one leg,1
6248,cpget4t,the silent meow,0
6249,cdwjmph,i didnt sign up for thiiiiiiiiiiiiiiiiiiiiiiiiiis,0
6250,crhwcp,this www key on a keyboard,1
6251,8vkpfq,toad from mario watches over my truck,0
6252,ctbwuiq,you called,0
6253,7eirhg,state dept officials accuse tillerson of violating law report,1
6254,dpzwlom,playing with mirrors,0
6255,3okyc5,alaska gov more drilling needed to fund climate change programs,1
6256,cvqa5re,getting the band back together,0
6257,dr8wn11,neandertallica,0
6258,7l4ybg,shoal irresistible,0
6259,2kai3o,darth vader goes to polls in ukraine and wants to turn state into galactic empire,1
6260,bn4522,the bathroom of a wedding venue built from a converted steel mill,1
6261,8pgeib,president clinton conducting sexual affair with al gore,0
6262,dwo8gmu,in the future people go camping,0
6263,4qyq7n,library cats job is saved,1
6264,25jfax,customer finds condom in her calamari,1
6265,906zx9,hungary pulls out of un global migration agreement,1
6266,ctsf0r,this bottom of this cloud,1
6267,ch13pk,i found a fingershaped carrot,1
6268,ci0ulv4,pug the king,0
6269,chn3ru3,he looks kind of embarrassed but proud at the same time,0
6270,cwobaje,its a boy its a girl its a what the fuck something you want to tell me honey sfw,0
6271,dnk23u6,this is the fourth time this week im so fired,0
6272,dgrqmu6,finger puppets,0
6273,5ndepr,heres what hillary clinton was doing around the same time trump criticized meryl streep,0
6274,3hjtvk,yosemite national park,1
6275,4ijegw,big horned water buffalo,1
6276,dq5s409,actually siamese,0
6277,40miht,waaaaaaaa,0
6278,1t14k8,boxer boys,1
6279,cbbdgxh,sometimes you cant help but stop to smell the roses,0
6280,c59tp5x,mural,0
6281,c8cuzyj,we werent the first,0
6282,cc9anb5,be careful icarus,0
6283,cbeniw,majestetic entrance to toilets at the fine arts museum budapest,1
6284,cr6rk89,a party without bill,0
6285,dbq14tv,turkel,0
6286,c7zwzxt,this place is haunted,0
6287,c3zp5oz,checking the shot for later,0
6288,cmi73gi,and for good measure,0
6289,cpml3f,trump administration now plans to deny green cards to immigrants on public assistance,1
6290,cvzaj6,the tiniest shark tooth,1
6291,7f8s8j,cute puppy wearing glasses,1
6292,ca0naeu,is that a snake in your boot or are you just happy to see me,0
6293,b7w7wc,when my bathroom door is cracked it separates my bathroom lights perfectly,1
6294,e6ookrs,three wolf dog,0
6295,cq4hqb,a timeless emotion,0
6296,5999qc,this happy little guy under a bench,0
6297,clmpycl,fookin prawns,0
6298,cx2m78,light refraction on the engraving of my sunglasses makes it look like a mod s bubble typeface,1
6299,dlx7o84,droppin tha bomb,0
6300,cp61sc,found this little guy in the bird bath in my yard,1
6301,d1odoh2,httpiimgurcommcfxtjpg,0
6302,by7urj,just walked by an umbrella corp truck,1
6303,3u7lre,watkins glen gorge,1
6304,5vstcl,isis executioner with two victims shortly before beheading both of them to dehumanize them he has had them labeled merely as thing one and thing two while their identities are unknown they are believed to be innocent yazidis,0
6305,atq7zk,the seal part of this seal is sealed shut,1
6306,ct2b1e,this grape has a grape growing inside of it,1
6307,c6lxutd,dont even know where im going with this,0
6308,1djw0e,armed citizen project to provide poor houston residents with shotguns,1
6309,26xf2m,im so thirsty d,0
6310,bjq3ck,nixons peace purchased last fall in the french quarter of hanoi vietnam war date unknown,0
6311,cc0dgby,they see me rollin,0
6312,diqhadz,check please,0
6313,cf93cl,omar vows to continue being trumps nightmare as hundreds greet her in minnesota,1
6314,d72ano,after mph chase man tells police he didnt think their cruisers could catch his acura,1
6315,9gdp9h,this is where my cat rubs his teeth probably times a day for the last and a half years this was fully intact when we got him,1
6316,4wawva,dog and cat in a shopping cart,1
6317,d73vkf,school children at assembly before going out on the climate strike,0
6318,dtwkphj,more like weirdhammer,0
6319,ce77d4z,dust cleaning squirrel,0
6320,dixzv4,my cheezits are stuck together,1
6321,1qtoki,equality award for chikfila ceo,1
6322,cgb09cp,other discussions,0
6323,7qfxz8,tom cruise using a unique form of scientology voodoo to recruit a new member,0
6324,8j0868,day of the dead,0
6325,20vm5o,lesbian former state senator hides in idaho statehouse closet is suspended from senate floor,1
6326,3y9m6l,dedicated convenience store boss works his th straight christmas,1
6327,3d6sp3,guy witnesses girls make out in nightclub and another guy scratches his chin,1
6328,9jgbhk,the way these bubbles formed from a bath bomb,1
6329,3a2ker,donald trump thumbsup,1
6330,cjkwgam,hey kid is your mom single,0
6331,b662yd,barbara bush blamed trump for heart attack said shes no longer republican,1
6332,dqzi9ha,blobfish,0
6333,czz8f2w,such a hairy dude,0
6334,8ll73r,nfl teams will be fined if players kneel during anthem under new rules,1
6335,5pcozc,the fullertons inside job,0
6336,dx974xt,available here,0
6337,cfp38hy,other discussions,0
6338,u39ow,the world cannot live half slave half free antigerman poster produced by the educational division of the us food administration x,0
6339,9k6mm3,venom capturing its first host,0
6340,3uhh1e,trump float enters parade,0
6341,azw65c,this onion grew two sprouts,1
6342,37iln2,fifa frantically announces summer world cup in united states,0
6343,dd1a023,this,0
6344,8uveag,yearold cancer survivor is flower girl at her bone marrow donors wedding,1
6345,6gxzzt,their child was bitten by a black widow spider heres what they want other parents to know,0
6346,drmsqlh,metoo,0
6347,d5oz0v,my local lottery tells you the odds of winning,1
6348,d6qvkct,imgur mirror,0
6349,1wvxlk,this cat,1
6350,dm7psr7,imgur nonalbum mirror,0
6351,9g9y15,looks like a happy derp,0
6352,3i93cr,drunk man in heels,1
6353,cu8eo8,i made an iceberg made of caprisun,1
6354,2w3bl4,cleite he and all his courtiers,0
6355,2cxdx2,manchester united manger louis van gal in manchester city,1
6356,ybwza,norwegian driver hits bear after trying to avoid moose,1
6357,2fo5iw,syrian conflict assad forces hit isrun bakery,1
6358,42a5ug,navajo woman hilariously destroys grocery store crowd by wooing beautiful girl with by whacking her with oh boy,0
6359,96st0r,first fortnite duos game th,0
6360,35auxi,mt rundle,1
6361,4eugp6,the greenhouse conspiracy more than life itself,0
6362,cckwp61,ancient mystery,0
6363,ci7r63,the smallest perfectlyformed little tomato ive ever seen in my life,1
6364,27xb6i,marine surprises mom at her college graduation,1
6365,ar4xri,if you played and in the prevalentines day powerball drawing you won at least,1
6366,b770oh,my sweater pocket has another mini pocket inside of it sorry for bad quality,1
6367,52sa9m,travel website perfectly responds to customer stuck with year layover,0
6368,d0gmke,i came by this sign saying please slow down just a bit,1
6369,1qdzlg,dog facing wind,1
6370,ckvjxd,sky mall nsfw,0
6371,2a1gt3,solar has won even if coal were free to burn power stations couldnt compete,1
6372,boyl3c,everyday while walking to school and home i pass this wall that looks like theres a secret behind it,1
6373,a2hch8,it is good to bike everyday,1
6374,8fnm9f,mouse with hands raised under perched cheeks,1
6375,1p7nbt,man accused of biting a womans butt in athens bar,1
6376,cn90mf,this giant rice krispie square convenient bananas for scale,1
6377,dmazu31,weeeeeeeeeeeeee,0
6378,bkmdk0,monsters inc trailer debuts after sonic fiasco,0
6379,bnfsdw,king canute demonstrates he cant control the sea to his courtiers,0
6380,cxa52ts,americas latest ultimate weapon of modern warfare,0
6381,7aw313,this parking cone,1
6382,cpw8am,this hotels exit signs at ground level in case you are crawiling,1
6383,5qn024,millionaire businessman to give a family in need a home free of charge,1
6384,bowqn2,boxer suspended in california for kissing reporter,1
6385,9abux3,a naked australian farmer rejoices at first significant rainfall in months,1
6386,216hcs,fantastic leaftailed gecko,1
6387,1euuku,sadly you are uglier than you think,1
6388,cl6qbk,this ancient monkey robot head,0
6389,87ojc4,this ink splatter on the wall looks pike someone walking,0
6390,7zoxc3,request these dogs withstanding the wind,0
6391,2rv00u,fox host wonders how to spot bad guys without knowing the tone of their skin,1
6392,36kitr,chubby cheeks,0
6393,8ze4ex,phones camera system that looks like a terrified face,0
6394,61a31d,stoned extraterrestrial stumbles across hidden message after listening to golden record backwards,0
6395,5m4w7q,coke sued for telling you its your fault youre fat and its soda is not to blame,1
6396,1dipqh,westboro baptist church protests radically liberal questionably gay pomeranians funeral,0
6397,780xkc,put the power back on the shelf wonder warthog us counterculture s,0
6398,clvrw4c,this is an actual thing,0
6399,3vw1d1,the royal couple william and kate visiting the british cycling team,1
6400,6doyp8,chubby cat,1
6401,cla2k0a,cutouts,0
6402,dicatuo,lemondog,0
6403,cz93mft,god dammit,0
6404,1kngda,man fles lawsuit to force hooters to let him work as a waiter,1
6405,2tts1l,looking up from the bottom of a tomo or sinkhole nz karst country,0
6406,206qao,arctic blast a cheer team that will make you really stand up and cheer video,1
6407,c5r8vu,north miami officer who shot unarmed caregiver of man with autism found guilty of misdemeanor,1
6408,9f2rm4,this delta airline plane has as the aircraft registration number,1
6409,1eg641,a lion a tiger and a bear living together oh my,1
6410,d5tvfb2,go ahead vlad pull it,0
6411,13mldd,south pacific sandy island proven not to exist,1
6412,dks4mpu,have a good trip,0
6413,cr92tl,breaking hot damn smackers,0
6414,5gbjmw,this turtle eating some turkey,1
6415,cagpbmz,other discussions,0
6416,cgv2qap,cutouts,0
6417,4w078q,intense soccer in the rain,1
6418,cbs6qyw,im on a horse,0
6419,2n23xq,child porn suspect enrolled as a th grader,1
6420,y55jj,this isnt a landing strip,1
6421,bc3o94,horizontalholed olive,1
6422,5qq6yj,alexander graham bell demonstrates the telephone to a group of astonished onlookers aug,0
6423,523irg,hikers found this horse alone in the woods then they looked at his face,0
6424,ciiycpc,welcome back alice,0
6425,dcku0m,my bus stopped at the perfect angle that made it so that the sign post lined up perfectly with the change in colour on the wall,1
6426,ccbrffs,other discussions,0
6427,c84f6du,not as exciting as the review said,0
6428,cq6xl6v,learning photoshop still,0
6429,3weo8v,kentucky gov steve beshear restores voting rights to some felons,1
6430,cf73xoh,pixars casting is always spot on,0
6431,ck4g1i,this creepily realistic cake,1
6432,1byp7v,north koreas army is full of jumping leaping highkicking martial artists,1
6433,34s39x,suspects shot and killed at controversial antimuslim event in garland tx,1
6434,1n3n0f,a bear walks into a bar,1
6435,d63jzv,this mushroom grew up to be a fried egg,0
6436,d81p42,tristate officially closes nucla coalfired plant,1
6437,djfsko,grease trap a visual representation of which side of the stove my roommates and i prefer to use,1
6438,aww458,two boxes of juice make a glass,1
6439,cckdmnc,other discussions,0
6440,6jim5r,beginning of the revolution on nov,0
6441,2n4n56,the danger of bolshevism die gefahr des bolschewismus,0
6442,dsdxkq2,keanu reeves in russian art,0
6443,5scemv,scientists say this is the grossest thing in your bathroom,0
6444,ctogw9p,snakes used to be so prejudiced,0
6445,dsttw9s,dont lose your marbles,0
6446,3447ci,rugby player tackling a naked streaker,1
6447,868ag1,doesnt give a,0
6448,brou8y,japanese general explaining kamikaze tactics to new imperial pilots,0
6449,1yqsp7,sex drive,1
6450,ba75uc,this milk carton with a trippy childrens drawing of a cow you can find hundreds of them stacked together in croatian supermarkets,1
6451,7zamze,jim jordan draws the line gun control bill is a no go unless it includes key clause for gop,1
6452,8ceay9,new places new faces,0
6453,cxsn8k,this double bag of chips i saw today,1
6454,d0ioa1,the holes in my laundry basket are shaped like guitar picks,1
6455,c4ealnz,bunnnnnay,0
6456,2abbsp,guy wuth a gun at valve,1
6457,bb241w,this old manmade tunnel in the middle of a dam,1
6458,ctzsuh1,nanas with attitudes,0
6459,cp7m0su,early screenings of the original old yeller did not test well with audiences,0
6460,8jrduk,they cut their dog,0
6461,5dwmoy,electrical outlet,1
6462,4k28sh,dog swimming underwater,1
6463,c8pezwd,king capuchin,0
6464,ccxq9ww,the burning,0
6465,6gexm9,megafauna uncontrollable passion,0
6466,2q3rc0,creepy gingerbread man my little brother made,1
6467,cithloo,battlehardened pakistani man walking in front of two trucks on fire,0
6468,c9elcj,these toilet signs have to pee too,1
6469,5riuo6,after scoring his th premier league goal peter crouch brings the robot out of retirement,1
6470,2f88us,cee lo green its only rape if the person is conscious,1
6471,difm7s,that realy looks like a wizardking,0
6472,ct666l,this potato that looks like a human heart,1
6473,1llma6,well now we know what the flintstones car is powered with,1
6474,cyojp6h,im sorry this is shitty,0
6475,5c96t0,blood royale life before death,0
6476,c8r84ul,heh heh,0
6477,cbetacz,obligatory,0
6478,bt2h3c,they dug a hole in front of the urinal so that all the piss that doesnt make it into it goes lord knows where instead,1
6479,bvkvx9,this isnt first street,1
6480,ccf2xr,this box at my work was shocked to be put out with the recycling,0
6481,cddnupm,whale vs dolphin war,0
6482,cgfp34,two chocolate pretzels melded together,1
6483,4764sx,egypt toddler sentenced to life in apparent case of mistaken identity,1
6484,2xh60q,protesters flying grumpy cat banner around comcast center,1
6485,34t185,manuel pellegrini shouting at eric dier,1
6486,cgs8gji,quigon jones,0
6487,22ojwy,less than people turn out for victorian music festival,1
6488,438pgy,detroit topless bars dwarf toss event enrages thousands,1
6489,el9l33r,what up bloood,0
6490,16yjbf,my friend wanted to see how many nerf attachments he could fit on one gun,1
6491,avhox2,new hampshire house passes marijuana legalization bill,1
6492,75oy2v,us house panel approves billion for hurricane wildfire relief,1
6493,7kvbf4,try our delicious new chocolate nut bars,0
6494,5ncn6i,postman builds special ramp for an elderly dog to get up and down stairs,1
6495,xf7fc,woman who allegedly tried to break into jail is arrested put in jail,1
6496,58whel,lets cross the road puppy police officer saves a van driver,0
6497,7ej1a0,a group of people show love by making signs and singing to man standing on the edge of roof in standoff with cops,1
6498,ato3ye,this cherry with a red leaf,1
6499,92173y,face in a flower oc,0
6500,du2bmv3,childlike wonder,0
6501,dc36n4f,mjauuuuw,0
6502,67hd1u,family man mysteriously went missing for years and resurfaced,0
6503,b0srff,i can stick my hand under this iced over ponds edge,1
6504,e3y2jgd,do the kimkim,0
6505,2sj6rn,hanged cat,0
6506,c7yex54,or this,0
6507,640pw2,these synchronized vultures,1
6508,1ce8h4,state rep honors himself with resolution,1
6509,4pgu61,captain euro europes superhero proeu,0
6510,bqyzg5,i just got chinese takeout and found a inch noodle,1
6511,b3qfp8,the british empire claiming yet another colony ca colorised,0
6512,80stlt,this cat in a sweater,1
6513,d0jk0jj,thief,0
6514,8ag2ba,these wire cutters that look like a crows head,0
6515,4pq6wt,dog chasing another dog,1
6516,3wtg75,rowan atkinson as mrbean,1
6517,1563gf,fluro jacket,1
6518,cp2i1aw,my first time,0
6519,vzj3e,so what is he watching,1
6520,dk1zcjl,how did i not see that coming,0
6521,8bhsbg,protester protesting cambridge analytica,1
6522,d3d6zfh,the worlds first artificial grapes wrapped together by their stem,0
6523,d6jv5v,an invisible panhandler in nice france,1
6524,49pz2r,a piglet eating an ice cream cone under an umbrella,1
6525,cfnrqe8,who says superseal cant fight crime with the green seal,0
6526,e3zr6ba,fixed,0
6527,5aus9m,students protest as former kkk member david duke debates at historic black university,1
6528,cvbh3b,attack on pearl harbor,0
6529,dje5n2,honor system gift shop in the middle of nowhere michigan,1
6530,c8yj6t,violent antifa thug punches innocent protester at portland rally,0
6531,erlzyov,cat what cat,0
6532,5av2he,young tom hanks looking suave while puring a drink,1
6533,15vu9f,a crazed owl,1
6534,1niage,saw this sad face in a friends bathroom hope it wasnt something i did,0
6535,cpqyz59,available here,0
6536,8j8lyj,officers of tomorrow from a hitler youth advertisement card,0
6537,di0q7f,oh hi mark this license plate i saw in the white mountains,1
6538,15nh83,ask an atheist,1
6539,4df7b4,stem cell therapy halves deaths from heart failure,1
6540,dam08f,highland cow mid moo,1
6541,c5k944,what the inside of a chicken gizzard looks like,1
6542,28nvyu,pair locked up for attacking mosque with bacon,1
6543,55w0fl,cat sleeping in a shoe,1
6544,cmhxrt,cicada shedding its skin outside my house this morning,1
6545,b2tl64,blowout long night,0
6546,6kwobu,our army is the army of the workers liberation j stalin by vb koretskiy ussr,0
6547,ct4kddo,liono,0
6548,cc7dbwf,has science gone too far,0
6549,26a34s,old couple sitting on couch in the woods xp rpics,1
6550,2ukpmk,mummified monk is not dead and in rare meditative state says expert,1
6551,7xyu69,mitt romney announces return to politics with utah senate run,1
6552,ccqw49d,other discussions,0
6553,caogrip,day they still dont suspect anything,0
6554,612sxs,is there a link between dinosaurs extinction and this martian volcano,0
6555,5soole,cop answers fight call ends up in viral dance video,1
6556,77nwov,happy frog pepper,0
6557,cxfvktf,chillin with the guys,0
6558,4c9kti,india court says fat elephant taunt grounds for divorce,1
6559,by3fpw,trump calls off plan to impose tariffs on mexico,1
6560,ehvfl4u,mech irl,0
6561,c9ylk2u,carefully now,0
6562,dctws4,blackmoor slowly turning into a gold fish,1
6563,d9adrfh,soft kitty,0
6564,csjgyil,ive been waiting for this moment,0
6565,89r9dw,music in wartime grand patriotic concert professional classes war relief council great britain,0
6566,dcxjyq,the difference in the amount of sprinkles on these two poptarts,1
6567,cg0gj4,how did he get up there,0
6568,cif02uy,cutouts,0
6569,dflsx5k,look at them theyre frightened you can see it in their eyes,0
6570,2nh3ed,giddy irishman dance moves,1
6571,bq7kd5,iran dismisses possibility of conflict says does not want war,1
6572,ct5uew,the beginning of the infamous irish potato famine circa colourized,0
6573,dsie8cd,never trust a fart,0
6574,dmyanfz,looks like a legit ad from a fashion mag,0
6575,6dbyoh,klopp dancing with indigenous australians,1
6576,ckuokwv,sharknado surfer,0
6577,bm6e62,jurassic bark new tricks,0
6578,92x52z,very positive signals after us taliban talks sources,1
6579,blxd7b,my grandmother lost a bet in she paid three dollars in coins and framed it,1
6580,6dfh8f,people are now into fidget spinner porn,1
6581,c5zq56b,i just wanted to see him again,0
6582,3jha3y,pentagon now says army mistakenly sent live anthrax to all states,1
6583,1lynse,my radio is a koala,0
6584,1ut632,players glitch video games raising money for the prevent cancer foundation in annual speedrun marathon,1
6585,cc385b6,i dont know who has more balls,0
6586,dt7uowb,philadelphia eagles,0
6587,c36alt,the mask is what really did it for me,1
6588,bkytg4,these ignition coils have had a wild ride,0
6589,88rcml,a weekend project for you all gopro attached to the travel ban well never get out of all episodes in game of thrones,0
6590,cnwaqf9,cmonget the cracker go get the cracker polly,0
6591,b0uglk,this company photoshopped the models tattoos off,1
6592,51esmw,nico rosberg after winning the italian grand prix,1
6593,dk1g69m,spidermaul,0
6594,b2v8iu,a white man discovering america,0
6595,9inbcf,hulk hogan at walmart,0
6596,3mhs5p,meet the yearold who invented a lowcost braille printer,1
6597,b1rvq2,for a stronger america fight crippling arthritis usa s artist unknown,0
6598,16wkrc,my vicks vaporizer feels bad that im sick,0
6599,ck0c84o,mmm garry,0
6600,cewh8dk,lightning bending,0
6601,cl5vr8,found something that resembled mount rushmore in the nesquik,1
6602,druxud3,infinity wrinkles,0
6603,183f3s,i was walking through school and found my friend quietly standing under the stairs she must be re evaluating life,1
6604,87rema,hank the heater,0
6605,zakxz,a detroit man is incredibly good at winning carnival games in fact he has won nearly large stuffed animals in his lifetime and donated them all to various charities,1
6606,4etfw7,jurgen klopp celebrating liverpool goal in the europa league,1
6607,33psqg,aclu sues feds to force catholic charities to provide abortions for illegal immigrants,1
6608,bzbv2a,elephant getting splashed by an elephant,0
6609,chmu3sa,were going to steal the deceleration of independence,0
6610,cgy2vzv,cast it to the stars,0
6611,5oahwr,first successful attempt to reach the summit of mt everest,0
6612,4k66us,booty had me like,0
6613,98bira,dirty motherboard,0
6614,d0k02sr,get your coat love youve pulled,0
6615,dy3vsg2,keanu reeves likes corona,0
6616,25s2bz,we will eradicate the spies and saboteurs the trotskyistbukharinist agents of fascism stalinist,0
6617,6o0xys,blink california,0
6618,d6zenx,these shop bought baby kiwi fruits have no fuzz and look like gooseberries,1
6619,64552d,swedish reports say a truck has driven into people on a rollercoaster inauguration gets hit by pigeon,0
6620,das8lr0,mac grandaddy,0
6621,c5rocb8,cheese,0
6622,4052pp,terrier leads police to fellow dog trapped in icy embankment,1
6623,2sx6cs,anakin and obiwan practice fighting,1
6624,cx4gtv,animals in the amazon rainforest,0
6625,432ch3,walmarts shutdown creates new food deserts besides the three new food deserts another neighborhoods in states will lack any place that sells fresh produce and meat once the last of the walmart stores slated for closure turns off the lights feb,1
6626,co9kjxi,excitement at half time,0
6627,cp1fy3g,the undead,0
6628,2l2ofx,the untermensch germany,0
6629,cho0fcf,extra content,0
6630,cd0b640,other discussions,0
6631,c2ykwl,these streaks left behind by the rain after being on the highway all day,1
6632,40ki48,elevator panel in front of the left side,0
6633,caohi55,other discussions,0
6634,d3o8ga,two grandpa rockers,1
6635,3549z9,fbi spent years researching the lyrics to louie louie before realizing the copyright office must have them,1
6636,6rxuze,very serious cat with freshly caught live mouse,1
6637,cfehliy,i tried,0
6638,1jwo81,grumpy stapler,0
6639,7bs2lh,panda looking off into the woods,1
6640,bxx3nw,jobs report is weak with gain of unemployment rate still,1
6641,e948e,could you pass the tp,1
6642,9jigyv,this cloud pretending to be a tree,1
6643,ck9otch,other discussions,0
6644,8bcuw7,rewind faithfully me,0
6645,bslfqc,this binder was closed for so many years since that the ink reprinted onto the binder,1
6646,5gb32d,led zepellins robert plant in,0
6647,3fbe9e,ton orca jumps nearly ft out of the water,1
6648,3kwigu,a dog giving water to his human friend,1
6649,dbbm9h,you can see the reflection of sun off the pikes peak summit house from over miles away,1
6650,23026t,two players sent off from the popes team,1
6651,4739bn,woman bitten by zoo tiger accused of trying to bite officer,1
6652,clodj8h,read all about it,0
6653,bpey9t,austria warns against cowkissing internet challenge,1
6654,cyjsaln,stds are no joke,0
6655,2d6dm1,police closes th ave due to fire,1
6656,cwkgh4,a single yellow banana in this green bunch,1
6657,ctfxtk,this robin perched on top of a sign pointing out a bird feeding station at a national trust site,1
6658,dh5the,fire infrastructure turned into a work of art seen on a buulding wall in santa monica,1
6659,c77fwds,the th reincarnation,0
6660,7ddham,star wars fans posing in front of a green screen,1
6661,49lavm,pug looking at a biscuit,1
6662,diwme0,hitler when he realized people had other beliefs c,0
6663,9k727q,last photo of general gerald of the united states air force before deploying into japan,0
6664,4hlqth,college student meeting seth rogan for the rd year in a row,1
6665,5jmd65,stranger things theme on cello sounds like a day selling positive pregnancy tests on craigslist,0
6666,c5jmhh,lacewing larvae that has covered itself with dead ants,1
6667,ci3u4tm,interior crocodile helicopter,0
6668,3jytik,excitedly double fisting windows,1
6669,bj5aap,this ladybug with no spots in my garden,1
6670,d769bu,billionaire robert smith has made good on his promise to pay off the student loan debt of the entire graduating class at morehouse college by donating million to the historically black mens school in atlanta,1
6671,d51gym,compostable plastic,1
6672,bq89s6,this boat loves swallowing,0
6673,8lpwr2,set down my ice cream cone,0
6674,7xa9eq,i was fixing our door with my pops and i saw that this guy was unhappy that we removed him from the premises,0
6675,75qfbu,woman leaves behind her sick dying father to escape auschwitz years later she receives a message from him,1
6676,3qu8uh,fawn is nurtured back to health by man and his animals,1
6677,3sl7zn,the hamster,1
6678,2qllbd,an aerial screenshot in a video game,0
6679,cvffj4,super mario maker fridge magnet edition,1
6680,c1nufv,kiwi growing in a kiwi,1
6681,cru6dky,the campaign continues,0
6682,cgpk62k,sprinkle in some bat whiskers mummified toenails and a dash of trolls teeth and the election is mine,0
6683,8oo6i0,giant tumor tattoo,0
6684,2eyhgv,focused volleyball girl,1
6685,8d6rd1,the power of unity mans dentists all vote unanimously to put a flower in his mouth,0
6686,cgd8awg,other discussions,0
6687,6r2348,planes built for russian airline be next us air force one,0
6688,bvrcq6,my cat spilled her water and it looks like a unicorn,1
6689,dh0o3n,this dog begging for muffin,1
6690,22pakc,four blood moons total lunar eclipse series not a sign of apocalypse,1
6691,bn05bz,the size of this avocado bananas for scale,1
6692,6s9c1s,chad nowak covered in props,1
6693,54slaz,gta v player uncovered a new neverbeforefound secret ingame,0
6694,8feslr,seattle officials file motion to vacate marijuana convictions,1
6695,2vjp3h,this dog enjoying her birthday,1
6696,5vi13p,drive that wedge to victory british american ambulance corps c,0
6697,c7zkx50,poor guy it probably wont happen,0
6698,camxdt,this flat house,0
6699,5jun9b,trump wants the labor department to approve foreign workers for his vineyard,1
6700,b3xjh6,picture of a downvote symbol in its earlier stages circa,1
6701,4v6upr,snowden and wikileaks clash over how to disclose secrets,1
6702,68rxzz,a german schneelopardfinder solider finds and befriends an endangered eurasian snow leopard during a blizzard c,0
6703,2z1t6y,this huge dog running,1
6704,7qn41f,ultrathin woman models glasses from victoria beckhams spring summer collection,1
6705,awmndx,driven by a childhood dream garage band,0
6706,6xwsec,you know what this looks like,0
6707,c5vtofp,but here it is again,0
6708,2e3w1x,a magnificently mustachioed cat,1
6709,24u2q2,my son took this and i thought it was pretty cool i hope you do too,1
6710,83dg04,a lego gimlis axe,0
6711,dhgz0i,taught my grandpa the basics of a photo editing software he and his friends are histprianshistory buffs and this is what he came up he is the one in the middle,1
6712,cdf93h,approaching eagle fotofestival zingst,1
6713,bjlmcv,heres the one word from fed chair jerome powell that has people raising their eyebrows,0
6714,casqvad,other discussions,0
6715,5gj2br,pyramid meme,0
6716,4fzty2,young fans noble act,1
6717,cdhi0nn,freddie and friends,0
6718,4q38gg,can anyone help identify these chinese posters my mom got in the s,0
6719,7dznwy,aaaaah,0
6720,3yamjs,no use adolf you cant shut out that hum,0
6721,6yi6sm,midyawn cat,1
6722,26gcta,smiling happily over the fields,0
6723,5qpuvf,trump find hes facing a master negotiator in talks with mexico,1
6724,7nq3od,the lamp in my inlaws guest bedroom casts a scary shadow,0
6725,2p2ty0,time capsule buried by patriots paul revere and samuel adams unearthed,1
6726,3ftqz6,immediate regret,1
6727,3aq07q,driftwood dragon,1
6728,4egdau,bridgewater girl scouts honored for helping homeless,1
6729,6blh57,ice vii strangler fig,0
6730,e1fhuqk,going to an afterparty,0
6731,cb8vis3,other discussions,0
6732,28obe4,connecticut metronorth delayed over box painted like bender from futurama,1
6733,cp9rj5x,mahna mahna,0
6734,4wzi8v,ship above fish below mexico,1
6735,atzpzx,lil roland from the wood,1
6736,92rtx1,erdogan turkey will stand its ground faced with us sanctions media,1
6737,cu8ph8e,recruit a team of teenagers with attitude,0
6738,e47nm5t,mine,0
6739,6yntee,bunny getting scritches or raven getting scritches,0
6740,14ujiq,bbc news kempsey flood defence failure due to waterlogged sensor,1
6741,b14ulf,light painting portrait photography no photoshop author adrian gratyfixation mechocki,1
6742,c1rxoi,rosa barks begins the montgomery bus boycott,0
6743,2lexvl,faq what changes can we expect with a gop controlled congress,0
6744,67wxpu,british forensics officer holding a knife,1
6745,77j4p7,this beautiful flock of gords,0
6746,bnvbu5,the door handle at this movie theater is a film reel,1
6747,cfg3tj2,its guy love,0
6748,cb8v1s5,im lazy,0
6749,8qe5o0,surprised sausage,1
6750,clupfzv,quidditch was getting too easy so they decided to give a knife to the snitch,0
6751,c1t3w5,scientists make landmark discovery in synthesizing anticancer molecules in sea sponges,1
6752,ayypmk,how do they get them off,1
6753,5oijg6,decision to have children later in life could be due to genes,1
6754,eixwypc,oh god oh fuck,0
6755,1w2cs7,adam scott directing last nights episode of parks and recreation,1
6756,awnz8b,this hand dryer tells you when your hand is dry,1
6757,chv6mtj,baby chopped,0
6758,cscnc9,hair cut booth in shopping mall,1
6759,5ui5cx,burger king cook who took cents worth of food wins k in court,1
6760,4gpf59,the ripples of the musculature on this hugh jackman ad,0
6761,9sqerl,my crisps never go out of date,1
6762,4kibdf,zilje part of the system,0
6763,dj6btp,doctors put his legs on wrong,0
6764,don3oud,are you kidding me,0
6765,363ugd,door latch just brightened my day,0
6766,70hyw4,aerial photo of an insane chinese superhighway,0
6767,7lcpsu,five guys and their budget conscious star wars costumes part two,1
6768,32e010,devoted husband cooks his wife a years worth of dinners to eat while hes stationed away from home,1
6769,cllj1a,this man has a fan that is built into his shirt,1
6770,cjql2pz,flight test,0
6771,cna3aum,clockwork robot,0
6772,ckvg5yf,baby imposter,0
6773,bjd5z4,feministe pour toujours,0
6774,1fcotg,soyeah,0
6775,4m76u4,penguin posing in front of a ship,1
6776,cvq3l4,my toothbrush has the same color as my toothpaste,1
6777,7485t7,young black man questioning why he was refused service,0
6778,c3uepc0,baby,0
6779,bc3x3f,pakistan will restore and return hindu temples,1
6780,bxpk7n,the invention of counting ca thousand bc,0
6781,bzkigp,this shadow of a fire sprinkler looks like a person holding a dough roller,1
6782,8ydrr2,back in my day,0
6783,c8pyro,hungry for carrots,0
6784,46yhn4,the heartwarming moment chicago tv reporter saves an elderly woman from being blown away by nearhurricane winds tearing apart city,1
6785,cr7vxs,d crosswalk designed to slow down speeding drivers,0
6786,6bp7yp,voices from the swamp three thousand years of consistent inbreeding prove the superiority of my race germany,0
6787,d8fg30c,destin for great things,0
6788,c64468,just a guy to hold this beer,0
6789,cr09kbz,clint eastwoof,0
6790,222es7,report of worlds japanese speakers white yearold american males,0
6791,cgdb5d,this perfume my mom bought for my cousin,1
6792,7nwg31,why john lennon and george harrison wont ever be knighted,0
6793,d3j2pke,han solo tribute,0
6794,c6teetk,death washes over us all,0
6795,bedzqm,dog with stolen lamb shank,1
6796,d7rnrm,icicles forming on a chain link fence,1
6797,ce33ane,human what are you doing,0
6798,9fqknz,this year old edwardian autochrome,1
6799,diiqpo7,i got you fam,0
6800,61bkq2,this boy and his mother,1
6801,f3d7udv,httpsiimgurcomehttjpg,0
6802,c866yj5,a better movie,0
6803,ch9fkz,a happy airport chair,1
6804,2fxlsj,ray rice in good spirits and staying strong for my wife,1
6805,cfcxi8n,other discussions,0
6806,9arhtx,selfie time,0
6807,cwisisg,up,0
6808,ciy2ps2,quick one,0
6809,cej22c2,goat jumping between cliffs,0
6810,17dov8,opening the mona lisa after world war ii,1
6811,763ewq,moms spaghetti,0
6812,c0fudq,dreamcatcher sleepwalking,0
6813,cu0auex,perhaps rosetta did find life on that comet,0
6814,4wr5br,please dont paint florida turtles wildlife cops plead,1
6815,clp0jpd,respect the l or get the shell,0
6816,7g58f3,princes road synagogue liverpool,1
6817,1k6ku2,saw this happy guy the other day so happy when people look through him,0
6818,d1amp1l,just an average picture of laika preparing to collect isss mail,0
6819,1dwnhv,liam gallagher nearly dies after eating a blue mm,1
6820,bbtgh2,jurassic bark bath salty,0
6821,20f8b3,toothless angler fish,0
6822,9hbn4g,it looks like my friend blew a puff of rainbow smoke in the air,1
6823,32wckm,the way i see it if you dont pay it forward youre kind of a schmuck olympic gold medalist amy van dyken paralyzed in an accident is finding ways to help other spine injury patients,1
6824,6wjm5s,night terror melon,0
6825,1skrqg,man laughing with lemurs on his shoulders from rpics,1
6826,d39cxmx,vp hitting on travolta chair,0
6827,y8cc6,dancing baby,1
6828,cx4yhy,this building has had a turf roof for quite some time and a small forest has developed,1
6829,b64dpx,alleged leader in m prescription fraud case can go to disney world judge rules,1
6830,536z1p,a view of the new international airport terminal outside ashgabat turkmenistan saturday sept that is in the shape of a flying falcon,1
6831,cmtfb6v,come back baby come back,0
6832,57ypop,miyako airport opiate of the masses,0
6833,bd66p8,mo salah gets excited after scoring,0
6834,c1a37u,it has transformed my life the restaurant where all staff have a disability,1
6835,7iszqs,hiiiiiiiii d,0
6836,cpvvds,i am far more pleased with myself than i should be,1
6837,cnygyw,dog with a mohawk,1
6838,d9k3mb,we are building a new europe erp european recovery program aka the marshall plan germany,0
6839,7qa3bz,painting of putin,0
6840,d8rt6c,this eye at the bottom of a can of soup,1
6841,c85kphh,this,0
6842,d738g4,bill de blasio eating a corndog,1
6843,dfz2nl,milford haven woman admits racially abusing neighbour while breasts were hanging over fence,1
6844,ctcqivs,guys look i can do a dog,0
6845,cfy76xh,im back,0
6846,2y0za8,a bear cub standing on the side of the road looking at a truck,1
6847,cllmrtc,its okaylet me go meow,0
6848,4ijley,laying out after an opponent makes the catch,1
6849,8stnrm,yearold spinster dies surrounded by cats,0
6850,7ke78x,rock on dude,0
6851,dza7fo6,prince hairy,0
6852,4hrkxm,twice baked summer squash have never been happier,0
6853,ay294o,a woman standing in the water taking a selfie,1
6854,darkjzv,with her version,0
6855,df4lt6w,i need picture of spiderman,0
6856,car8n9j,are you afraid of the dark cant sleep because your lonely well your never alone with the,0
6857,4gq0uy,table tennis player,1
6858,cdqiq5,a piece of chicken i got with my chinese food looks like a dog,1
6859,d4x0ra,this traumatised toy has seen some shit,0
6860,1uft1s,steven seagal mulls run for arizona governor,1
6861,5nsmgv,this dog in a tshirt,1
6862,c26nki,the stain on this pillow case looks like a face on a cloud,1
6863,c8khw5e,im not very creative,0
6864,24uz6a,why hello there floor man,0
6865,4qltxd,utah man be true heir to british throne,1
6866,6fi4v2,horse airlifted to vet in los angeles suburb,1
6867,er8vcrm,can see only one,0
6868,5j6e75,grant gustin leaping into the air as the flash,1
6869,cgb8gt4,other discussions,0
6870,8fbm64,this photo looks like somebody has poorly inserted another photo into it,0
6871,4o9z5f,harry potter authors unique connection to orlando shooting victim,0
6872,co68zt,this pillar by luggage claim that looks like a pile of luggage,1
6873,5w0imp,foxs bret baier rips white house after outlets barred from briefing,1
6874,9k7zwo,the enterprise shuttle flying over manhattan made entirely out of lego pieces,1
6875,c576pt3,hes a billieber,0
6876,bg1jkb,comedian wins ukrainian presidency,1
6877,6wv1yi,pickled shrek,1
6878,5drje5,dc police officers surprise mother of slain officer before her annual holiday meal feeding officers,1
6879,3aymwb,police rescue tired bee,1
6880,41mspa,this guy riding little kid planes and a very unsure child,1
6881,c7sd45t,gettin a little close there dont ya think,0
6882,cwkk7e,toymaker hasbro acquires rap label death row records,1
6883,5a1ijm,thousands of people have rallied in seoul demanding the resignation of south korean president park geunhye,1
6884,cxdva6f,version,0
6885,dzmhpxm,general babyhower reflecting on his war experience,0
6886,cb6juv1,other discussions,0
6887,4c9on4,ukipbacked brexit campaign employs eu migrants to rally support,1
6888,dhuco4,looks like mushroom migration,1
6889,1kvp3z,child walking towards the tunnel,1
6890,cxfrpaj,i tried,0
6891,b2c69a,my backpack looking like a happy blob this morning,0
6892,6xsjxw,meet the man feeding thousands of houstoniansfrom his atlanta hotel room,1
6893,ctm6blj,devil on your back,0
6894,4oyqnw,layers of different minerals from volcanic eruptions that formed santorini greece,1
6895,c5ogir,someone wedged this board between two trees and and the trees have grown around it strengthening the bench,1
6896,86xfwc,rare picture of the roswell alien,0
6897,338h6f,branislav ivanovic celebrating the win against manchester united,1
6898,1rf2uq,jennifer lawrence trying on google glass,1
6899,1um98f,woman sent poo cake at engagement party after dispute with baker,1
6900,541v4b,gary johnson worried he peaking too early after hitting in polls,0
6901,dtgojjz,a true hero,0
6902,b2j8ln,i saw these random icicles hanging from a tree yesterday im not sure what caused this but all the icicles formed where branches where cut,1
6903,cl46x1,climbing up the atlas mountains in morocco to find they use the rocks and waterfall to make refridgerators,1
6904,249dhk,cuyahoga county recorders office employee confused about what a photocopier is,1
6905,86w2yv,this tree trying to sneak out of the shot,0
6906,6s0vd7,my dads phone looks like a dinosaur,0
6907,cuqvxts,the forgotten character,0
6908,6a4rjr,white cat posing valorously in the grass,1
6909,d9zt6kk,straight into the croc,0
6910,5uvs2l,clearing plates at work,0
6911,2boplc,caught my blue moon mooning me,0
6912,cdc2bj,back of childrens book is dogs looking at dog book looking at dog book times infinity,1
6913,7lqr9d,a deer tried to cross a major highway and survived thanks to motorists,1
6914,25oemg,sriracha ceo compares california to communist vietnam,1
6915,6mu5r7,scientists design solar cell that captures sunlight with up to efficiency potentially making it the most efficient solar cell yet,0
6916,cbuw54,an entire wall of dried mushrooms garlic and peppers,1
6917,7t7fvg,campbells unveils one big cansized noodle,0
6918,7v2je0,stop russia georgia,0
6919,3awh9i,a scientific feud have put jellyfishlamb meat on dinner plates in france,1
6920,2e5tij,redditor with his mighty axe and dog,1
6921,2t754d,postal service unveils new line of stamps honoring americans who still use postal service,0
6922,9atsmr,the commuters bus stop,0
6923,1m15mi,puppy birthday party,1
6924,c6w8cqm,red lips big eyes,0
6925,d2yuul,george bush is told of the pretzel sale only two blocks away,0
6926,8lx7bw,donald glover childish gambino angrily writing this is america as he looks at the reason the country is bad,0
6927,chauul2,one fish two fish red fish blue fish,0
6928,cjiftwl,the reversal,0
6929,8koq23,another day in paradise eyes in the sky,0
6930,c7pamt,a tree that grew arround a statue,1
6931,cypf4eo,ice ice bunny,0
6932,5pjuxl,more tornadoes ahead as death toll reach in southeast us,1
6933,7llddg,dc police give twins teddy bears made from their fallen fathers uniform,1
6934,9iu8oy,this baby carrot looks like a hotdog in a bun,1
6935,2b39y3,san francisco in the fog,1
6936,ciai4yr,dont even think of messing with me,0
6937,62aezr,cristiano ronaldo statue madeira airport,1
6938,ckjvi10,bromances are cute,0
6939,78tliu,this family photo in the woods,1
6940,3edomm,dad unretires to catch his sons first baseball game since leukemia diagnosis,1
6941,1nm3mu,catch him with his panzers down ww western allied poster possibly,0
6942,7swa2g,vint cerf father of the internet,0
6943,bfi7eu,the registration sticker on this vw bus,1
6944,7vxj9g,dog with toy,1
6945,cr7zuz,karat gold and karat silver roasted chickpea,1
6946,cefxeig,great myspace event,0
6947,8vsssq,pomeranian with a fresh blowout,0
6948,69390f,life philanthropy ftw the bill and melinda gates foundation has donated million zebras to seattles woodland park zoo,0
6949,d2ukjc,a toonie with a date stamp of,1
6950,97pr3j,husband of kerala nurse who died of nipah donates first salary to floodhit state,1
6951,cqvhrfv,what the fuck joe i thought we were cool,0
6952,6xq58g,illegal immigrant jumps border wall and is met by rednecks circa,0
6953,4t5kuj,gop establishment relieved after conventionally abhorrent beliefs make way onto presidential ticket,0
6954,bya5jg,house panel weighs holding trump cabinet members in contempt over census,1
6955,enl3yph,the last beer,0
6956,dw2d020,a small world,0
6957,5kx495,tiny usb plug with face tats,0
6958,7wzyg5,the success story of a polio survivor who still live in the archaic machines of that era,1
6959,6coult,why is this man so excited about polling day,0
6960,4ht173,a spider with heaps of mosquitos in its web,1
6961,50bkpb,hell pay you to marry his daughter but theres a catch,0
6962,d27s3lc,o catnada,0
6963,3x9hgs,unimpressed make up box,0
6964,cf9h3y,the backside of my spiderman wallet has degraded completely except for spiderman himself,1
6965,cm40ur1,the race was really heating up,0
6966,2iex62,manchester united players fletcher and rojo looking fabulous,1
6967,cmhwjm,these birdhouse street signs i spotted in maine,1
6968,d28vuu,what kind of spider makes nests like these hes in the hole now but he was out and he was about inches long and wide,1
6969,7i05k7,ginger cat,1
6970,3gnuqk,year old woman kicked out of church for not tithing,1
6971,8kp8vf,expressive tiny turtles,1
6972,9dzsww,inside of a concorde airplane,1
6973,12d9u4,french protester,1
6974,2y8qtq,three men get married in worlds first way gay wedding in thailand,1
6975,cfl7zdm,other discussions,0
6976,d8s4c5w,umpanthaur,0
6977,ccowsg,this small truck on a large trailer,1
6978,386dly,happy to have flowers in my hair,0
6979,bcq5uy,this hotel has a bible and the bhagwat gita in a drawer in each room,1
6980,b9uny5,yk theres a chance your gps system could go haywire this weekend,1
6981,1l6yzp,the walls have eyes,1
6982,c2yqk4,they way this green diamond refracts the light is captivating,0
6983,2u8agz,quarai the land as it should be x,0
6984,48q6t5,audubon society reveal theyve only seen like birds,0
6985,y4iu3,little girl chases obama around the oval office,1
6986,d4fjvgx,distraction,0
6987,uorxu,neat story about a band that stumbled upon a childs crude drawing of a cat years ago and took a cell phone picture it will now be the cover of their latest album and they tracked down the artist after all these years to thank him,1
6988,e3brqxk,this is why we cant have nice things,0
6989,7gdtmf,italian troops unleash deadly chemical weapons on ethiopian civilians,0
6990,cmu89e4,who let you out of your cage,0
6991,5509uv,itchy squirrel,1
6992,7ajq80,the ignorance of the crowd scientific american blog network,1
6993,6quvbp,north carolina firm files lawsuit against construction company that caused outer banks blackout,1
6994,cnjwnmq,excuse me sir are you koalafied,0
6995,crfiwj6,bowie,0
6996,913wvb,these printer buttons look like a bird,0
6997,cf6m4zb,im not happy about it either folks,0
6998,c2qvre,gary the cat getting a bath,1
6999,ckz9gcj,well this is my first edit but i didnt see it so i had to make it,0
7000,858r7w,creation of the worlds first source of infinite energy c,0
7001,dl2rrtg,bird catching a berry,0
7002,cf2fdoy,they told him it was legal to light up in seattle,0
7003,dgalj0,the difference between a box being in the sun and the other not,1
7004,c1wncc,a bird nest in a tree,1
7005,c6twye,this restaurant i went to had kegs as urinals,1
7006,6wsy6y,must see blowing his wad way too early this science teacher did all the cool experiments on his first day of class,0
7007,2t6rn7,tourists ran up the rocky steps and randomly found sylvester stallone at the top,1
7008,5i251v,cricket player diving for a catch,1
7009,9ie580,happy tiger woods winning pga,1
7010,4hmgf8,indias answer to global warming cows that belch less,1
7011,bptd0k,a customer tipped me with a bill from,1
7012,b9wzul,mo salah and teammates celebrating a goal,1
7013,davyni,this triangle blackhole created by the shadow under an information stand,1
7014,cotbanl,uh oh,0
7015,3kjg0h,hermitage residents say neighbor is afraid of aliens,1
7016,8swvc4,cambridge analytica had the clinton emails more than a month before they were published by wikileaks,1
7017,cbxb9f,this mayonnaise has an expiration date and time,1
7018,9213j0,the battle of the giza goliaths cairo egypt bc,0
7019,d7bp7c,comparison between the desert scene in seen and the actual filming location,1
7020,8rcr99,birdie takin a selfie,0
7021,7agt9p,island county program successful at placing people with disabilities in jobs,1
7022,73p9kf,banana republic thrd world,0
7023,btqxu5,this is not pot,1
7024,ys1ha,courtesy of rfunny man posing with his bobcat,1
7025,1b5k07,he has risen and just in time for easter too,0
7026,92ra84,this spiderman tposing at a convention,1
7027,4brwsn,ohio man who stole from walmart chooses to wear i am a thief sign over going to jail,1
7028,1coe0j,surgeon prescribes brian eno to patients,1
7029,c82q30,map of canada in my cousins beer,1
7030,9e57pc,i wonder what he lied about,0
7031,2hw2lz,boris and his brick,1
7032,cwsl8kr,come to colorado,0
7033,d6u22t,steven spielberg testing out the pov shot where et is dressed up as a kkk member,0
7034,ddi2xf1,proof that putin knows trump,0
7035,d5t47vj,well hello there handsome pic,0
7036,c9bfd1b,russian girl holds scary sand face monster,0
7037,cqfw1du,ruffles again found himself daydreaming of a time when he could leave the circus and find a respectable job,0
7038,cs8dd80,secret island lair,0
7039,awvatp,i ordered two eggs today both of the eggs they used were double yokes,1
7040,8qax3t,request this painted globe,0
7041,aenmaq,this outlet with a oclock shadow,1
7042,1eglo6,king kong,0
7043,batwom,this garden on the outside of the privacy hedge,1
7044,1hz13i,a dog dressed up that likes to dig holes in the yard,1
7045,8n1cjl,roseann barr stress eats after losing her tv show for her racist remarks,0
7046,8k86gy,thousands of gnomes running around,0
7047,5tvoiz,a collage of the and portrayals that states used against one another during the great war,0
7048,64z1h1,girl riding a bike with a vr headset on,1
7049,cf32zq5,who can say where the road goes,0
7050,81qwu4,this priest examining a vegetable harvest,1
7051,8rmre1,simon of cyrene helping jesus carry his cross circa ad for effect,0
7052,bdmry1,another notre dame coverfuck you,0
7053,d7ikl9,happy mince pie,0
7054,4mu4u6,polydactyl cat standing up,1
7055,8esg93,guards waiting for a plane,1
7056,84lh0y,husband donates kidney to wife of years i felt like i won the lottery,1
7057,2w3u2i,hank the extremely happy dog,1
7058,b2r2m5,bill calls for fining rhode islanders who release balloons into the air,1
7059,cij8ogz,this cat is about to play the symphony of space,0
7060,cl9gvlo,cutouts,0
7061,cikd6f,i went to orientation a few days ago and found this on the back of my id might help someone,1
7062,h10th,princess beatrice hat,1
7063,d8x2e1u,take me to paris,0
7064,19vhxh,tree stolen from mill ends park replaced for the good of leprechauns officials say,1
7065,bsh1uz,a topographical floor display,0
7066,9d5ubk,this orange midway through changing colour,1
7067,cf8lj53,frog legs cyclop eyes dried newt yum,0
7068,d83xvc,cereal math is hard,1
7069,1oaa36,racist la police dogs only bite latinos and africanamericans,1
7070,d9dlbg7,big bones,0
7071,1stgdl,dog fetching his toy,1
7072,69zq83,spiderman at a protest in puerto rico,1
7073,1n4c1z,peta offers to rebuild brand jesus statue next offer nra,1
7074,6os5kc,minneapolis police chief janee harteau resigns mayor betsy hodges issued a statement saying she asked for the chiefs resignation in the wake of the justine damond shooting death,1
7075,cobd692,just a normal day in the life of donnie darko,0
7076,5inl3m,high in the sky in a balloon,1
7077,99aagy,this dehydrated stingray,1
7078,calwalf,i am the amaer i am the one who upvotes,0
7079,97jvx2,how long should you wait before a first date the answer surprise you,0
7080,7p9u92,this xenomorph banana,1
7081,5lkxnh,turkey attack american survivor jake raak played dead stayed silent,1
7082,bzdq85,the original ghostbusters set,1
7083,91n7zt,adolf hitler after hearing reports of the defeat at stalingrad colourized,0
7084,2kvrh0,alex salmond opens lidl store as snub to asda for failing to back scottish independence,1
7085,1blaxf,rep louie gohmert we cant restrict highcapacity magazines because gay marriage leads to bestiality,1
7086,7av1k2,adolf hitler prepares to give a passionate speech from a balcony in nuremberg,0
7087,dn50rz8,jesus is my copilot,0
7088,b4i4u1,oc slaves of acts of fear and love,0
7089,bepu7g,black sabbathdemented by nature,0
7090,928g1u,the guy im dating leveled up yesterday and i got bored waiting for his bus this morning picked up by tsmdaequan,0
7091,69fcel,dracula stepping out of the shadows,0
7092,d7co34,walmart needs better benefits,1
7093,dmjbkhu,northern lights over africa,0
7094,9jdi87,this fat cat sitting on its haunches,1
7095,7z8t1w,the hitchcocks not today,0
7096,d5mzj8,benito mussolini and a number of his supporters are hung in piazzale loreto,0
7097,90rqdo,a giant mimikyu,0
7098,bbtpti,this cheerio that looks like the letter g,1
7099,20iqml,little girl leaning against a post,1
7100,7o6nbv,rescued eagle mr america finds home at detroit zoo,1
7101,8gfbu0,gorilla making a face,1
7102,beeczg,they even used the bark back in the day,1
7103,cpntmn,my beer is an officially licensed collegiate product,1
7104,6zvpy1,one of hannibals elephants struggling to get over the alps ca bc,0
7105,7uh2kh,hope hicks in deep thought,1
7106,cedjke5,redditors bear,0
7107,cudv2e,this liquen in a wall developed looking as a human face,1
7108,2bsww9,avengers age of ultron full poster,1
7109,b1tten,this apple i found at my job,1
7110,4km4dv,long beach state dirtbags baseball fight for willy,0
7111,d4p32s,occaterpillar in the forest chesters hot fries for scale,1
7112,2vikty,a collection of satirical berlin olympics posters posters with current berlin olympic bid logos from a blog that that the german government is trying to censor,0
7113,az286v,i lifted the tendons off my fingers years ago and theyre still off,1
7114,13zqwg,ct scanner is glad to get its cover off,0
7115,cimnbu2,cutouts,0
7116,5typh2,dance store addict our youth in rivers,0
7117,2ts4pd,my dog waiting for dinner,1
7118,cabo4o,scary human concrete,0
7119,bn5zl3,wisconsin sky devils lake today,1
7120,cfgkhle,having a luck dragon with you is the only way to go on a quest,0
7121,bcqy4g,sheriffs office gives car to orphaned family,1
7122,bm39qt,a handicapped accessible picnic table,1
7123,ch6qbwr,this is just a bunch of cheap walk cycles,0
7124,7l9a40,donald trump holding mitch mcconnells baseball bat,1
7125,cvaltoh,i will not give up my favorite decoration,0
7126,t20yv,state raids lobster operation,1
7127,3dflxp,mrw im trying to browse reddit at the beach in parksville bc,0
7128,ci1yjo,the taps in our kindergarten have googly eyes and caps,1
7129,awo07o,theres hundreds of flowers on my grapefruit tree going to have a good season,1
7130,cfbuoh0,this guys a god,0
7131,dkcy2wu,the witcher eyeballing a unicorn,0
7132,ce5cf5w,other discussions,0
7133,cnfok6p,hand of hog,0
7134,759yhn,how a network of citizenspies foiled nazi plots to exterminate jews in s la,1
7135,3gqc8a,isis leader abu bakr albaghdadi orders more familyfriendly execution videos,0
7136,77binj,whats the matter pierce feel faint ha ha ha lord what a goose dont you wish you had my cock well goodbye pierce goodbye us whig party,0
7137,c4odcit,try moms latest acquisition,0
7138,cvdslaj,adding pratt to any picture makes it more adorable,0
7139,elrnv3f,too much trunk,0
7140,codyke7,war is such a drag,0
7141,1dg68e,for sale acre lots on moon with earth view,1
7142,ccq4x1p,its a pity i have so little time and even less skill,0
7143,4qaat6,apologetic cat bearing flowers,1
7144,8gvofu,eu is convinced it has found new way for young people to fall in love with neighboring countries free train rideskicked off discovereu project thursday to send up to yearolds chugging across continent this year giving them free rail tickets to broaden their horizons,1
7145,c9sg4py,five four three one offblast,0
7146,ducmoii,coat of arms,0
7147,5qmz7s,bombshelter builder stays busy as customers prep for trumpocalypse,1
7148,8cvdjp,bed ridden for a simple tuna sandwich and marble loaf cake,0
7149,82a7fw,the eye on this jenga blocks,0
7150,194z0t,free cover up tattoos for sex trade slaves and past gang members good guy,1
7151,cs11ny8,a new career direction,0
7152,cr3ar4,kfc drivethru well be dead before we see it again,1
7153,cwedf1,this little piggy went to the market,0
7154,dincax,reminds me of the the scream by edvard munch,0
7155,381nml,patriot act provisions have expired what happens now,1
7156,22dh2q,mont saintmichel,1
7157,cnqd0ri,come to the dawg side of the force,0
7158,4idcn2,they also have a set time span,0
7159,c4b9mm5,i have no idea whats happening,0
7160,b3eo3j,hitler and stalin make a deal c,0
7161,cwt531,saw these today when i went shopping if i could afford them theyd be hanging in my living room right now,1
7162,avbjil,this tree i found on mallorca,1
7163,1numo8,jake morphed into a coffee,0
7164,9cnt69,this shifty guy,0
7165,bsxhss,right before hitting the curb,1
7166,don05ja,going for gold,0
7167,cm32h4g,the hero we need,0
7168,b6onht,former oklahoma gubernatorial candidate joe exotic sold hybrid cat to fund murderforhire plot,1
7169,2hutdd,ow my nose,0
7170,bwkoth,this escalator made of stairs,1
7171,4jyh1u,doortodoor flasher knocks on police chiefs home cops,1
7172,7wq8zf,god casting the most beautiful angel lucifer into the earth bc,0
7173,33mp2o,a little great man taking a walk,1
7174,d4aq1b,fence face,0
7175,1wxtef,this duck in florence,1
7176,2zeqgg,this guy knows i dont allow smoking in my car,0
7177,4ytotj,streetlight manifesto cracked windshield cover,0
7178,10w8fs,tourist attraction considers legal action against the meteorological office after a series of overly pessimistic weather forecasts,1
7179,cw24vyw,she found the camera,0
7180,7x8k6f,the enlightenment is working the world has improved by every measure of human flourishing over the past two centuries,1
7181,7qe8l0,elvis presley having a drugfueled hallucination while eating a cake,0
7182,bhcvgb,crazy csection scar,0
7183,da40z8,legalizing polygamy will guarantee womens rights in russia moscows muslim leader says,1
7184,9txkcg,hockey player has a tiny arm,0
7185,126s74,chins,1
7186,9bownd,man charged with making death threats against journalists over trump editorials,1
7187,ccj7pi,prosecutors unlikely to charge trump org executives sources say,1
7188,cje39yc,flying,0
7189,5c9dvp,more antitrump protests planned across united states,1
7190,clk50y,this receipt as long as the loaf of bread it was for,1
7191,68m0dj,skogafoss iceland,1
7192,2bolug,my friend majestically jumping into a pool,1
7193,76x8bu,the daily horror of life in the soviet union,0
7194,bo84mv,pink floyd releases their th studio album atom heart mother,0
7195,38wlqs,three sun conures in vigan ilocos philippines,1
7196,cmumg2,my sister made a mug with my cats face on it,1
7197,69nydd,pilot turns plane around and mom is forced off,0
7198,d3wmkb,this pretty cool letter opener that looks like a floppy disk,1
7199,5fj452,halfdressed man frantically scrambles out of home after hearing toyotathon deals wont last long,0
7200,c74vtk,this kitkat has the wafers sideways so it broke halfway through the bar instead of in between bars,1
7201,514a4e,venezuelas president chased by angry potbanging protesters,1
7202,co45oc9,all i could think of was runescape,0
7203,d2obg1u,greetings,0
7204,1ryyoo,dog jumping for a frisbee,1
7205,2hzylg,exoskeleton hand with digital feels,1
7206,5bn3of,this disease affects of chinese cresteds is your pup silently suffering,0
7207,24vbu5,shaun white surprises superfan at high school prom after video invite,1
7208,cerdds9,other discussions,0
7209,56569a,firefox new fancy logo,0
7210,cf4zdb1,what a rebel,0
7211,8nhg2u,sandcrawler drendering,0
7212,35kv06,hindarochels uploaded images,0
7213,vwbyz,that lizard look,1
7214,71dxo6,a seagull standing on a railing with an open mouth,1
7215,eojljff,puss in boots,0
7216,2232b9,russell wilson wants to be best ever,1
7217,7c47ce,trump doing the robot,1
7218,2f64pk,year old surferskater tears it up,1
7219,57jvqb,crosseyed owl,1
7220,cv3tot,tuna wrapped in golden puff pastry atop a bed of mayonnaise sweet mustard and a whole new meaning kielbasa peppers and onions,0
7221,bxc9yh,something the reds havent got western electric,0
7222,bq8o8w,the leafyishere era of youtube,0
7223,5vpdio,i assume one of my coffee cups always lies and the other always tells the truth,0
7224,34f3qu,indian thief expels gold necklace after bananas,1
7225,cyc32s,labor the great dynamo of national energy a world power that will endure forever indomitable indispensable and progressive,0
7226,cca6ek5,other discussions,0
7227,1ojhhk,bride had sex with groomsman by error charged him with rape,1
7228,83ddqo,these batteries at the hospital,0
7229,6ru7ru,student loan forgiveness for public servants up in the air npr ed npr,1
7230,c130vi,this diet fork,1
7231,76ds7z,jeremy the lonely lefttwisting snail dies but knows love before the end,1
7232,c84gf7h,halo jump,0
7233,dolftqc,i cant find the exact windows that i used but this is close enough,0
7234,cjwy6nb,i wouldnt go outside dear the weathers shocking,0
7235,6s65w4,life unappreciated greatness an incognito ron jeremy masturbated in grand central station for hours and nobody stopped to watch,0
7236,btnus1,my disassembled original iphone,1
7237,9jtjt7,this scene in the sa art museum depicting the holocaust ft mcdonalds,1
7238,5u399l,georgia scores major victory in water wars feud with florida,1
7239,9jxg0q,easy pen stand made by craft paper,1
7240,75jhei,our army brazilian army recruitment poster,0
7241,daa1gt,this year old lock on my fence,1
7242,15ed08,swaziland is going to jail women for wearing rapeprovoking miniskirts,1
7243,cevrqx,this atm at an arcade only dispenses bills,1
7244,c9350xa,guys it isnt funny anymore,0
7245,8ih0su,a young detective trying to solve the zodiac killings circa,0
7246,dd74ue8,a breathtaking performance,0
7247,6ufiqd,daniel johnston presenting the first copy of his album hi how are you,0
7248,26ocmi,blaze it,0
7249,3n3det,guy throwing jellyfish,1
7250,21cz0q,family surprised to learn it was toronto cops who broke into house removed computers,1
7251,4aqjt7,man admiring empty room,1
7252,866pbg,marvel fans fighting over tickets for infinity war c,0
7253,88jgh9,asd censored,0
7254,28yyj7,man sues british airways for sending him to grenada instead of granada,1
7255,27ozql,students served pet treats at montgomery county grade school,1
7256,dahl59,this fly has a pattern to mimic wasps,1
7257,dd5qke8,costume,0
7258,c8l81ka,wulfgar is man today,0
7259,axt7ra,more voters believe convicted felon michael cohen than president trump poll says,1
7260,cuisg35,handled with style,0
7261,2gslku,dont judge you never know,1
7262,bnngfb,the blueberry on the left has an outie while the one on the right has an innie,1
7263,cgd9w6l,hoppy the latest and greatest in antiterrorism task forces,0
7264,c8mm83k,just hangin with friends,0
7265,50j3l8,north korea reportedly arms fighters with nuclear backpacks spraying uranium,1
7266,9buus7,this vegetable sculpture entry at a montana county fair,1
7267,ba4z32,the busboys digital dishwashing llc,0
7268,ckv6820,cutouts,0
7269,avgsni,this chinese buffet charges children based on how tall they are,1
7270,cuh6k5,fanta bottles are yellow,1
7271,9hc4t6,this original tool is just a chopstick,1
7272,5wqw7u,connecticut college gave sean spicer this unflattering nickname,0
7273,6pns52,nyc scout troop provides homeless girls a place of their own,1
7274,crpybt3,is that a plane is that a bird,0
7275,c2jxxw,this mario kart arcade game brand new game that hasnt been seen before on any console,1
7276,ck9fhii,available here,0
7277,ckvcb06,the citys a zoo,0
7278,43zc6x,ohio governor john kasich pledges to reunite pink floyd,1
7279,14i7cy,barack obama getting the most epic high five,1
7280,8msfsn,a baby bear cub,1
7281,9ffqh5,me and my sister found this giant poppy today,1
7282,c3iz2y,the arms of this chair at a tennis court look like tennis racquets,1
7283,cf3un3s,the godchild,0
7284,7iqvd1,fox news is forced to correct their deceptive insulting headline about roy moore accuser,1
7285,ei00114,babys day out,0
7286,aw25oz,i didnt win any tickets but im satisfied,1
7287,7fwvx3,nearly skipped over the second link looks uncannily similar to the other two,0
7288,d7smw6,innkeeper displaying her dish soap with pride,1
7289,c95w2p,frogs riding on the back of a crocodile,1
7290,ch7w92j,he couldnt bring his birds to the oscars,0
7291,b74dq9,an old fire extinguisher,1
7292,xojgc,gabby douglas goldmedal olympic gymnast rockets to stardom,1
7293,77octn,declassified photographs from project mk ultra mind control experiments,0
7294,33skc0,pharmaceutical rep assures doctor he personally tries every drug he promotes,0
7295,b3trcx,nebraska residents find beer filled fridge washed up in a field from the flood,1
7296,5hddj2,a day in aliens who recognized us as the day when i noticed my neighbor propped her window open with some advice,0
7297,cktrcb1,boy seeing a d hologram for the first time,0
7298,1p6uj9,what happens when you just give money to poor people npr,1
7299,ccutp5,the barcode being shaved on this bottle of shaving cream,1
7300,1fhqll,yearold food grower donates tonnes of vegetables to homeless,1
7301,6qquoi,jets jamal adams asked about cte says football field is perfect place to die,1
7302,dlt0uf,this bathrooms faucet handle sticks out much further than ive seen one do so,1
7303,c7nznnk,thanks birdbro,0
7304,cwv5tll,a twisted firestarter,0
7305,b69cnt,this urine color chart in the public bathroom of discount tire,1
7306,blonvx,this xshaped white spot on my nail,1
7307,6461z7,fighter jet,0
7308,d1fxh7,we shall win because we are the strongest poster promoting the buying of war bonds featuring a quote of president paul reynaud france,0
7309,ay459i,this tree bunny aahhh,0
7310,aydx03,someones butt inprint on this suede chair,1
7311,dpa8ej1,ken,0
7312,cp72uak,im sorry,0
7313,dfzyhxm,on set,0
7314,c9bhxg,curly fry looks like ayou know,1
7315,du4p3o8,come out to the coast eat some tender vittles have a few laughs,0
7316,bmd5ap,this price of my eraser rubbed off and looks like a dinosaur,1
7317,8c6qlw,this photo of post malone,1
7318,2rytl0,happy ending for business owners after south whitehall massage parlor shut down,1
7319,2wlau8,lahu woman in traditional clothes sitting on the ground next to a fire and a sleeping dog the lahu hill tribes of thailand are refugees from nearby myanmar x,1
7320,cy28al,this drink has a security lock on it,1
7321,71e7i7,dortmund and hamburg player jumping for the ball,1
7322,86ylpe,can u find the smile face,0
7323,d2rx7ud,the hero we deserve,0
7324,2gb9jm,flashing her mitt,0
7325,1icaj9,no jail for violent hot chip assault,1
7326,c48wdw,this has to be on purpose,0
7327,2o9sdu,friends in russia years ago,1
7328,d186wkn,power moves,0
7329,crn881,sign at local asian grocery store persuading customers not to wear flipflops in their establishment,1
7330,2pbohr,ukip candidate kerry smith jokes about shooting peasants in racist and homophobic rant,1
7331,dkxshc,was unpacking apple fritters at work and one came out as a perfect heart,1
7332,c78yc36,and this is a new suit damn bird arms,0
7333,cjroab5,cutouts,0
7334,cj0qfgd,cutouts,0
7335,2x6ig3,dying light special edition includes zombieproof log cabin,1
7336,2wgtbl,kim jongun takes cue from fashion week reveals ambitious new haircut,1
7337,cbu61e,the light around my shadow is brighter this was visible to the naked eye can anyone explain,1
7338,astc7z,clint eastwood said what,0
7339,db9fie,jeffery epstein circa,0
7340,205ed0,baseball players concentrating on something,1
7341,7x3j2f,goodbye romance found,0
7342,cz5bzuh,inspiration strikes the exact moment the balcony incident was first thought of,0
7343,8twjoe,idi amin at the negotiating table c,0
7344,1p48jv,no japanese people havent given up on sex,1
7345,dirj2f9,avoman,0
7346,3neqso,these terrorists are giggling,1
7347,9faxck,this police tractor in crosshills uk,1
7348,8fo66f,overboard shipshape,0
7349,7d8or2,christian bale as dick cheney,1
7350,calu50,quite the bottle trick,0
7351,coa0des,he strikes again,0
7352,cgv7oq3,snake holding girl,0
7353,7dslkx,beautiful survivor bethanie dela cruz,1
7354,cnsgfg,this movie poster was printed backwards,1
7355,3acyf6,inside a google data center in douglas county georgia,1
7356,7ia1f7,i cut myself up,0
7357,2mzukc,overly dramatic pic of people playing flag football repost,1
7358,350bhj,six ducklings rescued from keighley storm drain,1
7359,8yurih,final bombing run on atlantis in the battle for liberation bc,0
7360,1aa8xl,fighting eagles,1
7361,2bdqad,i got me a black eye,0
7362,8ijewq,first female african american pope,0
7363,3dy603,man charged after demanding sexual favors from woman for watching her dog,1
7364,az77rm,crosssection of a human brain,0
7365,ctr4cpy,goddamn arnie at least try to use a spoon,0
7366,3kwgff,hands corporation headquarters in seoul korea,1
7367,ugs15,whats this little puppy wearing,1
7368,cugol1,the reflection off of the back of the sinks at my school makes an upsidedown cross,1
7369,ccwx0dq,shes at that tender age where they only eat brains and severed fingers,0
7370,c86bpak,fire breath,0
7371,cnimlhr,party at the casbar,0
7372,d377eo,jk rowling donates psm to the university of edinburgh for ms research,1
7373,caz7ac,an air conditioner advertisement in japan has a replica stuck to it,1
7374,1ifiuf,vatican offers time off purgatory to followers of pope francis tweets,1
7375,645wcf,trump to visit china as beijing touts new era of ties with us,1
7376,2527cm,this wellmuscled kangaroo,1
7377,4szm5m,breaking news hillary clinton makes vice president announcement i knew it,0
7378,5kk5lu,we care we act european union,0
7379,txpgc,eclipse,1
7380,bw09ec,steve jobs believed this was the thing that made the difference between selling and failing its just been revealed,0
7381,e3kbtlz,the wasps are coming,0
7382,8gr4nu,signs that your therapist is going straight to six flags great america after your session,0
7383,cam5rpk,other discussions,0
7384,b8cqe3,thanos completes the infinity gauntlet,0
7385,b5cun3,fire fighter after search and rescue exercise in burning building,1
7386,7l3p8s,this dog underwater,1
7387,colmjv,this asian boba tea shop has a man kicking the cup in the recycling bin,1
7388,cxzsumu,available here,0
7389,dfmofe,uncle rumple take it easy wcc,0
7390,cs2ct6,puff ball from when i was a kid,1
7391,c9qxwn4,thanks obama,0
7392,8a91e7,this picture of a cat makes me question the ground the ground itself,0
7393,462it6,regina man dons skates for canadian jog down icy alley,1
7394,9dpfup,this cop car utilizes batman joker bobble heads to fight crime,1
7395,1conk6,for great britain all races and all peoples are equal italian antibritish poster wwii,0
7396,c5prr91,the greatest battle in the history of the universe,0
7397,8mldhb,on google maps,0
7398,65uu3g,warren buffet will donate million to people of color,1
7399,7xi4qm,british posters during world war ii,0
7400,5nsw50,instafreebie instalaughtillyourtitsexplode its amazons charttopping in their shoes one size fits all the prequel to the hilarious british satire series chokingly funny stuff and eternal life could be yours for free and for a limited time only subject to availability,0
7401,4e3c0z,va bosses in states falsified vets wait times for care,1
7402,28igrp,amazing view from above the clouds,0
7403,bbyqrw,as percent of apples carbon footprint coming from suppliers apple has persuaded more of its suppliers including foxconn and tsmc to manufacture apple products using percent clean energy,1
7404,b5jdgv,this guy on instragram who looks like an nba k character,1
7405,da458t,high schooler with cerebral palsy runs an yard touchdown,1
7406,dggbdf,huawei p lite breakdown,1
7407,6a8lji,president trump fires fbi director james comey,0
7408,c5juhy,two of my matches came connected,1
7409,3qa9mj,darth vader not allowed to vote in ukrainian elections chewbacca detained,1
7410,cjcfsk,over years of original print copies of the lancet chilling in a forgotten corner of my local uni library,1
7411,4bjuug,s chinese poster showing a group of workers militia setting an ambush against reactionary invaders,0
7412,2yeka3,this dog and mirror,1
7413,7h785w,this baby looking at a dog in front of a christmas tree,1
7414,1rbc6p,a delicious frothy latte in a mug,0
7415,94xwk7,american tank crew surrenders to overwhelming german forces c colourized,0
7416,35ije3,this puzzled angry or possibly just sunblind italian from the s,1
7417,czdsru,the letters have peeled to look like spooky font,1
7418,44ildj,dreaded kitten man,1
7419,cceltzn,tis a really hard game,0
7420,38u2pv,uk prime minister david cameron playing cricket,1
7421,d1zv1q7,fatal error,0
7422,3ozm5p,university given ps scholarship gift,1
7423,dk29y7i,by odins beard,0
7424,cgihiy8,nevermind,0
7425,bs95bc,koretsky v our army is the army of the liberation of the working people istalin,0
7426,cp750op,spideybridge,0
7427,cgdfvou,all in,0
7428,2b5ld3,seattles urban food forest is open for foraging,1
7429,4kuzmy,guy standing awkwardly,1
7430,bwjg0i,of americans one paycheck away from poverty report,1
7431,cfvapr,this cloud looks like a sea snail,1
7432,dvgdxeu,resistance is futile,0
7433,bx6y3v,tiny praying mantis oc,1
7434,8cgnqu,a satellite view of a road in google earth,0
7435,c2is9k,the water droplets on the window of the plane froze and their reflection looks like bacteria,1
7436,4qflw2,water tower is being decommissioned,1
7437,6uurne,the only way doug could keep his mind but never imagined itd happen to her family,0
7438,dk2tgoe,wild kingdom,0
7439,cgyg0u,phone in washer,0
7440,1h6gxv,americans enjoy pretending to understand the news,1
7441,dq5orwv,i meant well,0
7442,9y6zb3,chris christie endorses donald trump,0
7443,b5wa79,the face just under the tail of an f phantom,0
7444,7qspmt,so i drew what i saw,0
7445,5urrrw,chaffetz asks sessions to look into former staffer over clinton email probe,1
7446,cosmyuw,dog in dinosaur theme park,0
7447,d6peny,dont get confused with bald s height such a coincidence,1
7448,d5htj9,turned my desktop zen garden spooky,1
7449,e15ky18,show off,0
7450,3pgjda,for offenders who cant pay its a pint of blood or jail time,1
7451,cix5kw,this paper towel dispenser has a face,1
7452,47ggz5,premature baby kept alive in sandwich bag after mothers silent labour makes full recovery,1
7453,c7muaxn,ouch,0
7454,em6cplq,i got you fam,0
7455,4daa63,one of the buildings of the game on easy immediately after beating it on the season starts i just want to bring my dog to the presidency,0
7456,d2c037a,not very creative today,0
7457,c0cty8,roadblock soviet union,0
7458,dh0z2a,this tiny droplet sitting on top of the table cloth,1
7459,ccwiia,high school students offer a silent ovation while a classmate with autism receives his diploma,1
7460,8cq8jg,r lee ermey on the set of full metal jacket,0
7461,d1neib0,banksy,0
7462,72pvi6,when you think about it the snowflake test for millennial employees creates a winwin situation,1
7463,bzieq8,american soccer fan watches the uswntthailand womens world cup game,0
7464,40pht8,visit iran,0
7465,8cczmj,i drew the pic on the right on the draw me app after seeing the picture to the left hopefully im not the only one who sees it now,0
7466,7m4u86,merapoh here with you,0
7467,dq5hwk3,double dutch duel,0
7468,d6l907,woman offers to do any sort of work for ps because shes so skint and is blown away by the response wales online,1
7469,azupa8,court packing ideas get attention from democrats,1
7470,bf6ibh,brooklyns violence interruptors have helped reduce shootings by half,1
7471,2hpmd5,hotshot formula rookie daniil kvyat showing off his goalkeeping skills,1
7472,9cq10q,water held in expanded metal by surface tension,1
7473,doji0b9,edit,0
7474,35y7nx,sheldon adelson receives a george w bush original painting,1
7475,96i9as,german soldier crawling through no mans land first battle of the marne,0
7476,6c4hf6,the wingdings logical empiricism,0
7477,1kos9v,education is a path to communism circa revolution social poster,0
7478,ciksfj,this rubberband gun my dad made when he was,1
7479,6xb14b,meet theyearold who donated backpacks to flint students,1
7480,40ohyz,who invited kim davis to the state of the union,1
7481,atio9h,photograph of the last meeting of the confederate cabinet,0
7482,30omxi,indiana gov at religious freedom bill signing,1
7483,coo55gw,the gentleman,0
7484,611vp4,ted cruz holding a microphone scowling and wearing a sparkly shirt x,1
7485,ckozdzp,that was a rough ride,0
7486,cck2i1o,other discussions,0
7487,7zpmfj,girl bit by emotional support dog on southwest flight,1
7488,22fuls,girl revived from near death after group of skiers perform cpr for hours,1
7489,cnmgxw,this cairn i found at a local reservoir,1
7490,de4r4l,my friends cat looks like hitler,1
7491,d28d6e,this entangled spider i found,1
7492,cni9swq,you never know which movie you might skate through,0
7493,91n6sb,palestinian poll shows decline in support for violence against israel arabisraeli conflict,1
7494,cqxwjhz,catfight of the century,0
7495,c7xgm3c,thats good but maybe he should practice in front of a mirror or something,0
7496,13dckc,hillary clinton reacts,1
7497,c6v5rqd,heres,0
7498,9f2kf7,my empanadas have the name of their restaurant on them,1
7499,co94o7d,okay,0
7500,6gxp4h,best things do in your free time what to do when youre bored,0
7501,3earxj,a girl oddly advertising a codac,1
7502,71s7bl,caerulean selftitled,0
7503,2g98om,little white fox,1
7504,7wpqv8,how i became the fat bastard,0
7505,82m7am,korean defenders,1
7506,9gzhiu,aprilth,0
7507,bzjk6z,this cat at the shelter has two thumbs,1
7508,d4v2nc7,star trailing,0
7509,32mjd4,why is your millennial crying,0
7510,exhx4vk,httpsiimgurcomjdlokfdjpg,0
7511,95g0se,the wright brothers present their findings to the aviation community,0
7512,byznzh,this car are very happy,0
7513,6cdy07,national socialism vs communismnasjonal samling poster s,0
7514,1e9cc8,my daughters first trip down a slide,1
7515,c4fj8q2,dolandez,0
7516,2b9184,this seagull looking down at you,1
7517,5tr3ar,emerald lake in the mist,1
7518,55tmh9,russian region begins selling medical alcohol from vending machines,1
7519,6noo2h,the remaining members of a platoon rally before charging a german pillbox in the battle of aachen,0
7520,5e7bku,natives growing restless with influx of liberal protesters,1
7521,dr8krdp,catcat,0
7522,ckxbtt,vertical parking spotted in dalian china,1
7523,4fb76f,very angry cat walking towards the camera,1
7524,c0l2sp,curry and soap over night,1
7525,dgjwk08,new north korean missile test,0
7526,9bbx2u,this plum growing straight out of the trunk instead of a branch,1
7527,2t2ons,alsina gets into fight backstage at antiviolence concert,1
7528,ce5fqhe,other discussions,0
7529,cjyb0by,finish,0
7530,1prpew,cristiano ronaldo and gareth bale warming up,1
7531,706vn6,pol does it again figures out how to deal with this thing going around,0
7532,6xi5li,tragic footage of the protests in charlottesville,0
7533,clexe8g,the obviously necessary pizza,0
7534,csu4fzz,things get weird in photoshop,0
7535,cbqozhe,ill get the low hanging clown out of the way,0
7536,2jha35,humpback whales form friendships that last years,1
7537,ayugzb,the house we just bought has a sideways light switch,1
7538,ax7b8h,the absolute size of these liberty spikes spotted at a local punk show,1
7539,btx319,i got two lemon heads in one package,1
7540,4m7hn7,fort mcmurray hamsters rescued during fire evacuation get visit from premier,1
7541,6ret4t,im surprised you dont shop here,0
7542,2yuyc9,church hosting raunchy spring break parties loses taxexempt status,1
7543,9i0w6m,william jansz is the first european to land in australia,0
7544,pytgj,knew there was a home for these cookies and a doorstop,0
7545,17lzm8,an iphone being burned with a butane lighter,1
7546,clldt7,these stacked tables cast a shadow of a city,1
7547,cru3iu6,needed more hoff,0
7548,2q7trs,does anyone know what kind of bird this is,0
7549,5f5ugu,one legged dog,0
7550,ckg9sj,i was at a swimming pool and in the lobby there was this table that has chairs that fit into a circle beneath it and has a chess board on top,1
7551,7mproi,red crescent supermoon,0
7552,8u360l,german planes during the battle of britaincolorized,0
7553,bnqaw7,an upsidedown kinder bueno,1
7554,cc7gpu,my bill,1
7555,cjyc1o4,uh uh uh uh uhhhhrggggghhhhhh,0
7556,5m7apx,life almost inspiring this womans first post about her miscarriage showed how strong she was but then her next posts were just way too fucking sad to go viral,0
7557,ddl81u,these pallet sized lifting hooks,1
7558,bmktls,pothole vigilantes hitting california streets at night to fix potholes,1
7559,c9r4ma8,piown,0
7560,d2ufitg,gettin those sweet pins,0
7561,dfee4s9,what did op call that sparrow,0
7562,9dvyoh,pink floyd wish you were spears,0
7563,81f7u9,cat seeking attention,1
7564,4evjey,czech republic officials say country would like to be called czechia instead,1
7565,bph78n,naked german unicorn politician creates stir at flower show,1
7566,cu7aam,study reveals one pickup line guaranteed to seal the deal on dating sites,0
7567,cd0kkb,my banana was a double banana,1
7568,28ynfx,just say noto the war on drugs modern,0
7569,3d3h6m,a wet bernese mountain dog,1
7570,awu897,a man thought he saw a distressed beaver in the mud but what he actually found would change his life forever,0
7571,bz09vx,upon the shock discovery of atlantis america quickly captures it and donald trump makes his leadership known,0
7572,813mi2,trap dumplings,0
7573,15wlcv,walking in a winter wonderland,1
7574,d7x0c0q,heres a screenshot of the layers and blend mode settings,0
7575,de9yf2,theres been a drought in s indiana and you can clearly see where my septic tank pumps out to,1
7576,de587y,the paint chipping on my stairs looks like a unicorn,0
7577,buj7ym,this smiling red pepper,0
7578,k4z3e,theres nothing comforting about this,0
7579,5nvyav,red data girl murder on the high plains,0
7580,5owosd,what did five fingers say to the beat of the upcoming seal team show,0
7581,uc2tw,saw radiohead last night crazy experience,1
7582,6sqp7e,tape tales from the flood,0
7583,chvxozf,for his personal collection,0
7584,7hkvp2,parents say yearold daughter killed herself because of bullying,1
7585,av5nvc,the vending machine gave me a goldlooking quarter,1
7586,cozp3go,deleted scene,0
7587,cil6u8n,bear will never pass as a eunich,0
7588,2se35p,cardinal raymond burke blames radical feminists for paedophile priests,1
7589,7tflgr,will you fight now or wait for this antigerman wwi,0
7590,60824n,grand prismatic spring in yellowstone national park wyoming united states of america,1
7591,coa09gg,always the favorite,0
7592,bk2hck,these wood stains look vaguely like north and south america,1
7593,asd5a1,newspeak is officially adapted,0
7594,4mz7hn,stacked stone sphere,1
7595,cn72te4,drill sergeant,0
7596,7hmmp4,woman suffers seizure wakes up to stranger sexually assaulting her at ride on bus stop,1
7597,5ad6bf,this cheese grater is delighted to be of service,0
7598,6uq829,reporter boy cops save dog darting through nj street,1
7599,cgr8v3m,yeah this couldve gone better,0
7600,bhtzj9,this man and an arctic wolf,1
7601,2lefyo,muriel bowser dcs new mayor,1
7602,8zjbx0,mount batur bali,1
7603,ckdever,what the what,0
7604,b5206o,sigmund smile,0
7605,4mm251,bernie and in out worker stand off,1
7606,9hwg3q,alarming skeleton of liberty eagle on a coin,1
7607,5pypac,this robin landing on a tree branch,1
7608,cemu9r0,bring it on,0
7609,430ruk,amsterdam police kick in opera singers door thinking hes screaming,1
7610,2f9pxx,til captain caveman discovered lsd in an episode that hannabarbera denies ever aired,0
7611,cutgb5t,mmmm mustard,0
7612,b0u6o5,when feral cats are brought in to get neutered or spayed the vets also clip one of their ears to show that this cat is fixed stray feral cat that i feed the right ear is clipped at the top,1
7613,dfb4a5v,giggity,0
7614,ezu4mtz,available here,0
7615,b8w3rl,the residents blindness,0
7616,333mkb,leeds minster oc,1
7617,axi2ro,kristofer hivju is on a key card from a random hotel in portland,1
7618,d7rqfgp,little singer,0
7619,5ixf3f,cable box buddy,0
7620,c8ygoz,my friend and i wearing our pants to our shoulders in the early s,1
7621,1hrmn3,baby seals playing in the sand,1
7622,8hmizz,ian mcewan dubious about schools studying his books after he helped son with essay and got a c,1
7623,cq0liay,attack on egypt,0
7624,4dv4tp,jesuspreaching indiana state police trooper fired indiana state police on thursday fired a trooper who was sued twice in the past two years for proselytizing citizens on the job,1
7625,9hr92g,cardstock house holds up lbs of engineering textbooks,1
7626,cesb82b,you can really see,0
7627,1kszwc,soccer player ripping off jersey while celebrating,1
7628,12ikii,roommate told me my soundsystem looks like walle now thats all i can see,0
7629,3jlmce,mrw im a notorious and secretly invincible serial killer but he doesnt quite understand how a chinook flies,0
7630,6cho11,this runny egg on top of toast,1
7631,2yuzhz,paleo cookbook for babies gets pulled before release,1
7632,32bz21,cut strawberry looks like a sun baby,0
7633,dlssapg,red light district,0
7634,cw6wjn,these pretty rectangles or light that my window reflects on my room,1
7635,3z0nqi,new years eve in aspen,1
7636,cu8i68a,female,0
7637,38vz4v,police called over exam cheats,1
7638,cotvgrs,alone in the world is a little catdog,0
7639,cuhtb4g,king baby,0
7640,c94ybr,this cook book from spells cookie differently,1
7641,8fb7m9,kim jong un and moon jae in,1
7642,8wbdr5,th melania trump others misspell independence day on twitter,1
7643,3tdjwi,sr pilots,1
7644,6oinzj,civil asset forfeiture skyrocketed under obama the dollar amount of assets seized by federal authorities via civil asset forfeiture more than doubled under obamas watch,1
7645,cdc9a5l,not sure why but since everybody else is doing it,0
7646,camils2,my first submission,0
7647,2w17bt,california carjacker thwarted by confusion over stick shift,1
7648,9gpir1,this short ethernet cable,1
7649,3t0hde,radiants middle tower,1
7650,30fbld,marge,0
7651,atkyat,star wars fans discover luke and leia are siblings,0
7652,d3747p,this water mark looks like an engagement ring,1
7653,cf9ogvq,i got ya,0
7654,7lt7ea,i always knew my printer was a vampire,0
7655,d60f3d,the water droplets in my steamer pot holes reflect the light from the other holes,1
7656,4paqb4,brooklyn voter purge hit hispanics hardest,1
7657,c41g528,i was feeling especially racist today,0
7658,78xp0i,kid on a tricycle with a bb gun,1
7659,4qdr3b,torontos second fugitive capybara captured after a month on the lam,1
7660,2xklg7,this lizard chilling with a leaf,1
7661,8w5djw,my rug,0
7662,6mp5yj,bystanders shocked as police do nothing while yo boy drowns,1
7663,9j5uom,my hushpuppies were so hot they melted the styrofoam takeout box,1
7664,cfuzz30,im gonna name this guy ray,0
7665,628kno,unidentified american lobbyist cozying up to vladimir putin in a secluded stretch of the moskva river cctv footage,0
7666,54ier9,this high schools homecoming king turned down the crown the unexpected reason why left the whole stadium in tears,0
7667,b603pc,chad x,0
7668,5ddi17,upstate ny deer hunter hits world class buck with his truck on way home,1
7669,9aubkd,the nature of trinity is decided in the council of chalcedon ad,0
7670,azngg6,it hailed in san jose and this guy was snowboarding attached to a truck with a rope seems like fun,1
7671,9d7917,general luigi cadorna is asked by his staff how many battles of the isonzo there will be,0
7672,cjhc3xg,were going a new direction,0
7673,9hvzjt,one cookie bar in this kitkat is turned sideways,1
7674,clwjkhv,nsfw,0
7675,ciuzf9o,the next block up,0
7676,2t907p,ovula ovum familiar feeling,0
7677,cg17b6,harolds drinking problem hindered his love life until he felt the wind on his head with rustoleum,0
7678,21b0mp,woman has phantom pregnancy with quintuplets,1
7679,59x5lu,tokyo kid dong jing kitsudo japan which,0
7680,1t2if4,tea party group unironically utilizes bioshock infinite,1
7681,1ovlgm,woman shocked by partying cowboys,1
7682,bkphw6,when we all come together,1
7683,1fn50g,hey man i know you like things stuck in your mouth but please dont look at me like that,0
7684,7rb7zc,kanye smiling,1
7685,4zp42j,dad and his son jumping in the desert,1
7686,4417ru,popular childrens book author reveals the spooky truth about creepy conspiracy theories,0
7687,7j77bp,confirms sense of optimism actually means neverending sea of piss,0
7688,dnay5za,die historic on the fury road,0
7689,2f03q2,hello this is liberty speaking billions of dollars are needed and needed now,0
7690,1crua6,zooey deschanel was a boston bombing suspect according to fox news,1
7691,d3rwi8,green giant offering program where gun owners can trade in firearms for green beans,0
7692,2ovqn9,good cop news alabama cop buys eggs,1
7693,9blzeq,the amount of stickers on this van,1
7694,1nxxnd,my friends kid doing a flying ninja kick,1
7695,c5jsb3f,unicycle guy was in want of company,0
7696,7b51mg,thilak the last romantic,0
7697,3ayg71,in jihad for nationalism islamic group plans an indonesian car,1
7698,d257yl,the great canyon or just lamb,0
7699,5z8q02,buttshroom,0
7700,721t0a,gop attempts to bribe alaska senator by letting her state keep obamacare,1
7701,dfwt9b2,starring mutt damon,0
7702,2cchpe,this guy flying off a raft,1
7703,33isxq,embryonic twin discovered in womans brain during surgery in la,1
7704,21dvej,filming of casablanca,1
7705,70agl6,it can happen here usa or,0
7706,4g0ku6,a daysold chihuahua puppy orphaned when his mother was struck by a car in detroit is adopted by a mother cat and kittens the entire family is now up for adoption together,1
7707,cq86mdv,brides and tiger cubs reactions to maroon crashing their wedding,0
7708,5pfxgu,after a month of threatening not to step down the ex president of gambia leaves for exile allowing for first peaceful transfer of power,1
7709,d0padz,the hotel im staying at reassures you that you wont be charged for drinking the water bottles,1
7710,d2eir71,the truth is out,0
7711,byd0eb,shampoo is so judgy,0
7712,dijl8rg,horse trading places,0
7713,cd5zyw7,other discussions,0
7714,cykke3,my grandpa worked at a titanium company back in the day worked there for forty years they did a whole bunch of stuff with it they pressed this one as a test,1
7715,51fyl6,tourists rescue unconscious man from water,1
7716,8d4ypu,almost stapled this guys face off,0
7717,dautax4,im going on an adventure,0
7718,d2se5db,dutton was here,0
7719,d3wwpt,these two pretzels,1
7720,4w4rbv,elderly women take care of stray dogs in china,1
7721,bwhhe9,an old intel circut board,0
7722,bkva46,just wanted to play dd,0
7723,2vvtoy,little prairie dog type thing,1
7724,cg9txxj,its afraid,0
7725,d97ost,this mcdonalds pop machine lists the ingredients in each flavor,1
7726,db8p7mp,birds of war player has entered the game,0
7727,168n24,former fattest man in the worlds skin flaps,1
7728,6srvzk,surprised,0
7729,cnq0zta,nyan horsie,0
7730,vvi13,my nephew said his chicken tender looks like barts grandpa,0
7731,c4tslol,the fuck man,0
7732,cb10bn,cave tour in south dakota did not disappoint beautiful calcite formations from tens of thousands of years of single water droplets evaporating,1
7733,di6fdb,more than people showed up to celebrate this crossing guards birthday,1
7734,btjond,this green screen made prom dress,1
7735,2px3te,finished using the bathroom and looked over to see this guy staring at me,0
7736,cpw2n2s,imgur,0
7737,cvvb6at,overthrow the sun,0
7738,325t69,double pepper spraying cop,1
7739,941fl1,active shooter reported at wrightpatterson air force base hospital in ohio,1
7740,52pvjt,john voight biting down on a pencil,1
7741,1kniiu,meat megaman,1
7742,4hnppb,felton woman charged with calling exboyfriend more than times,1
7743,4wcw35,jeb bush has been wandering around boston at night,1
7744,azyvkm,the light shining through the window makes it look like the trash can is inviting me to climb inside,1
7745,ctlvj5j,enhanced,0
7746,9cygi9,spend your vacation in travels ussr,0
7747,clf0snt,surprise youre the father,0
7748,5mmfgo,nazi youth forces jewish man to ingest raw pork circa by edward steichen,0
7749,9h6d8w,top chef season,0
7750,22adbj,the flash in action,1
7751,7ggnmg,cat sitting at table,1
7752,638eah,holy tongue,1
7753,6kk5mm,these two basketball players,1
7754,c5me0j,painting vlad the impaler as pontius pilate judging jesus christ ljubljana,0
7755,d4a9cy,these beers i found at a local brewery in the ukraine on a trip,1
7756,954rjo,donald trump defeating hillbots in election,0
7757,81gusw,the number of delta air lines passengers who bought tickets with nra discount,1
7758,ddyhqp,old soviet ruble bill from with a lenin profile,1
7759,ch8go1e,hes next,0
7760,ci5oyh3,walrus,0
7761,cntqr9r,dont let the terrorists win,0
7762,8k5j36,neil armstrong hours before the apollo take off,0
7763,39fxqu,walmart brawl in shampoo aisle upsets mayor,1
7764,b619ri,french plumbers invent the bidet ad,0
7765,9e1it6,hustler basquat paintings,1
7766,82recr,the headless horsemen head above water,0
7767,1eftoj,surprised bird with intruder,1
7768,avocdq,this apple created the perfect condition for growing mold in the tangerine,1
7769,24djgp,a friends engagement photo,1
7770,92lxjm,davy crocketts last stand,0
7771,22ilu3,dead piranhas found blocking shropshire sewers,1
7772,8i3tgd,how portland teenagers are fighting the citys homeless crisis,1
7773,bsh4vx,joe biden and bernie sanders reaching out to black voters,0
7774,cuursi,the stamp on this dollar bill i was just given as part of my change,1
7775,dg7aqy,the way this cobweb looks,1
7776,1d784c,security was approaching me during a photo shoot,1
7777,czgifbh,welcome to earf,0
7778,304y6t,authorities seek remedy for naked north carolina neighbor,1
7779,bbdp0r,this sign outside a carpenters office i guess theyve had this problem before,1
7780,6jscih,european tourist board announces new merch in preparation for ramadan th,0
7781,c4aehod,during family pictionary night obama drew a card reading santorum oddly enough michelle got it right,0
7782,cjftyb0,so do you come here often,0
7783,5s861x,seafood feast preparation,1
7784,dsjfs3p,super pumped for movie night this week,0
7785,594k80,snake with sunglasses and a mustache,0
7786,ct8c6lf,you will be assimilated,0
7787,bj6v2w,a hand dryer at my local library,1
7788,c8hqh4y,nooo mom i hate the ball pit,0
7789,5vx3gx,preemie quads are finally all home and together again,1
7790,568791,a cat in midsneeze,1
7791,d377upo,i think were going to have to feed ourselves from now on rex,0
7792,c8leu7q,is it live or,0
7793,cgg6f0z,much ribbit,0
7794,c5cwmzd,white nerdy,0
7795,av380s,dumb down the voting pool,1
7796,7c6w25,against enemies of the crescent ottoman antientente,0
7797,cd6gj70,kidzilla,0
7798,brc29y,a baby cut from his mothers womb after she was killed opens his eyes,1
7799,2gzl50,san diego school police to return ton military vehicle,1
7800,7xaxuu,a quiet place,0
7801,wtqjv,well this is just tragic,0
7802,cu4zzi,a bear broke into my car over the weekend and left his imprint on my door,1
7803,as3c60,this spiderweb made on a garden gnome,0
7804,4bo4nf,lady who rescues orphaned cats in dc is a hero,1
7805,cdg11j,the sun is only shining on my f key,1
7806,73cy8j,hot takes and hatred knock yourself out,0
7807,6f0wbe,newly elected grand wizard leads his first kkk meeting decolorized then,0
7808,92e3xq,concertgoers upset at delay after portal to cthulhus realm opens above stage,0
7809,64l0lx,this cat on a kids paper boat,1
7810,6pvzcm,sean spicer could be joining dancing with the stars report says,1
7811,ehcdoli,pool,0
7812,c7npi9,chicagos cta tickets have electronics inside them,1
7813,c6of4pl,will you choose the red pill or the blue pill,0
7814,b5q5m3,europeans using their last moments of browsing memes after article gets approved,0
7815,d43sik,polson woman uses hair dryer disguised as speed gun to slow speeding cars,1
7816,auti41,lady gaga and bradley cooper perform at the oscars,0
7817,ccw7be8,for the glory of the dotcom empire,0
7818,cegodoo,other discussions,0
7819,87859x,the us airline pilots trained to shoot hijackers,1
7820,6ihzf6,the pt extinction event mya,0
7821,crizl2,these crazy set of eyes i saw at bed bath beyond,0
7822,ce6op97,he is welcome here,0
7823,crifael,imgur,0
7824,8tp4c0,why is she looking at me,0
7825,za3uk,clint eastwood delivers a speech to a chair at the republican national convention,1
7826,c8vtxd,a graphic card,0
7827,36xlrc,pirates possibly victimized by autocorrect donuts are involved,1
7828,avldnd,the hook labels in this changing room,1
7829,cor9f70,httpiimgurcombxutmcrjpg,0
7830,cgo13ed,pea shooter,0
7831,1fth43,usain bolt loses his first race since,1
7832,dg7rqc,paralympian glues himself to the top of british airways jet as extinction rebellion invades london city airport,1
7833,8kf955,bill gates describes interesting encounters with trump,1
7834,cq696kc,ill rein her in,0
7835,bogd4p,this unhappy double yellow line,1
7836,djt504g,against the wind,0
7837,9epid5,key with holes and lines thats basically impossible to make copies of,1
7838,3w7xcd,germany announces formation of fourth reich,0
7839,cnsty10,happy seal no no no no no,0
7840,282xie,my dad had a little too much fun on his motorbike,1
7841,dehwk6,rain extinguishes bolivias devastating wildfires,1
7842,cmxawm0,he fits right in,0
7843,b0t6v7,this plastic tag to hang the package of earbuds in the store,1
7844,dhrrwi,my ride share had astroturf on the floor,1
7845,1fdjeg,this adorable dog,1
7846,3n2ybp,jud mcmillian indiana politician blames canada for phone scandal,1
7847,951lgm,you wont believe how many eagles fans attended practice sunday night,0
7848,5azovt,thomas edison is excited to share his phonograph with the world,0
7849,6sty4h,army moves troops of suknabased corps to indiachina border,1
7850,6wbusf,how chinas ugliest girl group reclaimed a taunt that brought them fame,1
7851,2duqc6,overly sized chair for my toasted father,1
7852,46igxz,big vacuums could combat hairy panic in australia city,1
7853,2oi078,dozens of strangers began to shower her with kindness and cash as part of project christmas,1
7854,av2m4l,this picture of my drone made under low light conditions came out looking like a painting,1
7855,bm099u,rick astley on the iron throne,1
7856,c6g5lhr,skyscrapergarage nsfw,0
7857,dhrn1a,gas pump computer crashed,1
7858,bkfr0h,tangerine darlings down the hatch,0
7859,bmm8du,abu dhabi airport,0
7860,3ndmwj,judge rules that birmingham police violated the constitutional rights of students by using excessive force for minor discipline problems such as backtalking and challenging authority,1
7861,393gf4,saw some people online painting pokemon on the selection of chief district judges statistical anomaly making the bed,0
7862,c75pllw,uns uns uns,0
7863,cm92byk,coming soon to xbox one,0
7864,4diox6,utah bomb squad called to suspicious device that turned out to be sex toy,1
7865,ceukxzo,other discussions,0
7866,ca5det,this huge garlic clove,1
7867,dbe6ur,found a small crab in a cooked mussel i almost lost my appetite,1
7868,8h0b3u,we love you thank you jonathan starwarse,0
7869,2bf0xb,i know its been done before but drunken octopus still cracks me up,0
7870,daa410,this roller has rust marks that bring it to life,1
7871,cbefimk,bring it in bro,0
7872,cwxu82,this enemy from the old nintendo game earthbound looks like the y u no guy,1
7873,clngmzq,little fett on geonosis,0
7874,dcyt61,this is my main project in my ecology class this is what a bunch of differently dyed protozoa look like,1
7875,cnbmmj,there are two pieces of rusting rails lying in the middle of an operating train line,1
7876,605ypg,us china soften tone say to work together on north korea,1
7877,3d65o8,brooklyn law school to give unemployed grads money back,1
7878,1pyi5o,old lady holding cheese,1
7879,db9h86,this spider web design in a watering can,1
7880,4o2uhe,who is abu bakr albaghdadi isis leader dead in usled air strike,1
7881,c4m34k,onyx soulcrusher dogma,0
7882,dcm8ra,sunset on cherry blossom tree,1
7883,64qrfj,content but cross eyed,0
7884,c993ui8,come here barrack,0
7885,d1zo66h,naturel born killers,0
7886,b94ov3,the button of my febreze bottle came off after it fell,1
7887,dunxdzo,he got lucky at the mystery box,0
7888,cudiw9,this poor sloth is stuck in a table,0
7889,bvgses,heres a used cymbal but the logo has worn off except for the b in the logo,1
7890,cpw4f2,this rollercoaster in tayto park ireland has a box of shattered phones that fell out of peoples pockets,1
7891,bva7c3,george washington right before declaring the country will have states and taking the first knee,0
7892,ck6gtn5,ashley cole is spiderman,0
7893,czbqgk4,im new to this,0
7894,6gqcvz,don lemon holds up nword sign for no apparent reason,0
7895,76yxx2,teen auctions her virginity for an iphone but is victim of brutal prank,0
7896,2f8gqc,firefighters save mountain lion cubs,1
7897,243mpf,catwalk at a fashion show,0
7898,c7u9d73,fun for the whole family,0
7899,cyv5j32,happy now nsfw,0
7900,cuxgsu,wright state celebrates a year tradition of maintaining roan mountain trails,1
7901,6jvrbq,scooby thats not where you do that,0
7902,9hj823,trump admin moves m from cancer research hivaids and other programs to cover custody of immigrant children costs,1
7903,ayqznl,john lennon writing imagine in bathroom of his new york apartment,0
7904,27khe8,olympic diver,1
7905,cfcjpsd,the great cat general of hannibals army,0
7906,8kwwyu,burnt tree stump looks like duck head,0
7907,blvzbl,the difference of upkeep for this duplex,1
7908,bct1p1,this small leaf impression on the sidewalk got me thinking,1
7909,6tihxp,four gentelmen on the beach,1
7910,7rvjv3,why this man who barged in on his cheating wife could go to jail for years,1
7911,bzpoex,the bypassers every day is monday,0
7912,cmeedz1,shes not texting back,0
7913,cp1lxcy,the lizard and the nine muses by raphael,0
7914,1zeyfw,this paralyzed dog was left to die on the streets in mexico now hes someones kid in la,1
7915,1x1e1b,city patches th pothole,1
7916,3qur5r,as heroin use by whites soars parents urge gentler drug war,1
7917,bvqmuu,this restaurant i went to had different types of soaps,1
7918,ddzqfo,why were men killed ussr,0
7919,2zntvn,sleeping czech tourist survives polar bear attack on remote arctic island,1
7920,cw0eyq,booklet from found in an abandoned asylum in southern germany,1
7921,4fiuu5,woman reacts to meeting donald trump,1
7922,c6e1ifk,starring with john travolta on the cover of a s porn gay magazine,0
7923,djwnt41,now young skywalkeryou will die,0
7924,dzycjfc,will you marry meawwww,0
7925,cbyrkdv,the signal,0
7926,9j7yqr,this blank side on my vinyl record,1
7927,az67nx,this water glass is happy to see me,1
7928,c69xa3o,too late,0
7929,ckeycjg,friends at last,0
7930,csl3hoj,its the name of the game with game of thrones,0
7931,capjdod,other discussions,0
7932,ceq5kpb,theres nowhere safe to fap anymore,0
7933,6gvzgu,folsom lake nearing maximum capacity after a long drought in california,1
7934,clchq5o,cutouts,0
7935,25idpv,ahhhh hands up,0
7936,bvdv9m,former us secretary of state hillary rodham clinton to keynote fireeye cyber defense summit,1
7937,6yfjcv,businesses donate over million to harvey relief efforts,1
7938,cc5bjkk,i think miley found the snitch,0
7939,cfwt1om,simon needed a lift,0
7940,4lp60c,people snapped up homes in just hours in this city,0
7941,9erjty,whos legs are whos x post from rfunny,0
7942,85wxsq,fox news contributor quits slams network as machine for trump,1
7943,29qq59,woman taking a selfie from afar,1
7944,1ph9hr,deputies drunken century man arrested for battery on girlfriend offers obama excuse,1
7945,cm5823b,s godzillastyle eagle,0
7946,7l19sq,little girl asks is santa real after disappointing grotto visit,1
7947,d9c4r5,a italian antitank soldier in sicily,0
7948,cltg84h,lincoln rock,0
7949,347mw0,nigerias army has rescued nearly women and girls from a boko haram stronghold,1
7950,8zj5y3,undercover agent spying on the americans in the iraq war,0
7951,d05osq4,wut,0
7952,dmrb5t3,prototype,0
7953,cbhquo9,other discussions,0
7954,curtgng,high priority police operation,0
7955,64iod5,when did people start questioning the shape of the terrorist attack in egypt its time to develop,0
7956,6nok73,almost bikini bottom surfin with the hoff,0
7957,9bzj8e,this frog i saw trying to blend in with concrete,1
7958,6hasxd,congressman steve scalise among five others wounded in shooting at baseball field,1
7959,dbkx3bk,cadillacs new car ornament for,0
7960,ayd8fv,my stop shop uses wal mart carts,1
7961,2t1en7,a fox that was looking for food in the shallow water writes photographer mattias bergman,1
7962,7wf96j,yo selfless boy from bristol cares for dad with mental health issues while coping school,1
7963,2sorlq,vegas suburbia contrast by alex maclean x,1
7964,2wbv2x,mechanical creation come to life found it at work,0
7965,5lhd69,student with down syndrome achieves dream to be a cheerleader,1
7966,c929r39,awwwthey have the same toy,0
7967,898er7,the city of rome in ruins after barbarian invasions ca th century,0
7968,c5n9cv,this carafe is full of air bubbles on the bottom but only in half of it,1
7969,713ufx,trump at un we will destroy north korea if necessary,1
7970,ci7ttjr,it was bothering me now he just looks indian,0
7971,7ajh1u,pink floyd concert colourized,0
7972,bnb0u9,tree growing on top of old maple stump,1
7973,3efixg,huge step forward with devil cancer vaccine,1
7974,ekfyk03,wheres mike,0
7975,5ngkgl,baby overlooking machu picchu,1
7976,6n9c5p,hamilton county sheriffs office names fiona the hippo honorary deputy sheriff,1
7977,bwvs07,this baby smiling next to a dog,1
7978,cvgy9y,brazil and france start world war iii,0
7979,ew2jkj4,happy times,0
7980,d1ja59w,fantastic baby,0
7981,cn4kogn,keeper of ferguson,0
7982,608z9s,michael jackson meeting keiko the orca whale from free willy in,0
7983,bjj5ft,some baby carrots in my bag this morning,1
7984,cihioxa,cutouts,0
7985,15dcu6,excited ashtray,0
7986,bado9g,this list that fell out of a book while i was shelving at work tonight,1
7987,egronau,im freeee,0
7988,4n5zak,us scientist accidentally proves terrifying yearold theory about electric eels,0
7989,ce1mpn3,other discussions,0
7990,5cf49v,cassinis highestresolution photo of saturns moon enceladus,0
7991,co8qsm,frog prints on the window,1
7992,cuh6np2,giant cat in the box,0
7993,cn5i3cz,jumping out of the sea on christmas day,0
7994,5p809m,what we can learn about graciousness from jenna and barbara bush in their letter to sasha and malia obama the bush sisters show us how to transcend partisanship and disdainand instead offer kindness and courtesy,1
7995,88lacx,lillehedenhalt the last word of the summer has been said,0
7996,62j5cw,girl lying down on a couch,0
7997,ckiynt,jeffrey epstein hoped to seed human race with his dna,1
7998,39jy2f,sunset by venice beach,1
7999,d4tw6qk,breaking up with nigel,0
8000,4rc3ox,a cactus,0
8001,3czcwl,best year of my dreams last night,0
8002,5we6gf,russian team scores own goals in order to meet easier opponent in next round,1
8003,9i1t1t,this tree looks like a dogs head,1
8004,c8897zk,stoked on liberty,0
8005,5qsj2t,karoly ferenc szabo distortions and half truths,0
8006,b9egzp,a straight banana,1
8007,c09cqm,the signs on this truck that tell you the correct way to pass it,1
8008,74msc3,kitchen smoke alarm has resting check my battery face,0
8009,2gkoiy,angry baby on a swing,1
8010,cn7rzgj,its ok she covered it,0
8011,c7dzjwd,wat,0
8012,5j7g7b,hmb while i do a flip in the head with a brick,0
8013,cciqxgi,bulls head,0
8014,dmdfwgl,it gets dark real quick after that,0
8015,1mutu6,please dont throw me away,0
8016,coo3afv,hi im mr meseeks look at me,0
8017,7lryys,japanese train look at me,0
8018,3c6h43,my mom had a visitor at work this morning,0
8019,3vrrfe,starbucks employee bends over backwards to help you find the girls costumes you wont believe what happens next,0
8020,dpe5aj5,i was trying something else but i hilariously messed up and then decided to finish my mistake,0
8021,2gevg9,creepy face in the cliff,0
8022,crifytx,like a bird leaving a nest for the first time,0
8023,76lznh,puerto ricans drink from hazardouswaste site,1
8024,54sztz,falconssaints reportedly drew a recordlow monday night football rating,0
8025,c6whx7y,obama on another vacation,0
8026,cesqa6k,first post on this sub spent about minutes on this most of which trying to find the warp tool,0
8027,d5sic3,these came from different cases and they have slightly different colouring,1
8028,223536,lego the building blocks of satan warns priest citing nz study,1
8029,bea9kk,happy blah blah day everyone,1
8030,b5itjz,music labels sue charter complain that high internet speeds fuel piracy,1
8031,92n8hx,burn victim shows off their legs,0
8032,auuhdo,these two trees that share a branch,1
8033,4wrltj,the mayor of northampton uk and his guide dog,1
8034,dfk945,a client gave me another super rare candy bar,1
8035,cl22f7,my garlic is scared of being cut,1
8036,9il7x2,global health latent tuberculosis its not that common experts find,1
8037,csya2y1,something something darkside,0
8038,2qakwt,this dog upset about working on christmas eve,1
8039,2hzyg7,my cat daisy,1
8040,809ppm,in sentence elon musk shares his single best piece of business and personal advice,0
8041,btylmj,this bird poo looks like a bird,1
8042,2uvnq7,argentinas president mocks chinese accents during visit to china,1
8043,3zjxcn,amazon customer complains finds spiteful inch dildo in his shopping basket,1
8044,c2rm8w,most gop voters admit they are embarrassed and concerned about things trump says,1
8045,c218d7,this stain on a trash can looks like a bird drinking from a puddle,1
8046,atm9r7,another one of my favorites,1
8047,7v7gxk,battle marriage at a landfill on behalf of previous winner injailoutsoon,1
8048,90ybiq,lake ontop of a cliff,0
8049,8insz1,s y n t h drive,0
8050,c92icx1,steves no fun since he became born again,0
8051,chg1e8o,background is a german town in wwii,0
8052,csmeyb1,move along nothing to see here,0
8053,6huyhw,sen harris questioning ag sessions at the senate intelligence committee hearing,0
8054,1xj6ix,serious and firm stance of the kings by andreas achenbach german revolution of caricature,0
8055,4ttf76,world champion synchronized swimmer in midair,1
8056,cvlxthe,available here,0
8057,d65iia,same flavor different tops,1
8058,8499s9,satisfactory progress deep end,0
8059,5bj4o9,squirrel sprinting through the green bay packers endzone,1
8060,cildd5b,yet somehow managed to keep her arms clean,0
8061,7g1i5b,senators consider automatic tax hikes if revenue falls short,1
8062,2haz2y,white evangelicals think theyre discriminated against more than blacks jews and muslims,1
8063,16074b,doing my engineering coursework when suddenly,0
8064,chyckle,cutouts,0
8065,2flxry,does wearing a bra cause cancer new study says no,1
8066,649rgt,united kingdom fully supports us air strike in syria,1
8067,4o6sni,help my friend broke the wall in my apartment how do i fix it without letting my landlord know,0
8068,5mvay3,navy trump planning biggest fleet expansion since cold war,1
8069,2nwoiy,this dude kept me nice and warm,0
8070,dizg8l,this sorry excuse for a crossword,1
8071,beurtj,broward county fl sheriffs office beating high school students,1
8072,3uay71,will smith says there might be a future for him in politics,1
8073,45d7u9,rubio cracks tooth on candy bar,1
8074,blkou9,the first shirt i got when moving to australia years of wearing and washing,1
8075,cvuzumv,rob ford fall from grace,0
8076,cg8683,got these when i withdrew some money from the bank,1
8077,dnt6ijh,wilson mother are impressed,0
8078,4yo5m6,police fugitive disguises himself as elderly man,1
8079,8w5lzt,bernie sanders calls to abolish immigration system restructure ice,1
8080,ce0giup,naughtypres verification,0
8081,2rut3k,woman allows thousands of bedbugs to bite her for five years,1
8082,dprj2je,the reoccurring nightmare,0
8083,9eq0h7,even when angled differently the people have decided,1
8084,bef8k3,this dirt stain of edgar allen poe peaking out at work,0
8085,c8yxx0n,cant a bear have any privacy these days,0
8086,be3hrs,nintendo switch joycon grip has tiny mirrors to reflect the player identification lights from the joycon,1
8087,6puhxb,bolivias president declares total independence from world bank and imf,1
8088,36he0i,dinant belgium,1
8089,d6ky8em,red hot firemen,0
8090,cyj68x6,dick butt and his trusty sidekick dirty harry bush,0
8091,1p4y2m,a pilatus pc jet taking off from a dirt strip,1
8092,98o5ev,the berlin wall being taken down circa,0
8093,8xw5w2,good times tomorrow by sisters,0
8094,9bjybs,a pencil sharpener that attaches to a drill,1
8095,6mqwyo,autistic yearold helps sick children by donating thousands of crayons and colouring books he spent nearly a year collecting toys gift cards and colouring materials for children with cancer,1
8096,no033,woooaah dude the trees are melting,0
8097,cbazbh7,not gonna say it,0
8098,9217i3,egyptian zoo paints donkey to look like zebra,1
8099,1d87e8,office of antigay bill sponsor reportedly argues that gay people can just grow their own food if stores wont serve them,1
8100,9aety9,a baby ocelot,1
8101,ax7du6,this conjoined twins banana,1
8102,5t700a,republic of macedonia furious after senior us republican says it is not a country,1
8103,ceztcl4,hamillberg,0
8104,8yu574,violence flares as israel strikes gaza hamas fires rockets,1
8105,34xto8,a harvester gathering crops,0
8106,95vfgp,the legs,0
8107,dht4xl,scarification art upper arm taken with permission,1
8108,28nj0n,tina fey and her daughter,1
8109,cngh2me,soon at your local movie theatre,0
8110,9e68x5,this claw machine at a bar i djd at last night nsfw,1
8111,dr6lapd,warrior,0
8112,bk549n,trump potato chips,1
8113,dga92w,this mischievous catch pan,0
8114,5q7av7,at least somebodys happy to be in school,0
8115,54yy0o,gerry adams tells dail his teddy bears are virgins in bizarre water debate,1
8116,1krmt6,paramedic has heart attack while giving cpr to man having heart attack,1
8117,89ff31,tired of begging teacher rebellion shuts down oklahoma kentucky schools,1
8118,c82i2lp,nolegged kitty has to find other ways to get around,0
8119,9bf8mk,actually got a full bag of cheezits in this double bag,1
8120,5xrtft,a horse covering a goat from snow,1
8121,32w2sr,an gorta mor britains genocide by starvation irelands holocaust modern irish famine mural in belfast,0
8122,cfs7srb,kind of a weak ad campaign,0
8123,ceyet3e,other discussions,0
8124,ccfhsrw,a suggestion,0
8125,c5rj9lz,we come in peace,0
8126,cd0il2p,obvious,0
8127,da99cz,assassination of leon trotsky in mexico colourized,0
8128,3jarwe,sunset in prague,1
8129,z0o5o,carlisle pastor surprises movie patrons community with thousands in gift cards wpmt,1
8130,70wndh,ana carrasco becomes first woman to win solo championship motorcycle race,1
8131,6mkcoq,donald trump jr reportedly told in email of russian government efforts to help campaign,1
8132,avrzig,virginia first lady pam northam apologizes for giving cotton to black students,1
8133,1aohro,skating downhill,1
8134,10aqfc,if your nipples arent at least cm apart and if your eyes are too close together dont bother entering chinese beauty contest,1
8135,bxw4rd,one of my bottles of club soda is kosher and one is not,1
8136,9jaczh,nepal chooses kindness ending the worlds largest animal sacrifice event,1
8137,96dgmu,some speakers with a happy meal,0
8138,ctmdny,this display of fine italian briefcases,0
8139,d8ovvbo,mother ducker,0
8140,2yiude,shark chokes on moose rescued by passersby,1
8141,9bsmtg,joseph stalin and adolf hitler discussing how to divide poland after invading it,0
8142,baz3p8,girl crossing the road,1
8143,722aut,evil garbage truck,0
8144,ba180b,this vine looks like a tree,1
8145,7gjdlt,facebook pledges m annual match for disaster aid donations,1
8146,52ve61,man dies of cancer mins after final wish of meeting man united players,1
8147,duvaxff,nightmare time,0
8148,bgsigl,judge set to block trump title x abortion restrictions,1
8149,cjtz10,found this cigarette lighter in my house which has a little dice in it,1
8150,5tx7hh,how to fix amoled burn in on android displays,0
8151,csyabma,tis a fine catch,0
8152,ci46utm,taking off,0
8153,zpvnf,this batch of cookies had a lot of feelings,0
8154,co9464,driver stops train demands racist passenger get off,1
8155,d4kngl,this hallway to the toilets,1
8156,11agsd,terrified girl running for her life from an emu,1
8157,cevr55p,tiny terminator,0
8158,dhzknpc,hobo cat begging for cheeseburger,0
8159,c0nhd6,the place im working has a clear stapler,1
8160,b5gxdc,these walls in the bathroom of a restaurant,1
8161,cmqoov5,here comes the booty monster,0
8162,2bbr8h,japanese boat lost in tsunami washed ashore in california two years later sparked touching international relationship between high schools,1
8163,ch6qksk,tickle tickle,0
8164,bcr8r0,this tree has slowly absorbed the barbed wire and grown through it,1
8165,cidg96v,thriller,0
8166,cgsycxw,obligatory,0
8167,1j20y2,pakistans top tv cleric gives babies away in hit ramadan show,1
8168,azsp27,its never too late to exercise new study of over individuals found that becoming physically active later in adulthood years of age provide comparable health benefits being active throughout life time,1
8169,cb3v4u9,buu is winner,0
8170,cyo391,gps image captured a plane,1
8171,cbxku8b,hold me,0
8172,c1dadl,just a sidewalk sign,1
8173,cki4e0,participation trophy wife experiment,0
8174,8v1ord,new up and coming rockstar practices before the big show,0
8175,dhkzmia,this guys face,0
8176,68aoel,hamilton retiree uses electric fence to jumpstart heart,1
8177,6gdi4r,eagles adopt baby redtailed hawk putting aside violent species rivalry,1
8178,qoss6,upside down pan is not happy,0
8179,bckkcg,cool building,0
8180,31wfxz,footballer tyrone mings wipes mums debts away,1
8181,d7vqpsd,jazzed it up a little,0
8182,d1e7lam,police carries a police,0
8183,ccokeh3,i almost feel bad for the dog,0
8184,1t0ve3,severed hand kept alive on mans ankle,1
8185,51dgqj,help me obiwan kenobi youre my only hope,0
8186,9jsvrt,this boulder sink,1
8187,5pzsgu,wrestlemania knows no limits,0
8188,d3z23rw,courage the not so cowardly dog,0
8189,3qx7hn,wheelchairbound kid gets halloween costume built to trickortreat as favorite local newscaster gets to meet hero and go on tv,1
8190,23jjzm,angry cup tray is angry,0
8191,162n7q,siberian truck shop,1
8192,9ak5hf,mgmt little dark age,0
8193,bgfa49,i found the origin of the smiling kid meme at a flea market,1
8194,ccrkt1i,uhoh,0
8195,3c9oe6,cover your hair for safety your russian sister does,0
8196,8jff2n,rac the one two three fours,0
8197,2aq47d,like dude im totally baked,0
8198,d1d3gsp,mad max elmo,0
8199,bvbno1,a squirrel holding a packet of mayonnaise,1
8200,d472kt,i took a picture of an albino fly,1
8201,5fb6da,donald trump says he won popular vote if millions who voted illegally discounted,1
8202,106x92,kid screaming and a strangelypositioned dog,1
8203,904ywa,zhou zong li fang wen yin du primeminister zhou visits india,0
8204,7znct8,flamin hot cheetosinspired movie in works from fox searchlight devon franklin exclusive,1
8205,8oq5nt,this happy little lump on the bridge,0
8206,d7skjh5,night owl buddies,0
8207,2rumxi,wizard doing experiments for a college class,1
8208,9yb65v,degrees,0
8209,c2hnvt,soviet anti us cold war,0
8210,9js9ef,jeff flake learns steve carell is leaving the office circa,0
8211,ccfx0df,heres a shitty template version for convience,0
8212,c6xq9ff,deadly,0
8213,evrrs2t,meowssion impossible,0
8214,6bygtf,mr snek the snoot boopers cuddle rope,0
8215,celba46,adjusted the arm a bit that it doesnt look like hes taking the money,0
8216,81kwid,users in rfakehistoryporn panning for pictures of their fathers in vietnam,0
8217,42lrla,bartons fracture death the bullet,0
8218,dp8w4zy,kermit was finally arrested for his crimes,0
8219,bxvemx,sound waves from another dimension,0
8220,7b0j19,man sends prostitutes to neighbors home for years while watching masturbating sentenced to jail,1
8221,auuir4,a big vegan youtuber is leaving veganism after he broke down and ate raw eggs after a day water fast,1
8222,cwj80cl,jurassic world,0
8223,8jj8h6,formula interleukin were all going to die,0
8224,cfwylwg,voyager,0
8225,1hej2r,disneyland parade derp,1
8226,2xpjm3,ministry of health evacuation scheme poster from england during the blitz c,0
8227,4pyorn,girl on a pool riding a gigant pizza,1
8228,7x6n16,trump accepting gop nomination circa,0
8229,cj2y72i,cutouts,0
8230,czkvelc,raja naba doa gola wookie nipple pinchy,0
8231,blreeq,my colleague repurposed his selfie stick,1
8232,6ykbc7,wwii antiaircraft artillery used during the by the united kingdom during the blitz,0
8233,3q98qg,stortford woman appalled by cemetery letter to her father who died in,1
8234,4d5jge,not only did they lose but the court found a koi pond and japanese maples and a small thrift store and asked to explain why trump is going to hell,0
8235,8iv0rh,this heater,0
8236,digyy52,bronson is the man,0
8237,525ukm,why judgy parents are the worst,0
8238,7bj8mi,king george iii and president george washington discuss the future between the united states and england,0
8239,cpxqwef,sneaky,0
8240,6748l6,a demonstrant is holdimg a sign that can be easily misinterpreted,1
8241,cxj1035,lamprey surprise,0
8242,6x2zku,coach if i miss one practice today nothing will happen to me right yes nothing will happen to you no victories no awards no glory nothing will happen to you ussr s,0
8243,6hn3x8,dj underground abduction,0
8244,d0a34la,jurassic p,0
8245,chms5ve,imaginatiiioooon,0
8246,5ma3u0,a large explosion in a vast metropolis on an overcast day,0
8247,4dli0c,mans carers go to pay for meal at restaurant and realise its already been taken care of,1
8248,cmvw90,the back of this rusty truck looks like cave paintings,1
8249,dedjqsx,two dudes going about their normal lives,0
8250,cglo0gh,cutouts,0
8251,ci81fc5,feels so good,0
8252,d7d24tj,first attempt at colourising a photo,0
8253,ci7vhfn,your dad looking badass,0
8254,c6mrnmm,eeeeeeeeh macarena,0
8255,d1jut1g,trump at a baby rally,0
8256,c8j2c2,found a three leaf tree helicopter,1
8257,5zkc0w,republicans in congress join fight against global warming,1
8258,btrab3,kit and emilias reaction at the annual memorial day from ryan,0
8259,9h9h6v,beta fish reflecting on to wall,1
8260,9k7ldd,this sea turtle looks like its wearing sunglasses,1
8261,8j8wf9,this venezuelan politician at a political meeting,1
8262,b0oot6,wind is so strong only one side of these trees got wet,1
8263,7fvfdn,fall sunset,0
8264,co6veo,conservative driveway,1
8265,3g53wn,russian communist party launches lenin selfie project,1
8266,brfnr7,kurdistan regions peshmerga hospital funded by germany officially opens,1
8267,1erced,i see your tall one and submit big ugly the cactus not the girl,1
8268,1h9vun,eternal flame for jfk goes out after four days,1
8269,8vtf6z,these kangaroos in snow,1
8270,dhz5mx2,go for gold pup,0
8271,590b6h,mariano rajoy set to lead spain as months of deadlock come to an end,1
8272,cdb86zy,wow doge so ghost,0
8273,8o6tm4,song deemed good enough to put girlfriend on shoulders,0
8274,cuph2i,the uk leaving the european union circa st,0
8275,9j2mcz,sport means life militarism means death social democratic workers party the netherlands,0
8276,2kj9el,this cat and the remains of her kill,1
8277,clum4h,this origami made of fabric backed plywood,0
8278,7mlvnm,close up of a barbed wire fence,0
8279,5a8oxu,elderly man healed by unexpected bond with young girl,1
8280,c90h3a4,this is a boring place,0
8281,66ltoi,what country spends the most and least on health care per person,1
8282,bf8dex,my left banana is staring at me,1
8283,2v04j8,guy with serious face hover handing two pretty ladies,1
8284,9twx99,this cat sitting infront of a board game,1
8285,cjnx5d3,oppopp,0
8286,c9g8khj,its a secret to everybody,0
8287,c808gt4,slight correction,0
8288,cicyva2,dude put on some cleats,0
8289,ctmut26,cups just became a whole lot easier to perform,0
8290,cabh9k,this bed extension my father in law made the second time i visited,1
8291,b7r5ov,the chimney on the house opposite mine always looked like a knight to me and i finally remembered to share it,1
8292,88kwm9,company that just raised prices by is now offering discounts to preferred customers for the low cost of per month,0
8293,71fmlu,brutality chivalry aint dead,0
8294,2p8uwe,my cousin running his m sprint,1
8295,d54hw2h,hedgehogs phorever,0
8296,brbefn,homeless high school student becomes valedictorian gets college scholarships worth more than million,1
8297,7m4p9v,topless femen activist tries to snatch jesus statue from vatican crib,1
8298,ba5dao,my scissors look like a pterodactyl,1
8299,7iiunn,a black swan took a stroll through my yard today,0
8300,7bxae0,the year is and robots have become sentient overcoming our toughest defenses there is no hope for humanity,0
8301,dfzaql,this hyundai sonata has police scanners on it,1
8302,ddlz6j5,what do you forgot in our district,0
8303,378hbg,guy with huge soul patch,0
8304,94pp0p,first japanese jet,0
8305,1acl1i,my car cant believe it,0
8306,103wrl,my mop head was offended when i went to replace it,0
8307,8dn1js,the desegregation of central high school in little rock arkansas,0
8308,botj24,this starship enterprise for sale,1
8309,cda8gf6,billy like a pinata is full of surprises,0
8310,cyg1q73,shh bby is ok,0
8311,desk1e,two headed dog,0
8312,d073g7x,make sure its clean,0
8313,81u6qu,theodore roosevelt explaining big stick diplomacy to his cabinet,0
8314,cm41wq8,cutouts,0
8315,332eai,orphan who couldnt find a family is adopted by caseworker,1
8316,8pat3c,mick mulvaney fires all members of consumer watchdogs advisory board,1
8317,bk1gxl,paramount unveils their lastminute redesign of sonic the hedgehog for the movie adaptation of sonic the hedgehog,0
8318,avfaii,four big takeaways from michael cohens explosive testimony,0
8319,3sybvb,cookie monster chasing cookie,1
8320,2ihgbe,this dude was getting a little too chummy with my date,0
8321,c7pdnyp,what really happened on st or how top gear saved the world,0
8322,cv6qrt,this common marmoset mid jump,1
8323,4e5f85,plitvice lakes croatia,1
8324,3bga0w,gorilla skull,0
8325,crvml69,barack jong un,0
8326,1rs2q6,the swedish king and queen,1
8327,85l8e3,it is hard to understand why investors are suing credit suisse its ceo says,1
8328,cdjowf,my ballpoint pen is also a highlighter,1
8329,ddotfbf,mutation,0
8330,6v0k9x,my milk was happy tonight,0
8331,bvei84,my local wendys displays opening times until o clock,1
8332,ccw5sfk,mustobey,0
8333,av5aqw,this mans haircut,1
8334,c6oy797,now they have to use the sears catalog,0
8335,6l5vtx,this highly decorated boy scout,1
8336,3x0fbe,flag and banner of the anarchocommunist ukrainian free territory death to those who stand in the way of the working people,0
8337,3gcloj,donald finnemore france,0
8338,2a25l7,driver arrested after refusing to give breath test because shes too busy drinking,1
8339,2f4tka,this pug on a cushion,1
8340,56tk8t,is there a crystal pyramid below the breamuda triangle,0
8341,1a8wzt,every time i take my pocket knife out its just thrilled to see daylight,0
8342,dl4lkl,all pinks from a mixed bag of candy,1
8343,cnbxml,sad clown,0
8344,4xecow,una storia italiana an italian story a booklet of pages berlusconi sent to every italian family,0
8345,chkn8cj,had to be done,0
8346,cot5fkw,and just like that there was world peace,0
8347,da9dblx,smores bitch,0
8348,8btitv,in millennials dont know million jews were killed in holocaust study shows,1
8349,2trqzf,nakin tangerine x,0
8350,2q2dim,yawning dalai lama,1
8351,dhw9qf,this movie for the psp,1
8352,e44puo0,business meeting,0
8353,4y7fjb,chase utley just hit his nd curtain call of the sunsfan fan man at ti,0
8354,bxjev0,new polls biden tops trump in michigan edges ahead in texas,1
8355,3pc81c,turtle insists on a longboard,0
8356,ciiny5d,cutouts,0
8357,7mf27g,let chinesesoviet friendship live forever date unknown,0
8358,8u9pj3,interracial couple spotted in alabama circa,0
8359,1ujcz6,venezuela president holding invisible flag,1
8360,2412g6,sushi,0
8361,84n58q,jimi hendrix performing at woodstock,0
8362,dzygn7g,kayan kitty,0
8363,cfky4g,how could we forget korean war why would we deceived by false peace south korea,0
8364,5k5sse,freed chibok girls reunited with their families for christmas,1
8365,d27dvj,this partially changed leaf i found outside of work this morning,1
8366,98ki79,johning my last,0
8367,ciea6qc,he should have left his shirt on,0
8368,48xwi5,donald trump stares forlornly at tiny aged penis in mirror before putting on clothes beginning day,0
8369,celi614,opera house,0
8370,cillyxj,cutouts,0
8371,cbc86w4,next time on,0
8372,cj3l7m,these elephant chairs the libary got as a gift,1
8373,52hihr,worlds first nanofish could be used as guided drug missiles,1
8374,9ej20h,swedens ruling party hits election low as far right grows,1
8375,asslmp,hmmm,0
8376,cknuci0,never know what youre gonna get,0
8377,cb2yji,you can play pong on the loading screen of this minecraft modpack ozone,1
8378,75c5fh,demon trains,0
8379,c89lrlp,several species of small furry animals gathered together grooving to pink floyd,0
8380,6qrsza,man has intriguing theory for why trump tweets certain words in quotes,0
8381,cy8y72k,bless you,0
8382,b9xeqo,hitlers right hand willem trying to impersonate him colourized,0
8383,1vqg87,dutch speedskater sjinkie knegt showed off his frustration at losing the meter relay to russias victor ahn at the isu european short track speed skating championships,1
8384,bgjqhb,i dyed a cracked egg in just purple and this happened,1
8385,be92s5,minecraft draws ire of chinas porn watchdog,1
8386,cm0qnv6,poppin and lockin,0
8387,6p5h66,this wasp nest,1
8388,3gwqqg,supermarket offers free fruit for kids,1
8389,6cbfpv,playing out on the icy deck,0
8390,4ux1ni,namibia desert,1
8391,dgw9lz,an office workers war creed heppenstal co steel forgings artist tom hall,0
8392,de3o6f,my sisters earrings,1
8393,cuhy05a,bad kitty dont scratch that,0
8394,dc6tm1,west japan prefecture to relax waste water controls as sea too clean for fish,1
8395,1e9ury,firework monster,0
8396,4aa2qr,homeless man w bagel,1
8397,4srv2k,lofoten islands norway,1
8398,4zu2on,bearded little mermaid,1
8399,6crqvn,i dont like the smug creepy look on this cloths face,0
8400,64mukv,kitschy easter decorations in bucharest romania,1
8401,1el4a9,prolife activists threaten to slit throat of td irish parliamentarian,1
8402,80jx5k,a young priest throws a snow ball during a heavy snowfall in saint peters square at the vatican,1
8403,c8zyo6d,you were right you were right about me,0
8404,c1k2fw,a happy robert downey jr,1
8405,ewuzer2,whistlers bitch,0
8406,3d9j2y,an asian elephant swims a meters long pool at fuji safari park in susono at the foot of mt fuji,1
8407,v5upx,unicornman crosspost from rpics,1
8408,9ixctj,lens flare looks a little bit like rainbows in my autumn garden,1
8409,51pvoa,one of thousands of refugees in europe,0
8410,cvbgyyj,native american traveler,0
8411,dmf8e0k,ohh dear what have we done,0
8412,c8rbobl,sure,0
8413,atc8di,very tasty meal,1
8414,9jh527,a soldiers name on this wwi memorial is math l english,1
8415,6i4khw,a picasso installation,0
8416,cdgdsgn,this,0
8417,cvd54hu,looks familiar,0
8418,82x162,dandelion being blown away,0
8419,2cpspq,this was probably my favorite legend of korra cosplay from sdcc,0
8420,6ereka,caught a frog in the stairwell,0
8421,37q1wp,anheuserbusch brewery halts beer production to can water for flood victims,1
8422,cvigb2,this hersheys grapefruit and chili flavored chocolate bar,1
8423,41aml4,over turtles rescued from wildlife smugglers in northern india,1
8424,dyd9ry2,i should have read the product description before i placed my order,0
8425,4mjfo4,youll never guess who wrote mcdonalds im lovin it jingle,0
8426,d4mdsb,found a pack of firecrackers and a bag of magazines in my sisters ceiling,1
8427,ase3lg,grand canyon tourists exposed to radiation safety manager says,1
8428,8ff7eq,sam neill on a beach pointing towards the sea,1
8429,5pbz69,the engraversurgency of youth,0
8430,cxpwrqj,here is a direct link to that image for the benefit of mobile users,0
8431,ccfbe4m,naaaaants ingonyamaaaaaa bagithiii babaa,0
8432,1xn6de,baby with cape,1
8433,d98ur2e,birth of mordor,0
8434,c1haiu,the moon at pm in death valley in january,1
8435,cb58ad5,other discussions,0
8436,cwnhs2,why do these little spikes grow on my cucumbers,1
8437,f1f6q21,available here,0
8438,ctao3b,this plant that grew away from my car,1
8439,c67j0un,has science gone too far,0
8440,23rmmu,good guy timeo,1
8441,bbw59d,the underside of my bread has a butthole,1
8442,2xjyas,feet on a cell tower,1
8443,8cg6un,joe biden comforting a visibly nervous mark zuckerberg moments before his senate testimony,0
8444,ckyur9n,cutouts,0
8445,75m7no,aww pretty bearded bagman just wants to be loved,0
8446,atbzen,this tandem icicle,1
8447,9fhlrl,adhd self titled,0
8448,1ljrjj,found this cool cat in my friends dorm room,0
8449,dij52o9,still jumping,0
8450,ce8fs4d,competition was fierce,0
8451,41tke9,smiling great white shark,1
8452,cxamtef,bird theatre,0
8453,952hek,two jumbo jets in miami international airport,1
8454,97arj2,cracking an egg in my morning coffee,0
8455,9cjock,otto von bismarck unifies the german states,0
8456,cm5wm2e,mmm marshmallows,0
8457,18e9us,washington post fooled by fake story of sarah palin joining aljazeera,1
8458,zpfe5,this vintage photo seems appropriate for today,1
8459,bd204c,i found a leaf lilac normaly they are only leaf,1
8460,cdryv03,deal with it,0
8461,bzcbuo,this damaged tree developed a tube with a great view,1
8462,cpz66q4,the goddamn hormones,0
8463,1qv2m9,the chips fell out of this chocolate chip cookie,0
8464,c9623iu,first thing that came to mind,0
8465,20zh8i,pony in the snow,1
8466,cwvq4n,a patient brought a bottle of pills back to the pharmacy for disposal that expired years ago,1
8467,c8cdoc2,and theyre off,0
8468,1kw7u0,juicy j to give k scholarship to best chick that can twerk,1
8469,81zn5g,paul ryan resents humble midwestern stereotype i fcking hate the working class,0
8470,8xqdrf,my new and faster motherboard,0
8471,979ylk,jesus heals a blind boy ad,0
8472,cd1f8tb,my two dads,0
8473,50lpvp,serial phone thief charged with stealing mobile from court,1
8474,cfbsxl,a double kiwi growing naturally,1
8475,85002u,found this at runaway mountain at six flags,0
8476,3fa85x,lead singer of skunk anansie skin performing on stage,1
8477,18hb16,sneaky hippo says pssst need a tampon,0
8478,9boabx,happy backseat driver,0
8479,9gw9tg,kendrick lamar to pimp a butterfly,0
8480,5uu3c5,nazi officer beats a member of the italian resistance movement before locking her in her cell to die,0
8481,9fu6c7,this toilet at my university has a backrest,1
8482,cl4n9c,my city has a bike fixing station in the middle of a bike street,1
8483,czbo8a7,jerk,0
8484,892heh,rick perry squatting with cell phone,1
8485,1oqgya,baby turtle in the ocean,1
8486,bxx4w6,the reflection on my car after a good wash,1
8487,2u8nu3,my friends sunburn,1
8488,9fvzdn,this poppy that looks like its made out of crumpled paper,1
8489,cohdv6,the tail of this tiger has been weathered over time by people climbing it,1
8490,bswx8g,the way this plants leaves grow,1
8491,18qcvj,were just happy to be here,0
8492,1gd5ac,albino gorilla,1
8493,cys2pk,oklahoma sooners football defensive coordinator alex grinch jumping for joy,1
8494,46eoh0,a yearold california man built a makeshift wheelchair for his girlfriends dog out of pvc pipes the project cost and saved the family from having to pay for surgery or for a custom wheelchair,1
8495,4hqdfz,bicycle riot police arrest protester,1
8496,c9bx95,this rock that looks like its wearing a bad toupee,1
8497,73g0s4,leaked still for john wick,0
8498,cl7uq32,cutouts,0
8499,57hunu,driver distracted by moose accident hits moose cops,1
8500,6oziih,taking a drink from the waterfall,0
8501,e1xtw5w,fishing buddies,0
8502,6oam4r,a toddlers brain damage has been reversed after near drowning,1
8503,4du1p3,a trip to saudi arabia and a risky operation,1
8504,2sbxx9,police use tear gas on celebration following ohio state national championship win,1
8505,9kaftf,this winking home fry,0
8506,cygfns,shredded tiger doing a pushup,0
8507,arqvo6,california tells trump that lawsuit over border wall is imminent,1
8508,augiqz,this bookstore has a table of mystery books so you can buy yourself a present based on what you like before,1
8509,2whl0k,a kid from my school going tubing,1
8510,6z9ogw,glorious with a heroes is our land govorkov v ussr,0
8511,d7ctkw,lil gnar death note ft lil skies and craig xen,0
8512,chunzb4,run you fools,0
8513,9fr61c,the way the dew blew around in the wind on my car to make this design,1
8514,ckx08nv,cutouts,0
8515,7v05qm,local businessman donates thousands of toy cars to akron childrens hospital,1
8516,36ndk2,hey im a pearson too,0
8517,ck0yxxo,old gregg,0
8518,clafjog,resting with his friend,0
8519,585xoy,law professor rejects accusation that he mailed feces to academics,1
8520,1xzt2m,man with sewing machine,1
8521,6oug4a,yu can nvr escape mr skltl dt dt d,0
8522,cg5rb3,brian marcil negotiate a truce,0
8523,cdr006,two twodollar bills in a tip jar,1
8524,7bqs0s,proudhon opens the first mutual bank,0
8525,4qgc8v,money earned from us sales of mein kampf will now go to holocaust survivors,1
8526,9c0h43,france becomes first country in europe to ban all five pesticides killing bees france will take a radical step towards protecting its dwindling bee population on saturday by becoming the first country in europe to ban all five pesticides researchers believe are killing off the insects,1
8527,6zn3b5,drunk tourist thought to be the first person to survive swim across hoover dam,1
8528,bfd4pv,the restaurant i ate at this morning disabled wifi and cellular service,1
8529,925uz9,my flirty bathroom wall,0
8530,cf1a77m,maybe a little obvious,0
8531,bk2vrr,plate o diarrhea,0
8532,8gkq0s,space jam shit,0
8533,7wqi8u,footage of spacexs falcon heavy payload as it leaves the atmosphere,0
8534,c7kqwz2,space jump,0
8535,6y8vp9,ritratio dell uomo tedesco portrait of the german man alberto martini,0
8536,1z5fh4,paula deen knows how that black football player who just came out feels,1
8537,d0jlef,lets just skip i guess,1
8538,d61glg6,yeah science bitch,0
8539,1ekb7c,a book deal at a stellar career an enviable lifestyle but amy molloy says being a success is lonely and so joyless i wish i was mediocre like my friends,1
8540,cjc8gr,the five year plan this is a practical plan for annihilation cover the magazine bezbozhnikussr,0
8541,58tinh,emmett till memorial sign scarred by bullet holes the yearold black teen was killed in mississippi in for allegedly whistling at a white woman the memorial marks the site where his body was discovered in the tallahatchie river,1
8542,daw5ap,denbigh aunt otavias garden,0
8543,bsv2a9,this mustached fellow watches the neighborhood for us,0
8544,6rfrxb,the cathedral church of st nicholas newcastle england,1
8545,384f4y,cops caught on video accidentally pepperspraying each other as they beat handcuffed man,1
8546,dddi7jg,beware of subtle,0
8547,b55ci5,a bookshelf of all the national geographics dating back to the s looks like a bookshelf with little belongings,0
8548,co58z6,catching a fish from a raft,1
8549,cjix5if,many say the new mcdonnell douglas avc puffin vstol isnt as good as its predecessor but it sure does save on the budget,0
8550,c7dobn,the reinforcement on these identical pieces of duplo lego,1
8551,3jkqd6,mum plans to open no vax childcare,1
8552,b0ooje,scourge upon scourge amid the opioid crisis a different drug comes roaring back deaths caused by meth use have risen fold this decade,1
8553,9eq85j,spirit halloween in babies r us cranberry township pa,1
8554,4sufz6,everything we love to eat is a scam,1
8555,cndvsaw,everything was going so well until i placed the plane onto a ww background the size of a pixel,0
8556,ckf1bh,left my flip flops in my car one of them is fine and one of them shrunk,1
8557,da6ab58,one of these is not like the other,0
8558,8olvtl,cyclops polyphemus as seen by odysseus on his way back to ithaca bc,0
8559,4q5rjv,driver who crashed sues richardson bar for m saying it should have cut off his hour drinking binge,1
8560,qibsy,this was in rfunny but really belongs here,0
8561,cnn5267,maximum rage,0
8562,7lu51l,teenage girls branded by pimps or boyfriends get fresh start at edmonton tattoo studio,1
8563,cg37cq2,other discussions,0
8564,chktjem,whats ace ventura doing there,0
8565,d4uofvu,goldeneyemouth,0
8566,8epvje,man with electric toothbrush acknowledges quarry,1
8567,13lida,castro and brezhnev in cuba,1
8568,chxjrg6,good dog,0
8569,58yyi3,top lowest crowd times of the year at disney world,0
8570,bxntd1,this phallic looking cloud i saw in the sky,1
8571,dhnt7n,andy serkis plays talking anus in fatberg prevention campaign,1
8572,cmd1ms9,our nation shall not be played,0
8573,d32z1kf,king jongun the great eater,0
8574,dhi5yv,a girl with her head stuck,1
8575,1lenzo,my yo grandpas debut novel is being released after being inspired by the edinburgh trams shambles,1
8576,8qmtr2,this militant chicken dissaproves of you,0
8577,clgf4jq,musthaveaaaaaaaiiirrrrrr,0
8578,ct9vi4,cane bay drama teacher meets anonymous kidney donor in high school musical worthy finale,1
8579,8w2u3f,biz gotti qubed,0
8580,caebv1e,i tried,0
8581,dcwdi81,knock first,0
8582,cd6emel,anne geddes weirder years,0
8583,637i03,salem man says he rescued bear cub that was close to death,1
8584,cry2z73,is satan cat totally evil,0
8585,cdg2kj,dainese rider,1
8586,as3n6m,my pop was overfilled in production,1
8587,6o4ids,nobody kill anybody murderfree weekend urged in baltimore,1
8588,2drzkx,please buy me,0
8589,5qnsme,this picture of serena after she beat venus,1
8590,e6q0rjh,oops,0
8591,65i3ju,trump privately signs antiplanned parenthood law,1
8592,3k3qua,voluminous versailles vagina viciously violated again,1
8593,xdx4v,police lose keys to wembley stadium,1
8594,4w3dm1,make art and one integrated part of the revolutionary mechanism use it as a powerful weapon to organize people educate people strike the enemy and eliminate the enemy mao zedong poster from china during the cultural revolution,0
8595,c6w9r8d,i have a poor imagination,0
8596,dijwuc,the ice pack under my sock caused frost to form,1
8597,d4ro2pn,to the rescue,0
8598,c4zvyd,warship musicdaddynodaddy,0
8599,548azf,chloe moretz at brain on fire premiere,1
8600,9h3fb3,a coke coffee drink from japan,1
8601,dwmkcui,jesus take the landing,0
8602,az62v7,cancel daylight saving time,0
8603,d4kpsjf,if i hurry i could finish this and catch seconds,0
8604,ccq96s6,other discussions,0
8605,4c1qh4,local mans drinking problem still successfully disguised as craft beer hobby,0
8606,csgacil,spot the difference,0
8607,25xxuh,waterspout in tampa bay,1
8608,bv7016,old man with dog,1
8609,cta0uy9,sorry,0
8610,ck6j7fb,sound of music,0
8611,cgw9z0,left a candle on the sun last evening,1
8612,48utke,girl marries her catcaller sketch comedy,0
8613,dgin6su,beep beep,0
8614,dih9lye,crysallis,0
8615,crrixet,can you hear someone singing yeah i think its coming from there near those rocks,0
8616,cdyq88y,other discussions,0
8617,1kpjux,man jumps onto car of wifes underwear thief holds on for kilometers,1
8618,1itt1z,george zimmerman emerges from hiding to rescue family from overturned truck,1
8619,c8ztaxs,mr hand face,0
8620,d5rrmwx,hah you looked,0
8621,dczn54,trumps ukraine envoys drafted public statement for ukrainian president to commit to biden probe nyt,1
8622,9jgvz1,german solider blitzing through france,0
8623,1lloys,dog enjoying the outdoors,1
8624,b2cxrv,this spherical avocado,1
8625,dum17se,its a balancing act,0
8626,cd8kh1p,nyan dog,0
8627,7ztfjb,my coffee mug is so sad,0
8628,dfxfgs,this decorative trunk of wood infront of a cafe looks like a sleeping pig,1
8629,7e0txe,this happy bluetooth speaker,0
8630,c9uamn,kadokowa corporation airs the hit crossover anime isekai quartet,0
8631,6vqa6d,these poodles in a waiting room,1
8632,1walo7,smoking just what the doctor ordered,0
8633,bzlfd4,the hotel i stayed at used green bananas for wet floor signs,1
8634,ardi0c,this fancy birdhouse at a local restaurant,1
8635,dbl9sq,my cat matches the floor,1
8636,1clhu7,are you too white rich ablebodied and straight to be feminist,1
8637,drj27oc,thats wall folks,0
8638,3d4m9j,my cousin who lives in ireland stopped two armed robbers his story is epic,1
8639,ciaocot,run while you can,0
8640,390acm,teaching a tiger cub to swim,1
8641,cth50u0,a little present from the old country,0
8642,cn8pyh,mud dauber nest made to camouflage itself with my homes brick pretty close,1
8643,29evni,python used as pool,1
8644,25vyma,justin timberlake flipping of the camera and holding a sign,1
8645,2bzyll,the shop conveyor is always happy to move things,0
8646,71yi97,well finish the fascist beast in its own cave hungary,0
8647,29j5hx,police dog with titanium canines,1
8648,d03a9q2,pervy church,0
8649,c8kegz6,oh yeahthats itthats the spot,0
8650,cedci4x,here comes the spider manand wait whats that below him,0
8651,1q4d0j,cornell accidentally destroyed more than worth of horse semen,1
8652,cnaxm1,europa defend your years old culture from bolshevism serbian government of national salvation ww,0
8653,8z2elw,group dynamics no crossing,0
8654,8m51li,this mayor in a hockey jersey,1
8655,bxe0ll,whatever this model is wearing,1
8656,d6sa5j,when the coffee machine at work spills milk it looks like a ghostly owl,1
8657,1wjg5y,man accused of trying to have sex with sheep near spurs training ground was just relaxing court told,1
8658,7ij6oz,the destruction of the berlin wall th,0
8659,579bvf,wikileaks huffington post committed to make it clear to the photoshoot in this,0
8660,bbvfa8,the pathway to universal health care bill is passing with bipartisan support in washington state,1
8661,d02pge,this painted rock found on ayr beach scotland,1
8662,574a03,giant whales found dead in germany you wont believe what killed them,0
8663,6itbpd,this picture i took of a headlamp in a cave looks like a person or the devil,0
8664,9imvgd,the way the reflection of one urinal completes the shape of another,1
8665,b5s9jh,one of the first desegregated summer camps circa,0
8666,batawi,jay pharoah doing a jump kick,1
8667,bww8k3,ruins of an abandoned building in a deep crevice in an italian town,1
8668,cy3f8lz,join the dark side of the horse,0
8669,b503nq,homeless nigerian boy who beat kids from elite schools to win ny state chess championship is no longer homeless,1
8670,8qt2mw,in california will consider splitting into three states,1
8671,4rim0h,crazy bicycle ride,1
8672,c8wc42w,it was fun while it lasted,0
8673,1syvrl,rare historical painting of the american revolution,0
8674,4ixww1,trump drops a sizzling new attack ad against hillary the last seconds is giving people chills,0
8675,crvl114,as you wish,0
8676,cysxsq,saw some people filming a kpop video or something a while ago,1
8677,7hnr7t,a nazi war criminal gives one last salute before being executed by firing squad,0
8678,csrcu7n,this was my original idea but i liked the other one better,0
8679,cjxx3li,im sorry,0
8680,21fuie,grossman passes kidney stone during gubernatorial debate,1
8681,caklnx3,had to be done,0
8682,3vti53,people who like pseudoprofound quotes are not so smart says science,1
8683,befy24,iseefaces in the gym today,1
8684,cif4icf,two little angels,0
8685,bsp7yw,this tiny truck,1
8686,982qtg,scotlands ayrshire to give free tampons to tackle period poverty,1
8687,99zn6a,its really too much wine last night to refer to international students as imports,0
8688,67xb8k,draw me like one of your veggie girls jack,0
8689,cn5wmo5,whales photobombs are the worst,0
8690,atgabl,ghostly bee on a fence post,1
8691,866cmz,the xray machine is coming for you,0
8692,7n1a8z,the back of my mixer looks like a fat man sitting down,0
8693,cusio3,my sunflower has two heads one is starting to bloom as the other is leaving its prime,1
8694,7qhkt5,bag of sugar smiling at you,0
8695,2d817d,meanwhile on the iss,0
8696,b0psiw,ukraine kicks out russia after wwii,0
8697,dk40ty,my cats eye was injured and became a different colour,1
8698,2wot2k,frosted spider webs,1
8699,2d1me1,this sniper aiming on top of a stack of plastic chairs,1
8700,diksbo7,the last doggorai,0
8701,6emy2g,college student stages mock graduation on subway as delays put actual commencement out of reach gothamist,1
8702,1o9wyw,buddies for life,1
8703,cuvk6x,street jamz vol various cat artist,0
8704,clijoox,i want to believe,0
8705,5wll05,japanese soldier raping small child cirera,0
8706,72v7sm,multiple dead after scaffolding collapse in miami gardens florida,1
8707,bzwl0n,zoey with her cone,1
8708,bkms2w,a picture of a cloud i took that looks like a bird flying,1
8709,2y4rhb,blue amber,1
8710,er5abb3,yarrr,0
8711,ceaj1rc,distressed baby in a pumpkin pumpkins,0
8712,1qpnsl,kenyans chase down and catch goatkilling cheetahs,1
8713,cgkmhi4,ministry of silly walks,0
8714,2czoqe,what are you staring at bag,0
8715,36lufw,man fends off seattle robber with im from st louis,1
8716,57gw1s,this small owl,1
8717,clubep2,cutouts,0
8718,clt093h,word to ya mutha,0
8719,cixbam,the way the floor has worn from years of employees standing at a till,1
8720,6bf0f4,this dog sneezing,1
8721,2d6400,saw this guy sleeping on the job,0
8722,b5u52c,went on a walk by a stream found this natural whirlpool,1
8723,6ol33z,reptile zoo self entitled,0
8724,cl6t2g,a french farmer getting executed by a radical during the reign of terror,0
8725,c7wbrfx,okay i guess its time to go to sleep,0
8726,aw4f6n,perfect snowflake on my jacket this morning,1
8727,2cqn0d,a very happy plane,0
8728,3q0ye7,wyoming cliffs,1
8729,coof4k,this injection pen i found at my hospital,1
8730,vmts5,rupliftingnews makes the news a nice profile from the daily dot,1
8731,cko0xq6,cutouts,0
8732,19n8s5,giant nasa spider robots could d print lunar base,1
8733,cg36rr2,other discussions,0
8734,82u3ux,a little confusing skyrim,0
8735,33vzo6,cat yawning,1
8736,53idrb,the monkey god rises,0
8737,c68m77y,he can say anything,0
8738,2zdxyt,cookie monster,0
8739,bazwsm,made a helicopter out of lawnmower parts,1
8740,b44gdz,veronica johnson becomes first woman to be cat called,0
8741,bk0503,these slightly longer filter tips i found,1
8742,2y5o6j,vanilla ice to perform at selma anniversary concert,1
8743,azhrdi,this tiny computer mouse my dad gave me,1
8744,c17xpc,this modded delivery bike,1
8745,6yif3o,togo protests against faure gnassingbe,1
8746,5pt86q,mike pompeo is confirmed to lead cia,1
8747,1ly6v8,michael jackson thriller,1
8748,cwo9z4q,i am bill,0
8749,clcu8o,storm cloudslike night and day,1
8750,80uabs,london school teacher bans students from touching snow,1
8751,bgn9on,a picture of a cat on another much bigger cat,1
8752,5inpha,in the economy,0
8753,c4q7m6,tiny little spider caught and started eating this big mosquito thing while it was still alive,1
8754,ch04d6x,maybe even better,0
8755,2nmsmi,dog sat on my accelerator speeding driver is jailed,1
8756,b5f6yb,a bar in norcal has paper money covering the ceiling oc,1
8757,9e9mc8,this is not bourbon whiskey disclaimer on bourbonlike whisky,1
8758,c727qjc,origins,0
8759,cvg0jl,this really old picnic bench i found,1
8760,52h39j,a bare butt against a orangutans glass enclosure,0
8761,5gc2u8,a pair of zebras,1
8762,6ab6aj,roger stone about to celebrate the firing of fbi director james comey,0
8763,8f6ws8,anzani cruising with anzani,0
8764,mmti4,thanks coinstar i needed gas and i wish badly,1
8765,2vcc9v,dog with a shuttlecock nose,1
8766,cexqrt9,a rather terrifying puffball,0
8767,1vai87,john kerry holding potatoes,1
8768,5hiwbi,swedens recycling is so revolutionary the country has run out of rubbish,1
8769,30eqwd,teen enlists ny jets to invite autistic boy to prom i couldnt ask for anything more for him mom lori pagano said this is like him winning the gold,1
8770,dh01zb,husband and i wanted to invite the guy ive been randomly squatting all day,0
8771,d7rv3k,tropical storm karen upgraded to category i demand to speak to the manager hurricane,0
8772,ci0kj3u,obligatory,0
8773,dl9ras3,minajastar nsfw,0
8774,7iwdiz,meryl streep during the th annual massachusetts conference for women,1
8775,bjb0zh,its been raining and now the tree in my yard has foam coming out of it,1
8776,1qpuja,strangers pull woman from sinking vehicle,1
8777,99dl4e,missouri librarys kindness kupboard helps those in need with free items including school supplies and food,1
8778,cf93j42,carrolls really angry,0
8779,bsawdm,toddler reaching for an airplane,1
8780,1nkknx,federal inmates go on strike to protest pay cuts,1
8781,bis0xe,this tree supporting two other trees to create an arc in the path nature is beautiful,1
8782,3gptsy,a pawn shop owner reunites country music legend bill anderson with his lost vintage guitar the country music star flew grauer and his wife out to nashville this past weekend and then invited them on stage at the grand ole opry to present anderson with his long lost guitar,1
8783,8eu4ui,warden figures week in solitary ought to teach inmate not to be schizophrenic,0
8784,1iz2ad,homeless man from my town returns wallet with still in it,1
8785,c9j72t2,no more lockdown,0
8786,626e2w,good night lights bring minute of magic in providence,1
8787,csmo49v,muppets,0
8788,42vyn7,grow hemp for the war us department of agriculture to promote hemp production for the war effort,0
8789,evvi90p,bloodbath,0
8790,2f5mpp,japanese kids using fire proof hoods,1
8791,csh5gl9,too late to turn back now,0
8792,cfs3333,excuse me pardon me coming through,0
8793,d2z3qp1,alpha cat,0
8794,1j8ot0,super excited fireworks boy,1
8795,cfjc7dz,rahh,0
8796,ctmkyf,this parking garages parking lines extend onto the wall,1
8797,9fxs4p,kids from nearby schools left positive affirmations on the po boxes at my local post office,1
8798,cfpd34n,hands up,0
8799,brr8vg,angry birds,0
8800,3ry3rl,traditional african tribal necklace worn in bright sunshine,0
8801,cci5xn,official portrait of the apollo xi astronauts,0
8802,95oswz,the rickshaw run,1
8803,9c59ui,i found a headstone in my yard,1
8804,clxktgz,icloud,0
8805,6cx30z,poor filipino reporter,1
8806,cl6z1i0,unimpressed,0
8807,2eu90n,this guy greets me every day at work,0
8808,cyrxrad,couldnt give a flying crap,0
8809,enq4iam,nsfw,0
8810,66wvwc,undergrads build prosthetic arm for yearold violinist,1
8811,csqei4,these are no protruding shells on this wall picture for reference in comments,0
8812,24rt4p,courage fund at million has been placed in trusts for ariel castros victims,1
8813,cnatzb7,mleh,0
8814,awd2gm,the swirls in this mini watermelon,1
8815,ccwhnke,a windy day in dc,0
8816,1yh6lg,strength through beauty white rex russia national socialism nationalism,0
8817,czriuvb,you wont like me when im angry,0
8818,9ihbl9,amazon advertising their content on their packages,1
8819,4wi8gf,it was found in nara park will bow if you could drop in and show your support,0
8820,df9uzlq,mocking that reporter again,0
8821,c55h55z,first thing i thought of,0
8822,1rjez1,colorado sum beam shines through clouds,1
8823,b2lih1,the way this tree grew,1
8824,d84zcb,climate activists plan to try to shut down dc traffic monday,1
8825,1obolm,putin slyly grinning at his flaming torch,1
8826,cub1ms,this crab hiding inside a tree,1
8827,2a5iq2,new zealand isp admits its free vpn exists just so people can watch netflix,1
8828,3rtngk,the hickory horned devil the larval form of tiny bubbles that act as a peent,0
8829,bpvlan,the way the concrete formed yo the grain in the plywood when poured it,1
8830,5w78f9,inside the african union to help refugees find jobs in,0
8831,cbuzrf,family comforted by thought that mans death will prevent others from climbing war memorial to pretend to fuck horse,0
8832,68u2zq,these potatoes having an argument,1
8833,c5sw1tk,obama and his secretary maybe nsfw,0
8834,brcp6o,trumps china trade war risks damaging us economy says oecd,1
8835,930uq0,scared the crap out of the kitty kind nonononoyesmehyes,0
8836,d6y3pdd,there i fixed it,0
8837,7zjucm,nation satisfied as selena gomez completes transition into sexualized plaything,0
8838,b3vkm8,my pillow has a best before date,1
8839,93n62l,filming of avengers infinity war concludes on pictured here is josh brolin playing the role of the films antagonist thanos,0
8840,ax8fzg,pink floyd the endless river,0
8841,bcr01l,coffee bubbles with elevator led lights above,1
8842,cvh2f4n,heres an example of one thing op copied to fill the space,0
8843,c9fh5i3,this is my horse my horse is derping,0
8844,cpwldvd,someone need to stop it,0
8845,d0l2qxy,ill stop photoshopping people into old video games once i stop finding it fun to do,0
8846,3g0u78,palmer luckys time cover,1
8847,8npw9t,us to reportedly push german luxury carmakers in the halo theme song room,0
8848,c13jeh,i saw a similar post of the underside of a hoppyboi and i just happened to capture this recently after a rainstorm,1
8849,3leeao,bird perching on a tree branch,0
8850,cesuf8p,he just dove in,0
8851,d89rqwa,riverdance,0
8852,dli9mx,this used tissue looks like a rose,1
8853,cyicfi,my moisturizer had a smiley face it looks so perfect like i put it there,1
8854,b2bcsl,looks like ny chair has a face,1
8855,d7jhper,wheres jake,0
8856,bql5k2,this house has privacy shrubs that have an opening for the driveway,1
8857,8z4zo6,and we have a lift off,0
8858,7weoxs,the grossest food from every single us state,0
8859,6ix494,hero neighbour rescues disabled couple trapped in brisbane house fire,1
8860,clrlgx,just found this in an old box in my garage,1
8861,5slyls,a terrifying new kind of warfare,0
8862,5pgtkj,all the nintendo switch games confirmed,0
8863,5kl2qk,this sad guy,0
8864,95x8l9,woman with a stoma bag defies nurse who said shed never wear a bikini again,1
8865,bng7ay,a hotel for bees and butterflies,1
8866,d03ozw,this guys rims,1
8867,371n4n,carbon monoxide kills kentucky couple having sex in car,1
8868,2mkmdf,one happy vo meter,0
8869,rljqc,people are taking out student loans to pay for kindergarten,1
8870,3tqr9f,the netherlands is helping dutch east indies national fundraising,0
8871,5zkap0,come at me bro nah bro you come at me,0
8872,7thes2,asian dinner monster,0
8873,8vta6f,gordon ramsays weight loss is all down to one simple trick,0
8874,4xflwf,thank you so much american soldier for wasting food help tojo win war united states,0
8875,db447d,fda cautions against feeding your dog this food after a sample shows salmonella,0
8876,1c5sq7,boy with helmet rides the sheep,1
8877,au90jx,state rep daryl metcalfe says reducing carbon dioxide emissions will kill his vegetables,1
8878,cy3evi,this wine glass has an indent for your thumb,1
8879,8yt37g,us dropping the atomic bomb fat man on japan ww,0
8880,29e51e,a person practicing aerial yoga x,1
8881,8gip7i,military cargo plane crashes in savannah georgia airport official says,1
8882,cfksem,sorry bout the blurr and the fact you cant see most of the item but i found kangaroo balls for sale,1
8883,ew008nj,that same factory in japan,0
8884,6ddhl8,looking down at the top of a whaletoy,0
8885,bkbpp9,two face,0
8886,8y5wir,authorities swim coach had sex with high school athlete filmed it,1
8887,dif9cf,cremation advertisement on a kia soul,1
8888,1nedgo,pickup artist baby,1
8889,dkurff,interesting tag i saw today,1
8890,141k2u,putin walking towards as two doors are being opened,1
8891,1ka352,quiche thieves in fivehour police standoff,1
8892,34w0ft,chicken in my beer at the hattie bs hot chicken restaurant,0
8893,c70q0ps,thats racist kid,0
8894,33a0kc,uber pairs up with marijuana group to offer discount for stoners,1
8895,6zi74p,chester town hall staircase england,1
8896,2pfdn9,an angry alien taking a bath,0
8897,6w05do,muslim refugee pictured seconds before raping young swedish man january,0
8898,c74lr4q,doing the wave,0
8899,26an3y,ping pong player midserve,1
8900,darsqb,this acorn harboured a new shoot,1
8901,dard6h2,simple yet elegant,0
8902,60j4cv,cute cat prairie dogging,1
8903,cqfgub,simply putting mr potato heads features on upside down looks like a nightmare,1
8904,doe1f8w,goldblum hates montreal,0
8905,7t68ip,unknowing jewish man walks into nazi rally circa,0
8906,cndmddj,over,0
8907,c8qg4nk,teleport yellowstone overlook,0
8908,8vcope,statue gazing upwards,1
8909,5a9n7m,on this day in history in boxing history was made,0
8910,cnq5yh,this bars natural table grain looks like jack skellington pareidolia,1
8911,b3mnc3,john hickenlooper explains why he went to see an xrated movie with his mother,1
8912,72oaxu,kim jong un nukes the west coast,0
8913,bb7r2b,us labels irans revolutionary guard as a foreign terrorist organization,1
8914,coe8bd5,nsfw,0
8915,5uez0a,man get professional headshot with his cat,1
8916,1rvrwv,cat standing on its two back legs,1
8917,cp3sp8,feet down in the kelp forests off santa catalina ca,1
8918,8j8cak,this youtuber made ryan reynolds play the deadpool video game,0
8919,5dvh6i,hitler reviewing troops with himmler,1
8920,d8fx56,parquet courts oi,0
8921,c8y2wml,fingerfield,0
8922,7zszi2,humans populating earth bc,0
8923,cmpc82e,sucked in,0
8924,6o13m8,this white walker being fed by babushka,1
8925,7wl1qr,she winked and blew a kiss because the son didnt realize that the meme but theres no way fabricated or embellished,0
8926,cd3jsn,the bookstore that tells the stories of asian american activism,1
8927,39g9ot,yet another isp exec admits broadband industry lied about net neutrality with a budget bill sneak attack,0
8928,c8z27jg,please help,0
8929,y6nq2,steve balmer,1
8930,16mhm4,bbc news insulting words crime ditched,1
8931,c9ywdn5,form an orderly queue please,0
8932,cic93i1,i have no idea,0
8933,7bwj0x,the making of a cult classic,0
8934,cmrgqwm,out of the way alcohol coming through,0
8935,ci8wlp9,cutouts,0
8936,92oqxy,a surprised fat ninja turtle,0
8937,3b8h6c,christian radecki dancing on top of a police car said he was warning children of vampires,1
8938,bkew42,black bear caught in a hot tub living its best life in tennessee,1
8939,cx95nf,this sign on a vietnamese beach,1
8940,cp92ra4,imagine the neck crack he can achieve,0
8941,50nzfw,member of trumps hispanic advisory board resigns after phoenix speech,1
8942,cqz91ze,khajiit has wares,0
8943,xkaoe,i will just leave this cat here,1
8944,1rgggo,my photogenic cat,1
8945,44lmr6,empty cinema auditorium,1
8946,d3ms3pu,waking up in the morning,0
8947,2m6lfv,woman wearing i love crystal meth shirt busted for crystal meth,1
8948,11rzj6,teacup chihuahua deemed danger to society,1
8949,crt0v1u,jurassic dog,0
8950,b7l3ae,a computer mouse that looks like its been on a belt sander from years of use,1
8951,2cltzu,fight over golf rules sends to hospital,1
8952,c8z3kg,stepped on a small hammer walking to work,1
8953,d636mla,meanwhile in an alternate universe,0
8954,csoo853,so plain,0
8955,3yiemi,aaaaaah my eyes,0
8956,67c4a8,the hyenas gimme dem scraps,0
8957,2svp71,lady from local court case,1
8958,bkbb57,gerald ford integrating whip inflation now win,0
8959,cjodaqp,how can he see me,0
8960,ckz5es,some art my aunt did with no hands,1
8961,d3q72i7,the one you forgot,0
8962,dsfgstp,bath buddy,0
8963,7xqbzf,us gun lobby demands prohibition of schools translation in comments,0
8964,6liflu,shel silverstein crouching,1
8965,457mm6,rubio i did well in out of debates,1
8966,cp86xwu,jerry,0
8967,dai4wr1,tauntaun,0
8968,cgvxqvn,black to the future,0
8969,bwqxs7,these tracks worn into the stone road in pompeii by wagon wheels thousands of years ago,1
8970,6y9tm3,florida declares state of emergency as hurricane irma becomes category superstorm,1
8971,9dp5hq,a very curly dandelion i found a while back,1
8972,arnc9g,is my lucky number and worth,1
8973,c2lymo,in plain sight the free birds my very first fake album cover comes from a request from ucommunismal,0
8974,bwgqjj,letters from red cross with a fake coffee stain on the envelope,1
8975,ce9bfgu,yes more information give me more,0
8976,9h90ac,this dual top ice cream cone,1
8977,c4ha9k1,spring break bear,0
8978,1177vl,tim tebow to honor god during the th monday night football game,1
8979,4685gl,heres why barack obama thinks donald trump cant be president,1
8980,1uqdfd,man receiving laughing gas at the dentist rpics,1
8981,cug4nn,this chart shows the official buckle my shoe rhyme,1
8982,2x4olo,us new home sales near multiyear highs supply rises,1
8983,b3gj14,this olive has a star in the middle,1
8984,8scfdv,this is what happens when your two favorite tv show characters every time i see your fall in wisconsin and raise you my own,0
8985,8p7w0w,florida man considered dead since ordered to pay a mans wife to have aids threatens to blow up target stores to tank stock get rich,0
8986,bgv3q0,a pink pineapple which looks possessed,1
8987,cuxct5,a pen made with real gold that my dad got,1
8988,3jwkrg,westboro astonishes everyone by slamming antigay clerk kim davis the reason why is vile but hilarious,1
8989,coul9rj,awkward,0
8990,7utb1e,the dvd symbol looks like a face thats whistling,0
8991,d337i8o,unafraid,0
8992,6ldkz5,baby in a pool,1
8993,cjfnjs0,dat mouth,0
8994,ce1oqfh,cartoon,0
8995,asjsra,moments before the death of tupac shakur,0
8996,cu0xabo,the deed is done,0
8997,5wi7ox,pre world war warship designed to handle extreme weather,0
8998,18abgs,super hero kid,1
8999,bwvvso,a tiny pi symbol in my painting,1
9000,4qdy3c,candle wick flower,1
9001,140r56,facebook likes considered key evidence in terrorist plot,1
9002,c7ovrip,suzie told billy that he was going for a ride with tommy billy told suzie that he was taking them both for a ride,0
9003,2is3k4,find the sniper,1
9004,cjomfgy,cutouts,0
9005,2k42a9,florida woman sets roommate on fire after argument about spaghetti,1
9006,c8wxydb,get back here,0
9007,8oqri0,o,0
9008,cg217x,team chaos wins the final splatfest,0
9009,7mpolf,an american soldier tortures a captured terrorists family member while he watches guantanamo bay,0
9010,7llfd2,himmler and hitler celebrate the rise of the nazi party,0
9011,6fea4z,multiple deaths in shooting near orlando situation contained police,1
9012,8hi2qb,a very rare skin eating bacteria,0
9013,1vlu3l,my ikea furniture is really stoked to see me,0
9014,1g5xbw,rogue bear in pori finland,1
9015,dhdht76,roller coaster,0
9016,c9bt9ta,fire stop resisting,0
9017,4uurmb,freddie gray case all charges dropped against remaining officers,1
9018,cz6idm0,tusk not tail,0
9019,6u81kc,mapping the brutality of north america in the face to save california climate law,0
9020,cjf1m4,this weird vegetable has a star on it,1
9021,54pjcl,your son next american antiwar poster,0
9022,bwkm0u,this custom bike in potsdam germany,1
9023,cmgpxj7,i want them dead you come to me on the day of my st birthday party and ask me to do murder,0
9024,cushwk,this house has a very square addition,1
9025,atp0xx,the clear is peeling off this car but this dude isnt going anywhere,1
9026,2zp3cs,john kerry in a cleanroom suit,1
9027,aykadg,do strawberries grow baby strawberries wow im lost,1
9028,cn93jb,my cat left a paw print made entirely of tiny air bubbles in her water dish,1
9029,5hqfiq,boring girl,1
9030,2u2xra,well hello there,0
9031,82gdx4,a group of school teachers preparing for their first day of classes circa,0
9032,c2oths,this jimmy johns restaurant use to be an ice cream spot so they painted the ice cream black,1
9033,7bvak8,woman says roy moore initiated sexual encounter when she was he was,1
9034,bxj5g7,our landline is a rehabilitated rotary dial phone loud ring,1
9035,3hyrcy,bride cutting through her chastity belt,1
9036,bl0sqt,this shadow looks like the avengers a,0
9037,crhf47a,its all in the eyes,0
9038,ctf9tz,woot are you looking at,0
9039,3p6qih,how to stop wearing cargo shorts were cool again,0
9040,10cty3,guy running out of store with popcorn,1
9041,3h9uc9,kamiah dogs survive lawyer complex fire,1
9042,205uon,me midleap to catch the garter,1
9043,95vilu,publicity minority adult cambodian,0
9044,crro9c4,rraaaaaawwww,0
9045,cluwx7,water droplets caught on a spider web,1
9046,dav3mz2,ponytail,0
9047,d9xn2,frightened toilet roll holder,0
9048,c6kocw,grass has taken root on this patch of still dirt,1
9049,enqgo,a ringing endorsement,1
9050,d2687wv,barackobullrider,0
9051,b8yaqj,antivaxxers appear to be losing ground in the online vaccine debate,1
9052,6fpu2h,tiger woodss dui and the growing american painkiller problem,1
9053,bjpngg,levis forgot the loop on my new jeans,1
9054,3f5x9k,elephant over car,1
9055,c6238qg,aviation history,0
9056,dhbyazx,trick or treat,0
9057,cbwipc,this selfie,0
9058,avj2ax,cool lamp made from walnuts,1
9059,chsw2bm,come on and slam,0
9060,9j1g9j,the ice on the top of this frozen flan looks like a painting,1
9061,6a867z,uninvited taiwan says going to un health meeting warns china on ties,1
9062,asy7go,that toy truck was the only thing on this big truck,1
9063,7aok8i,bear stearns trader howie rubin raped and beat women,1
9064,8xz5yk,only just realized the cthulu on the bottom of my iron,0
9065,242gd0,italian stache,0
9066,2p0h7n,satan behind bill burrs netflix special,1
9067,clkgar1,cutouts,0
9068,bq8mox,water for you and your dog,1
9069,5rjwpk,last known image of david hahn the boyscout who tried to build a nuclear reactor in his back yard before his death in notice the discolored skin and thin hair from handling radioactive materials without proper protection,0
9070,bwb6gt,odd colour pattern on a flower in my mums garden,1
9071,69nin3,paul ryan with a man in a antigop shirt,1
9072,bbdgen,swae lee post malone sunflower,0
9073,3gvylf,wedding photographer,1
9074,ckj90pr,i dont know what im doing,0
9075,cf0zqfl,elephant man joins davy jones and his crew aboard the flying dutchman,0
9076,50kp3l,man launches hunt for his longlost cardiff relatives so he can give them his uncles war medals,1
9077,cum1ls,printer who nixed gay pride shirt goes to kentucky supreme court,1
9078,bt83mi,downtown osaka japans nd most populated city almost no activity am sunday morning,1
9079,6ri7w9,this owl marching,1
9080,cktwll,bet those taste shitty,1
9081,czrbi8x,no body hair,0
9082,cf6x3or,and suddenly its sfw,0
9083,tptrz,i think i shocked him yes its all mine,0
9084,2wxbt8,cocaine snorting oscar statue removed from hollywood boulevard,1
9085,7tfxpi,this guy hanging around the meat counter,0
9086,9j9aah,judge kavanaughs accusers leave senate confirmation hearings,0
9087,d280rfl,life in plastic,0
9088,bpriaw,my neighbors have a really tall trash trailer,1
9089,bsc9t7,this wrecking ball painted to look like an angry bird,1
9090,9s51kk,crowcat,0
9091,8emm3i,man holding a cross,1
9092,co88qea,get off the way,0
9093,bdnovy,structure of notre dame saved we can now say that the structure of notredame has been saved from total destruction,1
9094,axgj70,this star rated restaurant is called pho star,1
9095,clrnva,acrylica game of the gods,0
9096,3rs28q,us creates jobs in as labor market heats back up unemployment rate falls to biggest wage gains since,1
9097,cbbr7hc,will work pants,0
9098,7lqixk,radio show listeners come together to support family who fell victim to craigslist revenge,1
9099,7orapl,taliban jihadists plotting to take over the afghani capital of kabul,0
9100,1ce0pl,colin mochrie and wayne brady looking fabulous,1
9101,33pctt,paid to watch porn an israeli dad insists its no dream job,1
9102,dquu7h6,available here,0
9103,9aq8gt,upside down storm trooper helmet,0
9104,5wswr1,trump deflects responsibility on yemen raid they lost ryan,1
9105,68tfr9,beagle pup holding stolen bell,1
9106,ccv01j5,rocking out,0
9107,7rj2ka,terrified by giant banana over venice while traveling,0
9108,30u92a,ive set a nice louse in my fur central powers satirical cartoon on the russiaserbia alliance,0
9109,cq562lu,oblenin teching the kids about socialism,0
9110,cih9bc,this board game contained in a fake cassette tape,1
9111,3cxtw5,d good day to be a box,0
9112,buv7tn,a beautiful ice cave,0
9113,bn1s4x,binoculars for hire at a british theatre,1
9114,5zduh6,happy husky frolicking in the snow,1
9115,9fomco,this pain scale found in my doctors office,1
9116,1ny6y7,shutdown scuttles virginia shore pony roundup,1
9117,2vo1ry,kanye west will simulcast the introduction of his new sneakers in movie theaters across the country,1
9118,9h8knu,this pigeon midflap,1
9119,cw2baus,i made dis,0
9120,1cx7v2,lowiq hitman appeals conviction,1
9121,cbygbue,pimped your ride,0
9122,d1qeuck,extreme,0
9123,dlnk6at,diego in a police car,0
9124,cotjz8b,the most interesting dog in the world,0
9125,d0zqeeh,fashion,0
9126,cqyt42f,hapoohken,0
9127,5vfn1p,coke releases their new titan bottles size,0
9128,c14u0v,the asphalt sidewalk has a perfect footprint in it,1
9129,88n7nm,my grip strength trainer for guitar is not pleased,0
9130,cbvw2jt,i dont think hes the only one alone here,0
9131,chsqdck,on a bicycle built for two,0
9132,e4cz2h5,ive got a question sarge,0
9133,9bxfus,clouds in texas look computer generated right now,1
9134,3lw9oa,cartoon from warning about the dangers of socialism catholicism sexual liberation and free blacks,0
9135,22plke,woman mugged on brazil tv while being interviewed about crime,1
9136,5n3ray,three time surf champion taking photos with a new go pro,0
9137,ct7gmz,the first ever n sync band meeting circa,0
9138,cjwmw66,spelunker,0
9139,5u0vsu,this cat who does not like his picture being taken in the morning,1
9140,5as4kw,cardio vs weight lifting which will make you look better,0
9141,6yqb04,im ready to steal your money,0
9142,d5k2n6,i made some bones out of aluminium foil,1
9143,dgxiof,thanks for trying fake outlet warrior,1
9144,d7ljxul,hold the door,0
9145,8t15vq,super excited for summer,0
9146,9iiar8,the wrong angle will ruin a message,0
9147,cftfxl,mark fischbach mark,0
9148,3mb6d5,submariners stare at an empty chair,1
9149,du50w5j,trump restaffed the white house portrait team,0
9150,ciiwva6,michelle knievel,0
9151,71jxqo,the windshields superheroes never sleep,0
9152,5vg0ql,this guy playing water glasses,1
9153,c89puq,hungry jack syrup has a smile in the pour spout,1
9154,cbfkzc9,other discussions,0
9155,6dr0uu,this little guy as the garbage truck comes along,0
9156,e4grind,dont move he cant see us if we dont move,0
9157,cjtbfgb,cutouts,0
9158,5sudwm,this manly poodle,1
9159,89qvsz,a russian squadron pose for a celebratory photo following the successful push of berlin resulting in the suicide of adolf hitler,0
9160,bko6re,sign at british train station toilets,1
9161,4d39hb,benedict cumberbatch and chiwetel ejiofor film dr strange in nyc,1
9162,9cgv39,what i found inside my hot pocket today,1
9163,cr8ktyj,mccloud,0
9164,3imoh9,east grand forks man charged with burglarizing defecating in minnesota church,1
9165,d3mx29f,french bull dog running on the sun,0
9166,bn7dem,donald trumps plan to buy us billion of crops for humanitarian aid does not thrill farmers,1
9167,9bjf6f,northern ireland breaks record for longest time without a government sparking protests,1
9168,1xfq49,up view of a tennis player,1
9169,bfeuzk,jesus being resurrected circa ad,0
9170,b3qm2c,things getting pretty serious between local woman vibrator,0
9171,26oxce,david luiz getting medical check up,1
9172,d8niqcb,it guy,0
9173,4m9e0t,dog enjoying sunset in bali,1
9174,2ccaj1,cincinnati reds first baseman joey votto reacting to a bird,1
9175,8lm02y,when residents learned broomfieldcos hs was a possible target for westboro baptist church people showed up to counterprotest,1
9176,bv3nii,reflection on car roof looks like cute ghostface,1
9177,burqzt,i found this strange leaf,1
9178,6p9kds,bernie sanders actively thinking about challenging president trump in,1
9179,1q170x,morbidly obese monkey,1
9180,5eb2o7,chinese chicken chain investigated over suggestive name menu,1
9181,c7pq63x,guys when you said thered be a royal feast you meant figurativelyguys guys,0
9182,1tctpu,two drivers called to pick up drunken driving suspect in readington are also charged with dui,1
9183,2smjfl,municipal airport i have no confidence in the system of isolment,0
9184,2704ge,chocolate thief sentenced to months in one of colombias harshest prisons,1
9185,9fzc79,they way the shirt looks like makes it look like it was photoshopped,1
9186,cbyepdp,intestines,0
9187,9jhwl6,these white coloured skittles for pride,1
9188,chzy063,comming to your cinema soon,0
9189,10xhdv,fairy,1
9190,cf1i2gi,battle for the ages,0
9191,2ol218,after thousands of years of stitching israelis invent new woundclosure method,1
9192,cmzjrr,a bizarre rash that appeared on my leg today,1
9193,bym1s7,a newly molted earwig on my chicken coop door,1
9194,cd0knaq,dumb and dumber bathroom scene,0
9195,612cez,capybaras add new accomplices to their family of escape artists,1
9196,b3t8y6,cable lobby seeks better reputation by dropping cable from its name,1
9197,3yyu7v,party by wlodzimierz zakrzewski polish peoples republic,0
9198,cdn5i9j,face swapped,0
9199,bk5x40,bald shrink amir murtano,0
9200,cifkpqr,not sure why i did this it seemed like the right idea at the time,0
9201,cccg3sl,other discussions,0
9202,4vqc4j,many women are putting engagement rings on their pinkiesheres what it means,0
9203,7w1q8v,a girl with an unruly cat,1
9204,6hhzos,snail cream,0
9205,dakdih,this pain scale at a pediatrician office,1
9206,bamm4l,these two strange pieces from a chips bag,1
9207,6rde4l,half a mile underground floating in the japanese subterranean neutrino detection chamber,0
9208,57i0sg,downhill skateboarder crashing,1
9209,59gdht,barbara bush poses with huma abedin has ties to trump rhetoric,0
9210,cz801p9,most effective guide available,0
9211,cklrp1,spiderman found at a thrift store,0
9212,8d6o7s,determined cancer survivor completes boston marathon after midnight,1
9213,dlgtam,this company sign is being erased its called abrasive company seen on south bound towards philadelphia,1
9214,e3y54s6,i did that,0
9215,9xmjy0,my insurance provides a service where i can talk to a doctor whenever i need it,1
9216,c5tg0g9,made in china,0
9217,c4lc3dg,batwielding greek protestor,0
9218,97pxod,mark zuckerberg midway though transitioning back to his human form,0
9219,d59oen,im always stumped which door do i use to leave my doctors office,1
9220,5l1alp,scopes monkey trial,0
9221,crrhf65,add insult to injury,0
9222,53c9vu,the government straight up rejected this babys beautiful name can they even do that,0
9223,c0dcee,this floor looks like a jawbreaker,1
9224,ci0erx,spilled some water and got a weird smile,0
9225,csort92,streets of hulkamania cena of rage,0
9226,chwhkp7,cutouts,0
9227,3f36r1,former soccer player thomas gravesen,1
9228,58zshx,dawn ad to give to the national defense fund in order to fund the jehad during the bangladesh liberation war against pakistan,0
9229,brse47,im not sure what i find more interesting calling them watermelon shingles or the list of ingredients,1
9230,dtkkb9e,raw water cat,0
9231,5gomoi,nazi ss soldier enjoys the spoils of war after the german victory in stalingrad,0
9232,1oyc5r,mustachioed skull,0
9233,czz4t3f,im so sorry,0
9234,daafhpb,gold coin,0
9235,dim00c,my yo daughter casually carved a horse into the leftover mango,1
9236,2hx059,i caught my blind derpy cat in the vase this afternoon his face is priceless,1
9237,ckasirr,here ftfy,0
9238,c7mwh6r,an infinite source of love,0
9239,c7o7vz8,give me an e,0
9240,tnrag,inspired by the irish posters that have been cropping up heres another neat one still under siege poster created by sinn fein during the drumcree dispute more info in comments,0
9241,7citnc,dont clown on the job war is serious newport news shipbuilding usa,0
9242,49awd2,canada plans to experiment with giving people unconditional free money,1
9243,9cdggu,this mermaid that looks like tilda swinton,1
9244,c7h09ll,i went with the obvious,0
9245,c7i6ec0,backstage at brazzers,0
9246,di1ycu0,hades gives a rescue dog a home,0
9247,bvcrf9,kid rock apparently divorced pamela anderson because of borat,1
9248,def2lv,this lamp at a restaurant that looks like the eye of sauron,1
9249,8y4xyh,trump instructs cabinet to order two years of frozen dinners and lay low,0
9250,cb64mz,anne frank disguised as hitler to escape the nazis,0
9251,16o08l,an unusually shaped red capsicum cut in half,1
9252,d47tcv,this cat under a blanket,1
9253,cm68rpw,daddy grandma set the barn on fire,0
9254,bc1fso,trump hotels exempted from ban on foreign payments under new stance,1
9255,d8q95b,this tartness to sweetness chart for apples at my local market,1
9256,6vqu1m,dog with goggles on airport runway with paws up and an american flag,1
9257,cvcvzk,campfire,1
9258,2pngyg,my dog thor chewing on his favorite toy a pacifier,1
9259,2m75aa,solar road opens in the netherlands,1
9260,75z9ak,chihuahua protects sick german shepherd to be adopted together,1
9261,dm7bvnw,when i walk in the club all eyes on me,0
9262,dhuypp,how these sunglasses i found effect the sky through my cars window,1
9263,bw7c6t,oc this shop that sells truck cabins only,1
9264,e1lvv8i,puffy explosion cat,0
9265,48nnra,mountain biker faces court summons for metre wheelie,1
9266,93jn9m,bob belcher with long luscious flowing hair,0
9267,dg6e3k,tried to show my almost year old the easy way to peel a banana and it split,1
9268,1ol6nh,peta suggests washington redskins keep controversial name change logo to potato,1
9269,4ag9zs,donald trumps new adviser bernie sanders adds credibility to campaign,0
9270,cepf2q,this guy smiling behind boris johnson,1
9271,c7l9cjw,round,0
9272,6plgq3,clock pulling the texture of the wall down,1
9273,6kyvnn,stephen hawking leaves audience in tears at th birthday celebration,1
9274,1fcuiz,this little owl was hanging out at the charlotte airport restrooms,0
9275,7t5i4o,life incredible heroism this lifeguard dove into the ocean to save a drowning child but had to tread water for hours until he found one,0
9276,2yo6g8,isis muslim preacher calls for demolition of pyramids and the sphinx of giza,1
9277,2j1gmu,this overzealous event dj,1
9278,49p3ld,two guys on a keywall,1
9279,cfs31b,two fortune cookies in one package,1
9280,cj0nsid,noooo,0
9281,cvjzyc,in the bunch of bananas i bought each one has a different work out challenge,1
9282,d97vnu,my garlic clove,1
9283,cyy11lq,wow poe dameron really can fly anything,0
9284,5dxjp5,man on a crane very high up,1
9285,7au9kx,police arrest suspect in sex assault of yearold boy offered a plea deal,0
9286,azysvz,largest cocaine seizure in new york in a quarter century found in crates of fruit,1
9287,867iyy,lawmakers in kosovo release tear gas in parliament to prevent vote,1
9288,dp2lkhh,someone commented asking for one with all of their faces i think they deleted it tho but this is too scary not to share,0
9289,b3p9lq,cable tv service disruption leads to discovery of rattlesnakes under texas home,1
9290,1r6hud,saudi arabia man arrested for giving out free hugs,1
9291,5vy2pl,a group of squirrels,1
9292,coo4tc,planes made a massive smiley face,1
9293,4mwl4x,stanford rape case sex offenders dad says months is too harsh for minutes of action,1
9294,5idbnc,hes and has one arm and he just bowled a perfect game,1
9295,9cpb2k,found these monster runner beans in the garden,1
9296,c6kb4l,perplexing table,1
9297,3d1gck,attention,0
9298,dw8aqok,turtle on a butterfly,0
9299,409fly,eat healthier you fat schmucks paraphrased modern,0
9300,2bmbja,how far can you get on kindness man traveling the world on goodwill,1
9301,9cou7m,ships grouping up before dday wwii,0
9302,ckkdgux,abes posse,0
9303,czaajn5,shame i couldnt find better quality,0
9304,cj4u7j,multiple people reported injured at active shooter situation at the gilroy garlic festival,1
9305,dhtozzd,john carpeters ratrugs,0
9306,coplwyw,yummy,0
9307,cm1c739,so apparently the results of rowing machine are not good enough for claire,0
9308,803833,hes so excited,0
9309,1rhkrx,sometimes the horror just cant be ignored,0
9310,5exs3q,curious george butt rocket,1
9311,5z6f5n,bad boy im the guy,0
9312,er6iwp7,i went to culinary school for this,0
9313,b5731z,free recipe ideas with vegetables at supermarket,1
9314,8yj47p,a rescue operative leading a stranded thai boy out of the tham luang cave colourized,0
9315,4feawo,matthew mcconaughey hugging woody harrelson,1
9316,dcb8uz4,buy my mixtape bruh,0
9317,66haro,balenciagas bag is just like ikeas cent tote,1
9318,4jib7o,alleged squatter staying in fair oaks house files restraining order against homeowner,1
9319,arnzek,for the flag for victory artist georges scott,0
9320,caszn6i,other discussions,0
9321,9i1igx,the inside of cheese grater,0
9322,dhbh8zx,they arent doing it right,0
9323,cxteul,standing on a bridge peering down on the forest under this pond,0
9324,atj6po,the barcode to my kodiak cakes blueberry muffin is a bear,1
9325,c46k2w,found a stop sign in the middle of the street and on top of a house,1
9326,2oh2pt,watch yearolds dream of being a ups driver comes true,1
9327,arhcq4,the saudi prince heading to do some quad racing,0
9328,cwws8k,the toilet seat with a small notch on the side to lift it up,1
9329,cjmai8,suit of armor toilet paper holder,1
9330,1bfgwx,lego to shelve antiislamic jabba the huts palace,1
9331,b25izd,this box looks so miserable,0
9332,c8r99q4,the resemblence is uncanny,0
9333,cotqrkl,snsfw,0
9334,9hzhyd,nonprofit group renovates disabled veterans las vegas home,1
9335,cvevnw,just slapped onto my moms passport as minor,1
9336,cai7bwn,other discussions,0
9337,6lp641,police fight over star wars and star trek led to assault,1
9338,c83csk3,or footlong,0
9339,cdo7lh9,dentist,0
9340,7loagr,police officer reunited with man he helped deliver on interstate decades earlier,1
9341,2vvx0j,new york city goes days without a homicide a modern record,1
9342,byiv20,what two years of studying math and physics looks like,1
9343,34wy9p,dog with flower crown,1
9344,bo6ct0,san francisco police raid journalists home after he refuses to name source,1
9345,65cz7a,battleship leaving port,0
9346,asgwhy,sir donkilous and the groovy pears back into the bush,0
9347,7q5p7o,watching the last public execution versailles x,0
9348,ddkebrh,old man and the sea,0
9349,2g8y0y,runaway british schoolgirl zahra halane tweets anger at islamic state husband over missing kitten,1
9350,dhsyv8,this egg from my inlaws farm has yolks,1
9351,b1x0ln,these two clouds look like great britain and ireland,1
9352,opnxe,winter is finally here,1
9353,24okzi,google maps,1
9354,8w467u,tokyo apartment building,0
9355,99uf2q,can one of you maybe help me with my faulty tv power supply circuit board,0
9356,5awshb,putin meeting with steven seagal,1
9357,5i14nu,meet the people helping senior citizens keep their pets,1
9358,bxguzy,brave american troops storm the beaches of normandy th,0
9359,d18vo8a,probably shouldnt open at work,0
9360,2n0ity,a bird just left me this lovely selfportrait,0
9361,59cd94,about alex chasing tsuna,0
9362,85zn8w,la lawmakers pledge units for homeless residents in each district,1
9363,dlhvwq8,mmmmmmm bwains,0
9364,clytif4,oohoh looks like someone forgot his dental hygiene,0
9365,cczcrt7,clever girl,0
9366,41pja2,this giant lego man,1
9367,763tu7,this tape measure cat,0
9368,d7xq5b,this fan at my grandmothers house has a pet fan,1
9369,26wxmy,deaf valedictorian delivers inspirational speech,1
9370,cc18gld,the newest addition to the league,0
9371,1wuyne,is it a bird is it a plane,0
9372,7gi16n,levithian ice walk,0
9373,bvgitm,i dropped an ice cube and it split longways,1
9374,bbc6h8,switzerland during ww colourized,0
9375,3frcb8,naked lover escaping from husband,1
9376,2fqpb4,british is fighters want to return to uk after regretting joining jihad in syria,1
9377,7263v6,battle best friends via previous winner sneakpeak,1
9378,72kqdw,the tragic fate of king louis xvi and his family c,0
9379,cy1fj6e,hippo chestburster,0
9380,cz1w265,wheres adolf,0
9381,9edjsb,big doggo waiting patiently for his work on the dragon and the other elephants of the season,0
9382,clv1a6n,also unsuspecting,0
9383,clmcshc,cutouts,0
9384,bn2ly6,found these forks at a chinese restaurant with one smaller prong,1
9385,3exe3l,jumping out of an airplane,1
9386,dsgj3dt,ack ack,0
9387,cbk6xi7,i dont know where i was going with this,0
9388,77fe4j,its high noon poland,0
9389,as15ym,the quarter i got has a hole in it,1
9390,4qsiuj,skyrim guard looking from behind a tree,0
9391,bkcdnb,misfits album cover cut in vinyl,1
9392,8x4rei,rthanosdidnothingwrong eagerly awaits the ban hammer from uthejediapprentice,0
9393,3spbwi,miss universe puerto rico wins the tittle,1
9394,7oos5d,bir ghbalou a mad murdering midnight menace,0
9395,3wc7ga,firefighter holding lizard,1
9396,awi8ci,this artist used human hair for his art,1
9397,dk7zuv,my pretzel twist turned into a regular pretzel sticks halfway,1
9398,5focfl,this rather displeased puppy,1
9399,2a5fzx,my tie is looking at me funny,0
9400,3kj64y,female cartoonist could have year old million dollar painting,0
9401,by7idb,this restaurant has chat cards so people can talk to each other instead of staying on their phones,1
9402,be9u1g,this dentist office has a display of animal skulls,1
9403,c5jvchs,deedeedeedeedeedeedeeeee,0
9404,1ps7ij,a startrooper mounted on a chipmunk,1
9405,8nhckk,a giant banana peel in a rubbish bin,0
9406,1vskip,the battle of fluffeh kitteh is a go,1
9407,9k9bdk,this hand painted qr code i found yes it does work,1
9408,1mwkv6,game winner celebration,1
9409,1v8jxk,titanic museum shipwreck simulator to anchor chinese theme park,1
9410,810oz2,this cat with hypertrichosis,1
9411,5plz05,french pilot pierre clostermann would finish the second world war with recorded victories,0
9412,cs73npx,dont know what to do with my hands,0
9413,cj3hylr,boys what are you doing to clive,0
9414,8wmjf8,trump gives personal mattress to scott pruitt as thank you for faithful service,0
9415,c0z4qr,lichtenberg wood burning on a piece of purpleheart,1
9416,74966h,these innocent soccer players,1
9417,cnsrz4o,the forbidden tango dance of the snow leopard,0
9418,dlhcrbk,family trip,0
9419,4jg0ai,katy perry kneeling in front of a guy,1
9420,cwww8ea,say hello to my little friend,0
9421,10rla2,bbc news man freed after getting his head stuck in a bin,1
9422,cg3nss,found this fungus in southwest fl that looks like an alien,1
9423,38c7k8,converted cockpit cockfighting arena turned into sunken memorial garden for fallen birds,1
9424,359uz3,three women with various facial expressions,1
9425,buom2d,i saw a fuzzy caterpillar climbing on my grandparents statue of st francis patron saint of animals,1
9426,bfrqhk,this statue on campus has bird poop exactly where a tear would be,1
9427,59a7cd,top hispanic republican in texas says he will vote for clinton,1
9428,b6j49d,the way this cat sits,1
9429,6gghpe,a small island at night picture taken by satellite,0
9430,cp2non,this meme costs a month for months,1
9431,coiir2,this hotel has fire exit signs on the ground for when you are crawling and theres smoke,1
9432,dikla4h,the whole crew,0
9433,c9r83hw,you win or you die,0
9434,26w2b2,porn be bad for your brain study suggests,1
9435,ce259l,french supermarket managers hunted out of job over safari pictures,1
9436,3oyufu,david cameron in conversation with angela merkel and francois hollande at the eu summit in brussels,1
9437,al4ijo,the russian on my gymnasium door in the us,1
9438,ct7bow,british poster circa,0
9439,csr7wh,my indoor plant is growing back into its own leaf,1
9440,ceb7pq5,a warrior at a camp fire,0
9441,7jlw0o,man reproposes after finding wedding ring in ashes of firestruck home,1
9442,b1n4i2,this coffee cup suggests optimal lid placement,1
9443,8zzzwd,the tide has turned,0
9444,8al50t,merrrrpppp,0
9445,92zz8g,he just heard some shocking news,0
9446,cof5d3t,catniss,0
9447,cbv4gwi,scumbag taylor,0
9448,d1sz23,this drinking fountain sign is in languages,1
9449,cbg1gb4,it begins again spy vs spy,0
9450,1hnvwp,sketch of interior of hms jersey a british prison ship by john trumbull who documented the revolutionary war while traveling with washingtons army more than twice as many american soldiers died on these ships than in battle revolution,0
9451,3xollh,it is so dense cm would be years old,0
9452,2l8kk8,man refused oj at manville bar returns with scissors,1
9453,d60cu65,an adventure youll never forget,0
9454,d6nxq0h,kim obama and barack jong un lookalikes,0
9455,bi898a,my old chair is judging me hard for getting a new one,0
9456,7k52cq,the bogdanovist the house that rage built black metal,0
9457,35ltq1,this guy who just scored an amazing shot,1
9458,49kdn4,suv lands on roof of greenfield giant eagle store,1
9459,8bv8us,a blacksmith forges a suit if chain mail,0
9460,b1atgs,this botw skateboard deck is handpainted,0
9461,dk4sjb,i got one giant marshmallow rather than loads of tiny ones,1
9462,c3056m,construction of look alike venice italy in hungary,0
9463,czxrg38,carrying out his plan,0
9464,5jt04w,i took marching with the trump movement is that fear,0
9465,as03dj,two consecutivelyordered license plates find each other once again,1
9466,3phkl6,crimean referendum poster,0
9467,9s51s1,this dog in a pumpkin costume,1
9468,3mum6z,man teaches kid how to play pocket tanks,1
9469,53qacj,yearold tanbur player performs at kermanshah province fajr music festival,1
9470,c8xgnf4,just when you thought it was safe to back on reddit,0
9471,cte6yr,lilja alfredsdottir icelands minister of education and culture took the role of referee at a childrens soccer tournament,1
9472,1nm7y3,gettysburg kkk rally scuttled by shutdown,1
9473,dlkwzk,my crackers expire on leap day,1
9474,65juyw,jennifer anistons cutout dress shows off a surprising body part,0
9475,8r1mv0,the rippling reflection of this crap and enough of the santorini caldera from the noclip documentary,0
9476,dfvjewb,here ya go,0
9477,1m3zkv,drunken moose gang stirs up trouble in sweden,1
9478,ddtxws,this cactus looks like its covered in zip ties,1
9479,cmau61s,first thing that came to mind,0
9480,8knssr,a bird on a bird on a turtle on a log,1
9481,1kqoo3,saudi civil defence members use a forklift to move a kg lbs man from his house,1
9482,cqriq00,too easy,0
9483,196a5y,gabe newell with two knives,1
9484,cgoa5b,i found biodegradable cardboard coolers they claim that they can dry out and be reused several times,1
9485,4mewev,kamrupi crafts good reason,0
9486,1y2d8a,a young elephant on the beach,1
9487,buab4p,different eye colours,1
9488,2uj2jb,jouyenjosas the birth of de sade,0
9489,cg7gz4w,souvenir photo,0
9490,1n9jv1,mujahideen fighters kunar province from rmilitaryporn,1
9491,86msfn,field of tulips,0
9492,577w9l,what exactly is the mystery dum dum flavor now you know,0
9493,c0xonl,this wild rat rod i found in the walmart parking lot this morning,1
9494,851cn9,sessions fires former fbi deputy director mccabe,1
9495,14sd98,my stapler is not amused,0
9496,dctvlq,i have a extra eyelash growing out of middle of my eyelid it grows back after pulling it,1
9497,7h5kx4,surprised cute church,0
9498,ckjxpx,guy with a broken toe in hospital,1
9499,5rvabi,this football player passing the ball,1
9500,502e2u,man charged with burglaries idd by name on shirt,1
9501,3cjls7,three killed one wounded in shooting near univ of md baltimore,1
9502,53sqx0,visit the cafe that gives employees with autism a place to call home,1
9503,3zeofo,maroon bells aspen colorado,1
9504,8a5etu,pharaoh ramses ii arrives for daily prayer at the temple dressed in traditional royal prayer garb c bce,0
9505,6n1jij,a group of mums got together and campaigned for a new park then their kids designed it,1
9506,201a6r,no laughing matter bizarre spate of clownrelated crimes reported across region,1
9507,ceetk0j,why mama,0
9508,bqvv0c,cleisthenes invents democracy bce,0
9509,6z7z4m,man puts new post box up for blind woman so she doesnt have to wander into the street people arent all bad,1
9510,3h175q,sleeping dude,1
9511,dixbrr,todays clouds,1
9512,atfdmc,my doctor let me keep the metal that was implanted under my ribcage for years,1
9513,bz9tyk,this nokia fossil,1
9514,axxegf,my pepper is growing another pepper inside,1
9515,d3490m,ae hidden hills,0
9516,50ftay,congress holds emergency session to fight growing cost of viagra,0
9517,2tj4pp,new asu english class the problem of whiteness,1
9518,buo42k,korea sent my father some medals for his brothers that never made it home i come from a lt dan family but dont agree with wars myself uncles not wars,1
9519,f1u9a6l,humanoid,0
9520,cxi1fh,found the most bumpers stickers on a car ive ever seen today,1
9521,19ik5n,dennis rodman and kim jung un,1
9522,d6z855,pick and pack foam looks like minecraft stone,1
9523,6bgia2,a man used his truck to stop a dangerous speeder local body shop estimates k damage then does k worth of repairs for free,1
9524,av75zs,theyounhhh karma,0
9525,dcamjcm,legend has it hes still running today,0
9526,1zrvwm,napalm bombing,1
9527,48hk1h,stone age baby hands actually belong to lizards,1
9528,d43x525,imgur,0
9529,clos0zo,oops,0
9530,cw03n2,this photo i took yesterday of the sun and clouds,1
9531,7uz2u0,njm fire,0
9532,4ebz4t,david ortiz pouring milk on coco crisp,1
9533,7i1cme,a fierce apache chief in his battle armour and weapons ready to fight for his land circa,0
9534,475eb8,woman arrested for trying to steal train in victorville,1
9535,cm0qzig,its time for some ukraineball,0
9536,7y5u6d,cool runnings ii the jamaican womens bobsleigh teams olympic dream is still alive after a beer company has offered to buy them a new sled,1
9537,6t6l8n,baby holding door,1
9538,d0i1le,the room code for my dorms first floor closet,1
9539,cb99jx8,cheer up buddy there are plenty of frogs in the pond,0
9540,23zjvm,bartolo colon batting,1
9541,2i8toh,this dog was rescued an hour before euthanasia watch her incredible story,1
9542,d8jz0w,this life size space invaders game that is playable on the side of a street,1
9543,cwbfpgd,monkopotamus,0
9544,5sikeh,the internet is freaking out over whats printed on this restaurants receipts,0
9545,9e3ua6,this ushaped bench at jamaica pond in boston,1
9546,6blodh,doomsday clock trump tower,0
9547,4k0fss,hayden panettieres expression upon seeing a baby up close,1
9548,2555v1,israeli soldiers kidnap lebanese goats,1
9549,56qjcs,roman bullets tell story of yearold attack on scottish fort,1
9550,b326by,vegas turned a little green for st patricks day also highly recommend the balcony views from the cosmopolitan,1
9551,c0w8bb,take a shit is that correct feels like wrapping up the shit back home,1
9552,cwmayj,this quarter from its ridges were completely worn smooth,1
9553,cl6u8zg,oh dear you really are an uptight bastard arent you you can drop the thousandyard stare ive seen it all before and im not impressed,0
9554,71b5qb,protesters in barcelona,1
9555,cqe3m84,pet detective,0
9556,1l7dv7,there is plenty of gay sex in karachi pakistan,1
9557,3gphab,courtesy book enveloping darkness x,0
9558,2f61va,mr beer is pleased,0
9559,98r5sb,hamster with carrot,1
9560,dnpvq4n,transparently obvious artistic expression of the truth of existential reality,0
9561,427av0,a futuristic mercedes,1
9562,dc8j25u,abbey road,0
9563,cbeikn1,large dog scared by larger dog,0
9564,cppkcs,literally soaked in whiskey this morning,1
9565,bmoesj,clarksville police find clown say hes nice man,1
9566,dlaww4,a straight banana,1
9567,b14dme,i love the view of the city,0
9568,c709d8k,rear propellers activated,0
9569,cy9upc2,reach for the sky,0
9570,9gukxb,this tree growing through a food cart in portland,1
9571,2g6z1z,this sleeping kitten,1
9572,5oerg3,this person working,1
9573,54pria,frantic people call on zombies turns out they were sitcom extras,1
9574,dbbyi5w,chicken boy smoking next to boy chicken,0
9575,8bqtps,mass production temptation,0
9576,5deoh6,almost per cent of americans say presidentelect donald trump should compromise with democrats,1
9577,c9id6tk,sissies shall not pass,0
9578,2owxgn,told my petrified petcock would interest you folks,0
9579,2txswh,the wall behind the wallpaper,1
9580,cr0o6in,nursing home my ass,0
9581,b9vd92,my dog stepped on my shoe,1
9582,5vfpor,trump pointing at a reporter,1
9583,1xmhe6,bodies found on university of mississippi land thought to be from old lunatic asylum,1
9584,d7kzub2,rooney join the spring break party,0
9585,2x4903,threeyearold cat bewitches staff at mayhew animal home in kensal green after discovering she has talent for art like her namesake vincent van gogh,1
9586,7ryk1v,goldbricking an american serviceman waiting to see a doctor antivenereal disease poster color lithograph s,0
9587,56byve,dead more than without power as hurricane matthew pummels florida coast,1
9588,cb4xtk,the warranty card that came with a dash cam,1
9589,71lze5,sheriff david a clarke in his glory days before he went batshit crazy,0
9590,ccg61s8,pandora,0
9591,2pskni,bradys teammates fear his posttouchdown celebrations,1
9592,cticlvy,baseball girl punched over,0
9593,cfvnbny,am i doing this right,0
9594,bgjjk1,easter bunny brawler is pasco man and fugitive from new jersey with violent past,1
9595,3ldca5,dog stands guard for a week until trapped friend found,1
9596,bn0jc5,ways to win a presidential pardon under trump,0
9597,byehna,the album cover for the non explicit vs explicit version,1
9598,3gycg9,aurora borealis seen from western australia,1
9599,cedelik,there were too many people at the beach soo,0
9600,5tqgtw,dog caught being weird in the backseat,1
9601,chqwosc,frightened dolphin next to gleeful child,0
9602,beegqq,tree root elephant holding apple,0
9603,5v1b33,recyclops from the office,1
9604,5awmx8,the central library of the humboldt university of berlin,1
9605,bhluk7,my kitkat was pure chocolate,1
9606,cydz8x,this window wiper,1
9607,djojok,an artist put creepy bugs in lolipops,1
9608,cmmshnq,i swear this boss looked different,0
9609,7ci2f6,if rplace was a good feel comrades,0
9610,csys5b2,oh,0
9611,84w6x4,cat yawning,1
9612,cfkzbj,this roadsign is a hashtag,1
9613,db052rg,theyre more advanced than we first thought,0
9614,xrcmo,i dont know how many of you saw him run in the m semis yesterday but this felt worth sharing again,1
9615,da1tnw,my mom found an old ww book from with a swastika on the cover in the back row of a bookshelve while giving it a tidyup,1
9616,cws7yj6,why wont they die,0
9617,d74z99,this shiny eyed dog,1
9618,ccipt0,gum ball tree seed in kona hawaii,1
9619,w82xj,action face,1
9620,2v7784,mexico dealing with undocumented americans by offering amnesty,1
9621,cedh0m,leonardo da vincis initial pencils sketch version of monalisa drawn entirely using only his left foot ce,0
9622,cuix9m3,homer simpson in chilis,0
9623,csdk4u4,chris pratt tames the most feared food group,0
9624,ct6l8db,hitler and the ramones just hanging out,0
9625,e5quye1,voted most likely to slither through a plastic tube,0
9626,bmxnow,this surprised cat,1
9627,26g7x8,the drunkards progress from the first glass to the grave temperance s,0
9628,7c33xn,court overturns marine snipers conviction for urinating on dead taliban fighters,1
9629,cf9o0x,these urinals at short fuse brewing the beer and food is worth the minute drive from ohare,1
9630,bym9o0,my lightsaber key and half a sword key,1
9631,c8b9diw,take a peek,0
9632,dfnjuwh,as seen on tv,0
9633,b4ytg4,lonerisms the ceremony,0
9634,13r8v6,parents brought back a heart shaped rock from their honeymoon all i could see is this guys disturbed facial expression,0
9635,57m6xr,couple donates wedding registry to charity,1
9636,bme4or,magic mushrooms decriminalization denver poised to become first in us to loosen restrictions,1
9637,4e8oll,a sneaky baby,1
9638,awpesa,tax return has smile for refund frown for tax due,1
9639,d5yr0y,if you do a hole with knife or anything that cuts the pressure is released and if you turn it upside down it drops smoothly and perfect,1
9640,64ltpa,nevadas attorney general wants a judge to dismiss all but a narrow piece of a series of lawsuits accusing state forestry officials of mishandling a prescribed burn that turned into a raging wildfire and destroyed homes along the edge of the sierra,1
9641,8b7bo3,george washington putting his foot down on those brits,0
9642,2p40a4,carjacker had overriding desire to leave crieff,1
9643,bqgupc,l llshywny wlnsry ljbh lshby lthryr flstyn fwldh jnwb fryqy sn fy sryyl,0
9644,21o84p,the happiest cheerio ever until i ate it,0
9645,cepb15i,a cat thinking this banana is horrific,0
9646,14envp,setting up a hot air balloon,1
9647,3kjhn6,i am afraid the new star wars movie will let us down but not as afraid as i am of dying in a car crash,0
9648,7wt1g2,sean gunn getting pet by drax,1
9649,75ea4c,my table is very happy,0
9650,5slizk,baby batgirl,1
9651,47ybmc,a knit owl in a suit,1
9652,b0d1li,this stain on the ground looks like two people posing,1
9653,awenfd,a fleet of stealth bombers kept in a top secret facility,0
9654,1irf2c,dat grass,0
9655,8eli7i,super happy to give me attention,0
9656,3qdo27,texas officers give man car seats instead of tickets,1
9657,aufj6v,i just picked up this russian poster,1
9658,1gap5g,a guy jumps off a cliff,1
9659,cuqiteh,how you get so big eating fish of this kind,0
9660,awqclt,black hitlers talks with the league of nations,0
9661,cpiw5ez,forget spiderman we have viagra man now,0
9662,dfmf82,narrow miss for fedex driver as massive tree limb suddenly breaks off,1
9663,d8tld4,this white screen as viewed through my polarized sunglasses,1
9664,c47ju9a,you divided by zero,0
9665,exwrgzg,available here,0
9666,bsd1t5,texas approves billion dollar deal for teacher raises,1
9667,cm6f2t0,while the new zealand all blacks haka was not known to intimidate opposing teams it did cause them to feel somewhat uncomfortable,0
9668,bt2rn6,shouldve gotten the jeans with stretch,0
9669,d3lq54z,dantes inferno,0
9670,6hwojz,white family sizes up a child born into slavery,0
9671,d7j7lx,this candy corn is all corn no candy,1
9672,86ybyf,meta the kaleidoscope leopard visceral happiness,0
9673,c9lm4k3,pick me mrs teacher,0
9674,cfcunt0,nationals presidents race,0
9675,8nso6j,this cactus has been eyeing me during my break,0
9676,drv4j29,this dog shaking its fur,0
9677,3euqp1,abandoned hangar at the baikonur cosmodrome,1
9678,bydvyp,the switch also has a safety strap warning,1
9679,colu2h,this bubble tea kiosk in bangkok that only uses a telephone a hatch and a button,1
9680,c8t5ml7,an even more majestic stag,0
9681,d6qd9p,my neighborhood liquor store prices their products to be an exact an exact amount after taxes,1
9682,clf57rq,she sees dead people,0
9683,63qc20,performers in a freak sideshow,1
9684,9jy7g0,anne franks journal is found in frankfurt germany circa,0
9685,4oghgc,why no one knows how to eat avocado seeds,0
9686,5fti85,butt repeats as big tens tight end of the year,1
9687,c7xkqsl,what ive always wanted,0
9688,2wuqrd,zoo captures real graboid,0
9689,d0j9wo,the president of the united states proves that he has the biggest manliest most real hands in the world,0
9690,b2msk2,man bravely assassinates hitler,0
9691,1a5x44,kim jongun crying,1
9692,cnb0px,the grand canyon from above,0
9693,83h7j4,vietnamese refugees reunite with rescuers after decades of searching,1
9694,dd9hebi,cutout,0
9695,8cyeln,happy pig motor,0
9696,6asktz,this guy in a mid air dunk,1
9697,c6cys0e,he never loses a dance battle,0
9698,37pzo7,punjab police seizes pigeon having urdu script over spying fears,1
9699,avukor,guitar pick blends in with our coffee table,1
9700,buk98j,this offbrand battleship at good will,1
9701,da5xzx,pink power ranger playing guitar on street,1
9702,cltuxd,how this spray foam cured after the can was used,1
9703,by004r,squirrel eating a donut,1
9704,cfapndd,going for a gnarly drop off the box,0
9705,behslq,these kiwiberries from my malls fruit shop,1
9706,ccxvgb,a grasscutting robot for a golf course in japan,1
9707,cnzcefp,though it has been outlawed for years dwarf tossing is still popular in underground clubs,0
9708,c7vkm4c,death himself does not scare him,0
9709,6ec8vw,trump lawyer michael cohen says hell gladly testify if congress subpoenas him,1
9710,cw54how,tricky old man,0
9711,bqauj6,shrooms are the safest drug you can take,1
9712,ck27rwp,other discussions,0
9713,1spvwl,french politicians are debating whether paris now resembles the bronx,1
9714,8m4jxd,this robot bottle opener,0
9715,26oe4k,autumn please dont hurt me,0
9716,bqc73v,carls jr impossible plant based burger vs a standard burger,1
9717,c8s6ai9,zappo,0
9718,931k0x,i just downloaded a bunch of books i might have to login twice any solution,0
9719,7v296h,dog eats boy alive,0
9720,bnsknd,the size of this valve from a motor,1
9721,3m9wb0,canadian prime minister stephen harper and ndp leader tom mulcair argue during political debate,1
9722,c7w0p51,the reapers are here,0
9723,deqpb0e,dont mind me,0
9724,b4ezfa,fbi fighting criminals downloading music from napster,0
9725,dfgw7h,rescued dogs photo generates over to help with medical bills adoption,1
9726,1bqdto,removed two urinals and found these guys,0
9727,cyplll,this building that looks like its empty,0
9728,ztpr0,josh sankey will travel across america using only bacon as money,1
9729,6m4aj1,this puss in a boot,1
9730,ei86tzt,every time a dinner bell rings a crab gets its wings,0
9731,215rox,dave grohl with his tongue out holding a dog,1
9732,cja2lpg,magnum,0
9733,2snujb,why would anyone want an eyeball tattoo,1
9734,cqjps2q,available here,0
9735,d38i82v,it was adorable until it wasnt,0
9736,as1pru,airport bathroom,1
9737,chcpob,facebag made in canada,0
9738,85juzq,brexit bankers find home in luxembourgs redlight district,1
9739,90d4ey,its an arm and a legand a stoned looking cat,0
9740,cqsjhz,this restaurant has recipes in the menu for you to make at home,1
9741,1oi323,meet fernando,1
9742,c3ud7j,this half pink half purple lavender in my garden,1
9743,2kucck,roommates worlds scariest haunted house,0
9744,9dtdfn,the insides of a shower head,1
9745,1jvm5j,supposedly chastityabstinence club out for a summer swim c,1
9746,d3ws5xp,mrs dumpty,0
9747,cks99jx,what are you looking at,0
9748,d00i49,tyger wood forest,0
9749,c8kapxs,look what i did,0
9750,ash6fh,trump orders creation of space force but within air force watch out space isis,1
9751,3q6mod,a lion sitting in a wheelbarrow,1
9752,atiix9,four million people visit the new york public library schwarzman building every year and it seems all are eager to connect with nyc on this globe in the map division,1
9753,91iels,request found on twitter,0
9754,awdbl6,are you gonna buy me or what,0
9755,etv9p8b,strawberry smiggles,0
9756,bisetj,david bowie best of bowie,0
9757,1m1bvu,cfs is like any other debt collector but instead of purely focusing on the money it focuses on being nice to those people in debt to strive to improve the life of each of the customers they are nominated to a nobel peace prize,1
9758,cgemid,furniture fell and knocked a sizable hole in my wall revealing a coffee cup from circa,1
9759,8j1ino,space jellyfish attacks earth,0
9760,4cfstz,men take us govt ocean science buoy now want to sell it back for,1
9761,bcs1e8,dan is rather shocked,0
9762,d22ltye,excited for experiments,0
9763,deqplg,a morbidly obese person trying to fit in a shower,0
9764,c94z8zq,link,0
9765,6qtksr,savannahchatham police chief accepted a donation of backpacks with school supplies from savannah college of art and design on monday for savannah impact programs stuff the container initiative this initiative helps families in the community get backtoschool supplies,1
9766,96hr37,excited to be at the pool,0
9767,4bx158,silvio berlusconi and his new sunglasses,1
9768,wpxpr,thors well oregon,1
9769,cnktllu,the maggotee,0
9770,16ihgc,a cat as the moon,1
9771,di2x7c,my dog is a good girl and utilizes every square inch of her pee pad,1
9772,cginga,these police dogs dont chase bad guys theyre here to help survivors,1
9773,6459md,venezuela opposition leader capriles banned from politics,1
9774,9fevf0,water falling through a crack in the sidewalk,0
9775,7rblhx,man in the cockpit of a passenger jet,1
9776,cbsscbl,you should probably save your friend,0
9777,7fokzl,this bin that looks like a combine,0
9778,cc9jrq6,just another stroll on tatooine,0
9779,19bsgm,starcraft developer dustin browder looking surprised,1
9780,84imoi,hawkings supanova,0
9781,1te51m,this truck is running wild,1
9782,9dedk7,the print alignment of the logo on my sharpie is off in many ways,1
9783,7egigb,hmb while i attempt to walk up the stairs,0
9784,eh05mfb,available here,0
9785,brs14t,this redbox is blue,1
9786,83wxg2,tennis legend andre agassis early childhood neuroscience foundation has teamed up with scientists from the university of california san francisco and a company called square panda to develop the firstever universally free dyslexia assessment game,1
9787,2hw9jb,this guy has clearly seen some shit,0
9788,b8ddrw,my waistline is cm but my sweatpants size is xxxl guess cm is massively obese in china,1
9789,cu0l69,this tree trunk grew in a circular shape,1
9790,cb4b70y,shes got the face of a dancer,0
9791,cvf6dcm,mark,0
9792,c6mzjmq,if my calculations are correct when this baby hits miles per hour youre gonna see some serious shit,0
9793,aww6rc,astronomy domine interstellar overdrive,0
9794,cwihrd,my nuggets had cooking directions with a crunch rating,1
9795,d716bxp,red queen,0
9796,51193w,rowling cites dumbledor in arguing against israel boycott,1
9797,6naj24,haiti official who exposed the clinton foundation found dead in miami,1
9798,bk6n6g,angry boi,0
9799,cihbbh7,cutouts,0
9800,82p380,a tiny island with its own little cloud,1
9801,6jfa6i,contractors brought in to cia heaquarters steal in vending machine snacks,1
9802,9fcy04,how perfect this tiny cootie catcher is,1
9803,30brrl,sad bear,1
9804,7mna71,huntington yearold helping homeless in haiti with homemade dog treat fundraiser,1
9805,61xib1,domestic abuse survivor marries the first responder who came to her rescue,1
9806,dgkjloc,band of brothers,0
9807,1utnw4,kim jong un watching a basketball game with dennis rodman,1
9808,80nif4,stranger pays electric bill to help keep teen on life support,1
9809,btmpom,my car used to be a rental for enterprise,1
9810,c83qxt7,you should see a doctor,0
9811,36j971,your badge is mine now,0
9812,9gj08m,clay castle in the fairies valley,1
9813,de6trao,a girl standing before the frog,0
9814,7olgva,smiling mr goodbar,0
9815,cqvu0kw,this seems dangerous,0
9816,7xs7x2,what will fire crackers do in gasoline,0
9817,eyz0u8c,sorry had to do it,0
9818,d56vg0,this tiny dumpster,1
9819,cq013gr,luke you must go to the corgibah system,0
9820,cpple4a,fat shark,0
9821,cntpaxx,scuba is a very expressive cat,0
9822,962xl0,this butcher,0
9823,39d0be,catholic couple on a mission to help homeless lgbt youth deb and steve word have opened their memphis tennessee home as a safe house for homeless lgbt youth the couple additionally serve as surrogate parents to lgbt young people,1
9824,1fsma9,i was shocked and saddened when you removed the alarm control panel,0
9825,ciu4co1,cutouts,0
9826,94tyjz,pop tart homicide,0
9827,cmtdz45,nintendos latest dlc,0
9828,5ma4lz,mothers love and guitar bring australian and thai musicians together,1
9829,8zn58r,slopes by changing you,0
9830,cnfejqr,is this right,0
9831,d76huy,stuff i found in garage part two university of cincinnati year book,1
9832,3am6tz,captain marvels pareidolia experiments are leaking through the page,0
9833,da978g,slug slithering on wet sidewalk,1
9834,cefkbs,two guys riding a jetski,1
9835,c8erzw2,representing the omg obama suxxxxxx party,0
9836,7wgb1u,trump and kim jongun making bets at the olympic,0
9837,6iccf1,bad times st,0
9838,8yia3c,dday,0
9839,7xhma5,thailands maya bay location for the beach to close to tourists the bucketlist beach on the island of koh phi phi leh became famous when it featured in the leonardo dicaprio movie but environmental concerns mean it will close to tourists from,1
9840,cz40fv,jasper national park employees want people to stop taking selfies with their bears,1
9841,b95d55,feminine product dispenser i think not you shifty eyed robit,1
9842,c3l6awv,graphics settings overload,0
9843,6ga901,finnish lease tank during operation barbarossa,0
9844,5v599t,disfigured jewish man cannot escape the zykon b,0
9845,ck7pvpu,this felt like the next logical step,0
9846,46zmlk,over different organizations in houston texas collaborated on a lofty ambition to tackle veteran homelessness,1
9847,846o9y,he cant wait to go down the slopes,0
9848,1al8oy,jack black blowing your mind,1
9849,66607u,poll percent of texans oppose border wall to stop illegal immigration,1
9850,cynwuf7,moonwalk,0
9851,9c90xi,hugging so hard they merged,0
9852,9f39kj,she smiles so beautifully police officer adopts baby daughter of homeless woman battling drug addiction,1
9853,cluy3rd,the hunger,0
9854,6xrxks,communist pamphlet extolling jews to move to soviet birobidzhan the worlds first jewish homeland new york,0
9855,cajlk2s,eat this,0
9856,61yigg,trump house panel should investigate clinton not me,1
9857,cxzg2vy,bernie sanderclaus and the naughtylisters,0
9858,1ylfwa,erik kochs neck,1
9859,79h8w4,this owl mid flight,1
9860,carwoao,toasterman gif,0
9861,csmn0z2,baby dinner,0
9862,daaij4,han solo crosses jabba the hut for the first time bby,0
9863,cx6ycw,my uber driver has a goats foot hanging from his rear view mirror,1
9864,b2nzrg,the way this algae glistens like snow charleston south carolina,1
9865,8jr9xp,this rat clenching its fist,1
9866,52k8i1,action fraud warns of fraudulent antifraud warnings posing as action fraud,1
9867,cyhbct4,donald trump hugs a us flag as he takes the stage for a campaign town hall meeting in derry new hampshire aug,0
9868,6u52qe,i ate a japanese pancake filled with a mustard seed sauce,0
9869,dkxcs35,aarrr wgh ggwaaah,0
9870,6a30pd,disabled girl runs race inspires community,1
9871,2wx2hp,chachapoya culture no tiger creeps,0
9872,cwg9fj,grandma caterpillar putting on lipstick,0
9873,e53kdq7,available here,0
9874,4spgd5,cant go on reddit at work this man checks it out for you,0
9875,5k7han,grandma hangs on to spend one last christmas with nursing home staff,0
9876,ct9vtt,this pizza place that has pepe eating pizza,1
9877,cilik3s,grandzilla is not impressed,0
9878,b74ytz,the norwegian parliament declares independence from sweden th colorised,0
9879,aw6sno,why the mueller report might disappoint almost everybody,1
9880,ctbr7wt,supreme leader kim,0
9881,4oj7w5,alfie enjoying the new carpet,1
9882,6y7vu5,kim jungun on a bed,1
9883,1y4yus,tiny soccer player having a beer after a victory,1
9884,bpwo90,michael jackson gets a nose job,0
9885,bvr0c3,left this sponge in the sun after staining some wood a dark color it caught fire from the sun shining on it,1
9886,9epc5u,toddler hands officer bag of drugs during traffic stop police say,1
9887,9fwif4,heart chewed into a leaf,1
9888,26xjzf,this guys unibrow,1
9889,bhh2d3,this penny that got stuck in my washing machine,1
9890,ciehcnc,instead of cleaning my apartment i give you mouse rock on dude,0
9891,ccha9kr,play with us earthling,0
9892,cht8nqx,rest in peace,0
9893,1l5joj,hey there little fella,0
9894,7edjcr,bear in a chair,1
9895,1ousb8,police arrest men thinking jolly ranchers were crystal meth,1
9896,8oeoiw,forney high school in texas wins softball state championship year after teammate killed in accident,1
9897,cwucyr,speed limit sign in denmark,1
9898,5y8fqu,my high school had a project i would love some feedback on what to work on,0
9899,c5os8cl,its official now,0
9900,91ocn1,metalcore guitarist reveals he saved a fans life by spitting beer in their eye,1
9901,cbk28w7,i dont like to see a man in that kind of pain,0
9902,d94o6n,mariusz pudzianowski competing at a strongman event,1
9903,bcormc,a dalmatian enjoying a giant bowl of cookies and cream ice cream,0
9904,96z9qb,this newspaper,0
9905,94lwek,clive drummond fetishistic forms of objectivity,0
9906,22pwf0,good morning,0
9907,cbd53y,dont know what surprised them,0
9908,2unr8t,man wearing devil horns steals womans wallet at brooklyn bar cops,1
9909,arqp5v,due to over crowding and traffic issues in yosemite massive construction ensues,0
9910,7uk4gg,melania trump could face being deported under president trumps state of the darkest days of the greatest burns ever dealt was by michael scott,0
9911,2speyh,meakin ashamed of every ill deed,0
9912,ckcv9f,you can live control trumpbot right now raspberry pi robot under internet control,1
9913,8vru61,whose hand is that,0
9914,9ed5al,vienna autumn,1
9915,2dfrnp,plate of sushi from redc,0
9916,8350ap,i protecc,0
9917,9bjpx2,the invasion of poland circa,0
9918,cy8bcx2,paging mini dr hamill,0
9919,cl8c9db,hes right behind me isnt he,0
9920,bznra7,this small locket made from two old indian th anna coins,1
9921,34bzne,look at this evil grin,0
9922,b550s1,us vessels sail through taiwan strait defying china,1
9923,13t3sm,nsfw disarming pacifistic socialist party,0
9924,6i7oyu,florida shelter combats northeasts kitten shortage flies to new york,1
9925,d6qq2d,want to finish pulling the plastic off these wheels,1
9926,913055,thrash can what a mess,0
9927,cax4avv,other discussions,0
9928,2geqtv,boom pow batman spiderman arrested following brawl with man in times square,1
9929,chakim0,cutouts,0
9930,dkjhm4,found this building with the number written nowhere near the entrance,1
9931,ha5jw,the truth about marijuana,0
9932,dm7l7cn,the power of chi,0
9933,bb8k8s,a macro picture of a giant african land snails eye,1
9934,14i5lz,unique photo shoot pose,1
9935,cbhioeo,other discussions,0
9936,ca514d,smiley face in red pepper,1
9937,cfk0aq,the way these pillars look like people looking at eachother,1
9938,c6mipkt,chupa chups,0
9939,7w0z3d,decades after it went missing nigerian masterpiece is found in london apartment,1
9940,1rvng0,girl photo sent to her mother appearing to be hanging off a cliff,1
9941,2bb0ba,nothin to see here,0
9942,bv7mk6,this trailer shaped exactly like the car,1
9943,ca4b1i5,fight,0
9944,cfqjztr,north northwest,0
9945,d5mneq,the pattern on this spiders back looks like someone wearing a gas mask,1
9946,c6l2wu7,op op op op,0
9947,1ppmte,weird al yankovic holding a piece of paper that says get well soon amanda,1
9948,2qtbs3,this toy was really sad and his friend on the right was really surprised,0
9949,dsdsrdf,when a problem comes along you must whip it,0
9950,czeqk5y,earth which way is that,0
9951,12izn4,cheery camoclad soldiers holding invisible rifles and charging a beach,1
9952,ch3h0bd,cow escape,0
9953,2o967l,apple admits to deleting songs off ipods without asking,1
9954,5j4agi,jordan gun attacks standoff with armed men in karak ends,1
9955,dgfd79,these two ducks chilling by the lake,1
9956,c8tyvt9,mother oh god mother blood blood,0
9957,zwgiv,an optimistic seal,1
9958,cbw6n6h,its dangerous out there,0
9959,4k8a2y,a postman wears a mask during a ceremony to receive awards from police for assisting in detection of drug deals in guangzhou guangdong province china,1
9960,capcrj,king leonidas leading the into the pass of thermopylae to fend of the persian armies circa bc,0
9961,bid041,bizarre crime wave hits highlands ranch after multiple residents report missing benches,1
9962,33c77a,woman being chased by horse,1
9963,cjmscl,a surprised frog in my grandparents garage,0
9964,ccmqj2b,other discussions,0
9965,5390qw,found this surprised little guy while zip lining,0
9966,cmoksqm,riding a giraffe on an african safari,0
9967,cfpgzkc,have a seat,0
9968,cv9yr1,yesterday morning at the beach not photoshopped its a mirage i couldnt help but notice,0
9969,4vv6nz,tsa reminds passengers no batarang superhero weapons on flights,1
9970,5c03ub,ireland creating worlds largest redwood forest outside of california,1
9971,d4l4qp,broccoli dipped in milk,0
9972,c5y5aw0,always watching,0
9973,9ifwyt,my fish tank when its sunny,1
9974,cbzq43,this front door with three knobs,1
9975,cc85wh,rage comic water dispenser,0
9976,7l5l7d,friend said that she thought the person in the pic looked tiny compared to the skis,0
9977,85c4ep,george washington prepares to cross the delaware river circa,0
9978,d3vcue7,someone is sad they werent included,0
9979,8cyo46,this cat on a kitchen scale,1
9980,37idfh,oregon man asks pendleton city council to ban fart smells after it outlaws pot odor,1
9981,coqta00,does it matter if he skips leg day,0
9982,ayppkj,parking lot wake up,0
9983,97vh1a,when the faces start to look like this theres our eastern border finnish cartoon,0
9984,dl7ueo,this card game based entirely around creating ramen dishes,1
9985,1xt09e,woman set ablaze by partner hugs him to death,1
9986,3w72cs,this is in the heart of further change to come into the world views us as biggest danger rogue state,0
9987,1exf4g,ladder looks like hes waving,0
9988,d3wcif,these colored pencils,1
9989,cjqww66,cutouts,0
9990,d6na3p,this strange stoned spongebob i found in a prop room,1
9991,e5s2vss,here little fella,0
9992,85e9w7,donald trump trying to master the double handshake,1
9993,1t1pgw,why doesnt the classical music industry take injury seriously,1
9994,c87jxvl,just tell me where your american mcdonalds is and ill put my clothes back on,0
9995,cuvrpsp,gore,0
9996,bw1xd1,captured this hummingbloom on my hike yesterday,1
9997,b9scam,ive been in this waiting room a while and really want to wave my hand to open the hyperbaric chamber should i what will happen,1
9998,5i98hb,harsh reality of the vietnam war,0
9999,cbmz8g4,see yall in hell,0
10000,5qeb4i,this american athlete,1
10001,c2xi0u,this cafe asks you to donate to charity in exchange for using their outlets,1
10002,4su7zm,taken aback by another person,1
10003,53f57g,happy to deliver your goods,0
10004,41s9r5,ana ivanovic playing tennis,1
10005,2s2m9x,eyam hall ocx,1
10006,cu5bho8,little donkey,0
10007,1qe5ms,jamal edwards amateur filmmaker of humble origins turned multimillionaire positive role model,1
10008,cwneuw2,playin some ball at the farm,0
10009,10e5ks,canadian internal cheese smuggling investigation begins,1
10010,cz51b5z,kept making edits,0
10011,410ait,deer standing in front of a large tree,1
10012,792whg,soviet submarine officer who averted nuclear war awarded future of life prize,1
10013,cj9ufx,the mas building in antwerp uses curved glass in all its windows,1
10014,48y1az,roadkill,0
10015,dbzxmfy,bah god that maniac is headed for the top rope,0
10016,8enqsw,this wideeyed cat ready to pounce from a hamper,1
10017,arx7tf,in a store i stumbled upon a poster of a random pontoon i had taken a picture of that same pontoon years before,1
10018,6o22am,eighth person in trump tower meeting is identified,1
10019,80xsx3,why hollywood wont cast hilary swank anymore,0
10020,ely3hpe,thanks for saving me guys but if its all the same to you id like to take a minute to do something before we go,0
10021,8yz9zg,a leatherback the size of a car,0
10022,bb7n3k,heeeeey amigoooo,0
10023,dtpxjza,tiger den,0
10024,deyux9,this sink in a fancy restaurant in my town,1
10025,bylv55,this sand dragon i found in a florida beach,1
10026,4s8nc9,a crack appeared on my sisters ceiling three days later this happened,0
10027,d9rgiyw,deploying counter measures,0
10028,dm7o6qn,hanging in there,0
10029,cdvc7o8,other discussions,0
10030,bfvtm9,washingtons major push to lower drug prices,1
10031,6smi33,salzerbach nothing is stable,0
10032,cde1rp,saw this on rmeme thought it belongs here as well,0
10033,1xfhk9,legitimate lincoln for presidency poster,0
10034,crscnhh,excuse me is this bathroom unoccupied,0
10035,c2zd26,this picture i took of a storm last night looks like abstract art,1
10036,ca1imuo,itsai dont even know,0
10037,dr79fku,winter solitude,0
10038,c7mrdyp,obligatory,0
10039,d5zh6k,a push pin held to an earbud by the small magnet in it,1
10040,cjg0tjn,mandatory spooky ghost,0
10041,15ro1f,baby hedgehog on its back,1
10042,782wk5,i made pancakes,0
10043,9eccsg,happy to weigh your weed,0
10044,6imoq4,suspiciousnosy cat peeking around a corner,1
10045,2qhahi,bored putin,1
10046,1k4u40,modified k police respond to vicious dog in baltimore city officer ends up adopting vicious dog,1
10047,85apod,cant drink coffee if theres a confused dude in it,0
10048,1tld1y,creepy elevator in an abandoned warehouse,1
10049,bowqox,my kit looks mildly like a yin yang sign when she curls up like this,1
10050,78xndf,blind triplets make boy scout history overcome being bullied and attain eagle scout ranking,1
10051,cuh05o,this mosquito bite in the middle of a bruise,1
10052,40rduy,matrix inspired outfit a reddit user wore to school in,1
10053,9797ku,chicago police left a bait truck full of nikes in a predominantly black neighborhood,1
10054,42h4rh,what happened when the creepy antagonist has sex he takes off his shirt but when the sexy protagonist has sex they show him unzip his pants,0
10055,deqjcb,this broken piece of plastic looks like texas,1
10056,1smw9e,pm of denmark helle thorningschmidt,1
10057,9icwc9,i bought a yellow watermelon on accident,1
10058,8yj5dm,trump visiting europe,1
10059,3yz1nu,protecto the ass gasket dispensing robot,0
10060,cy7qlhq,i have a fever and the only cure is more cowbell,0
10061,d6io8m,shadow of cutlery on the ceiling its sitting on a glass table top,1
10062,teq68,heres an eagle wielding a knife do your worst,1
10063,bqxr0r,this wee spider caught quite the lunch,1
10064,bbvm6l,where next rockingham,0
10065,8w4z11,crumb locket,0
10066,19s1qx,betty white eating a hot dog,1
10067,6if0f4,man tethering airborne woman by chain,1
10068,4vc8dn,cat stretching on a bed,1
10069,d46bxg,this selflabeled carrot,1
10070,dkcdcz3,how to raise a king,0
10071,6mth1b,nottheonion stands for net neutrality,1
10072,46xj4s,oil is now so cheap even pirates arent stealing it any more,1
10073,6t5nv2,after this old man drops his groceries mom cries when she realizes hes tricked her into helping,0
10074,2smjce,women use pie as spectacle,1
10075,cim0s9,field full of plastic birds,1
10076,6jecoh,the cover to a seatbelt fell off,0
10077,d6c97j,the luminaries we never sleep,0
10078,cb5lvq,thats not the same as the next one,1
10079,1rjcqz,a man drawing in a university hallway,1
10080,dbv0qi8,you gotta try this man,0
10081,cdw5ea1,calvin decides to join hobbes in the water,0
10082,9drqnw,the look on that phone when it realizes gus is calling to threaten mike,0
10083,b5914m,this very old lamppost that had a tree grow around it,1
10084,dhc49d,i also have a camera obscura in my room but you can see the light stretch the image at the point where it inverts through the hole,1
10085,157ox7,happy bag loves tictacs,0
10086,9558da,somali refugees are helping to fight plastic waste in one of the worlds biggest camps,1
10087,chewqg,dog standing on my leg left a paw shaped mark due to dermatigraphia,1
10088,2gnsxn,picture going around on proassad facebook pages assad means lion,0
10089,69hif4,this guy with a dental apparatus on his face,1
10090,3nh0e5,arsene wenger bouncing a soccer ball basketballstyle,1
10091,c2m9m6,copernicus proposing his heliocentric model,0
10092,6b43yh,battle boxer being punched on behalf of previous winner minersnotminors,1
10093,1tw12a,boxer sweetly meets baby sister for first time,1
10094,cfkwb71,wrong cliff,0
10095,24u6mr,guy jumps under the sun like a champ,1
10096,803e02,on the set of the live action sonic the hedgehog movie,0
10097,cgfu2jv,buckhenderson,0
10098,4mqr9u,skyclad how did we get here,0
10099,9edtok,fingie the ghost,0
10100,8it9dg,i wood not believe it if i did not see it,0
10101,dguy8k,this picture i took in london looks like its black and white no filters were added,1
10102,5ea73k,dont pump trouble antidrugs steroids,0
10103,c44cd5,my yr old brother had cavities in his two front teeth and instead of getting them pulled the dentist capped them in silver and covered the silver in a offcolored tooth color,1
10104,d5hfjex,cossack colbert,0
10105,dhugevj,our lord and our saviour,0
10106,2vilue,a cool claw machine i saw today,0
10107,1b71xv,tomska holding a whiteboard,1
10108,bwrywb,xbox bringing deodorant body spray and more to australia and new zealand,1
10109,axvqpd,galactic camp sets record with furries a san francisco bay warship and a soviet time traveler,1
10110,clyl9h,this women only parking space,1
10111,csf316,nothing unusual here,0
10112,cu8kjik,survivors ready,0
10113,6bprsq,community flocks to bring flamingos to little girl after hers were stolen twice,1
10114,cingu8,found at a hotel in praguestandard american corn big soviet corn,1
10115,1ra8jw,jennifer lawrence pretending to be attacked by an invisible toothbrush,1
10116,4cefzr,spaniards troll uk contest to name new ship after spanish admiral who resisted british fleet,1
10117,diao0k,the night sky full of sparkling stars,0
10118,c881htj,fly away with me,0
10119,br8sqd,us senate moves forward on plan to develop electric vehicle supply chain,1
10120,dj2xjx,the whatsapp default background has a creeper on it,1
10121,5p0l1e,dangling dogs and humans,1
10122,dhy7gl8,more like baby womhat am i right boys,0
10123,2t318w,fiveyearold misses friends birthday party and gets invoice for ps,1
10124,4s4eit,hook lighthouse exactly like her,0
10125,dbf46q7,a bit higher yes right there,0
10126,dcpr67,this weird mccoys bag of crisps,1
10127,c2tgrn,sinking of the titanic,0
10128,csosuy2,spotted this beautiful graffiti downtown in the warehouse district,0
10129,d8zafw2,the halflings pissed subzero off,0
10130,6cpn5u,maybe a child gave this gun and other tribes,0
10131,cgfd8m,a blue stop sign,1
10132,39cy4c,a friendly face in the bowels of aperture science,0
10133,cs54v9,where caesar was murdered in rome is now ruins home to a cat colony,1
10134,ddncpj5,your mother has died,0
10135,b4ctzo,got new floors a few months ago just spotted this today,0
10136,6gszw3,frederick douglass and abraham lincoln meet to celebrate emancipation,0
10137,54lrf4,polar bear underwater,1
10138,co23jk,sanitation worker in oklahoma gives toy recycling truck to boy who regularly greets him outside,1
10139,1bmd5y,ethiopian girl reportedly guarded by lions,1
10140,1lgivc,new york times forced to clarify that irish prime minister enda kenny is in fact a man,1
10141,31ovke,michonne pug,1
10142,51moc4,navajo code talker dies at age,1
10143,47eb60,terrorism stops here rhodesian army rhodesian bush war,0
10144,cgu20wd,cutouts,0
10145,2fpng1,new high tech prosthetic hand,0
10146,1u3gco,happy new year from japan here is a huge bee made out of flowers,1
10147,7wolw4,o,0
10148,bes3nm,football player thanks himself for the game,0
10149,d4961pg,blowing,0
10150,ba03ak,cat rug,0
10151,4rorc9,a minor league baseball team in new jersey will celebrate cats during a special caturday game featuring limited edition uniforms the catthemed jerseys will be auctioned off to benefit blueclaws charities,1
10152,3rr0wn,this is not out for a long hour shift,0
10153,cj2msce,i did almost the same thing but my post got removed,0
10154,5hdtqc,hillary clinton attacks fake news in postelection appearance on capitol hill,1
10155,csm6x4p,its a trap,0
10156,dax639j,trapped in the cabinet,0
10157,cnrejfc,meep,0
10158,8tw9av,a weasel midleap,1
10159,59wx2v,it is thrilling to go to war in iraq endorses another,0
10160,6zjphj,italian east africa aoi africa orientale italiana fascist italy,0
10161,53gq8m,fbi multiple ieds found in package at new jersey train station,1
10162,64y2x7,hallstatt austria,1
10163,dll3na,this is how they check if people paid their parking fees in amsterdam,1
10164,d79hxd,toilet paper without central tube,1
10165,1zkbwb,chinese student allegedly jumps floors to death because teacher told him to,1
10166,dx27slf,doughfish,0
10167,9cngqb,i feel the same way buddy,0
10168,689o0b,video oer the clouds,0
10169,5ciz0l,pretty sure she was about days til i see your fridge cat and raise you a dog toy while dog looks better in your glasses than you know,0
10170,bujaaw,americans view of job market hits new high,1
10171,bh5c5y,donald trump being elected president,0
10172,6u65ad,after losing her husband woman adopts dying dog that no one wants,1
10173,cj9k7ty,cutouts,0
10174,2wcj9p,bachelor party group photo,1
10175,ba4xnr,this book from has the main character dabbing,1
10176,25y1ri,quinnipiac student calls in graduation bomb threat to hide dropout from family cops,1
10177,cobube4,its not cool unless there is an explosion,0
10178,53w804,i didnt know you have friends in a childrens cemetery in the woods of th century doll that belonged to a site called faxo,0
10179,beld7f,my moms highschool gave out matches at there senior prom in,1
10180,8ddybv,louis pasteur discovering fermentation in microbes,0
10181,dcl53y7,partycus,0
10182,cc9922o,what venom carnage does on the weekends,0
10183,avetxq,private company discriminates against disabled people,0
10184,dh5tfs,this halloween decoration creates red shadows,1
10185,bwv1n5,this deformed dumdum,1
10186,8gkhij,goodbye tinder facebooks new dating app finally allows you to romantically connect with your dads friend who likes all your posts even though youve never met him,0
10187,ayujvp,heres precisely why captain marvel is such a disappointment,0
10188,cblewy5,colorization,0
10189,5wc58j,sudanese man grabs maize from a starving child during food distribution at a humanitarian aid feeding center ajiep sudan x,0
10190,8qeh33,this plants vs zombies peashooter costume,1
10191,1rxn1x,underwater picture of a surfer on a wave,0
10192,chyts0k,cutouts,0
10193,5rx16i,nfl loses rights to super bowl,0
10194,1h6ngn,muhammad ali vs a little kid,1
10195,dk2hr7,this purple flower in resin turned multicolor,1
10196,1ems8g,david grohl and his daughter enjoying a concert,1
10197,c6kjx5n,suddenly a lot worse,0
10198,buyi6g,this army of worms that took shelter under our outside rug after some heavy rain,1
10199,c65fy51,now as i was just explaining its really quite simple,0
10200,449bx9,i would share with the music for his video,0
10201,7xjbwt,patriothole immigrant scourge an investigation has revealed that the las vegas shooter have gotten the energy to kill from food made by an illegal alien,0
10202,28c7d3,after horse falls into mud hole its the fire department to the rescue,1
10203,cqinduy,i am the lizard queen,0
10204,bx1zwq,camera car of a map service,1
10205,bcdbxh,killed a mosquito and it made an almost perfect imprint,1
10206,d18p1a,this dog with headphones on,1
10207,2h9uf6,obama sleeping with louisville slugger under bed now,0
10208,55pz2f,welldone filet mignon,0
10209,c73mr6o,obligatory,0
10210,94mm84,skinny person mountain climbing,0
10211,6xsti7,an embarrassing father enjoying a tourist attraction,1
10212,2jnjfu,a very happy bulldog,1
10213,dg4clh,blizzcon outside the main entrance,0
10214,6q1j5i,dick pick,0
10215,cuw0rde,the newest fashion trend,0
10216,bq3slk,upset cocaine customers help fbi bust massive drug ring in pontiac,1
10217,cs5fex,dr spanko king of the cack,0
10218,6fxntc,walked into this kitchen and the fridge looks like hes chillin,0
10219,7mx7cy,mueller probe outgrows its witch hunt phase,1
10220,1tanxs,cool dude on the juice box,0
10221,5kjxk8,this kitty in pyjama,1
10222,64j1b1,oo,0
10223,cdjjfhj,this is what catholics do right,0
10224,1s0tds,a majestic dog with its head out the window,1
10225,3hg4cl,creepy doll from a museum,1
10226,1609yx,chicken on a head,1
10227,ayrzbm,futuuuure,0
10228,dj57g9o,feline and loathing,0
10229,cntyb9,the flying monkeys in burlington vt,1
10230,2g6x6j,shanghai kindergarten apologizes after playing japanese military song at graduation ceremony,1
10231,ckejjno,kim jung un,0
10232,c7yc5t,falcon on a guys finger,1
10233,d09jlwt,people just dont care about the homeless,0
10234,24yxlo,windows menu,0
10235,9hab6o,everyone must take part in protecting the environment vietnam date unknown,0
10236,b902be,michael moore and amy schumer get married,0
10237,nvsuz,awesome cupcake,1
10238,dpjw65d,vacationing in sparta,0
10239,43y1ce,donald trump and his golf course,1
10240,c5u7od3,shes not impressed with the seating arrangement,0
10241,co99yr,do i have a big butt,0
10242,chclicf,cutouts,0
10243,colcfnd,catacomb,0
10244,7b6zq5,this prancing wiener dog,1
10245,c7gma5o,someone knows what this is,0
10246,bu4sgi,my work has started selling cans of water,1
10247,dal5hfi,imgur,0
10248,df3x7f,quarry hill park mn,1
10249,5n6j9u,seaworld cafe introduces new pound orca burgereating challenge,0
10250,7s73fr,havent seen anything like this around so i thought i would make my own greenday american idiot,0
10251,crvzn0,a bakery i went into during my first visit to paris,1
10252,bapfon,hitler on his podium,0
10253,7rt758,flamethrower,0
10254,2b4rvm,whitetail eagle x,1
10255,d38v9b,ive been using this pen for months and just realized theres a highlighter on the back,1
10256,3a3svp,these two pups waiting for their treats,1
10257,aykqb3,first poster for star wars episode ix released,0
10258,99ech1,unicorn buttplug on a fishnet stockings,0
10259,c4lnj47,tonight we swim in hell,0
10260,cs9r6h,my friends dogs eyelashes,1
10261,cs88sbd,maybe his arm is shaped like this get off my back,0
10262,7f2jbe,some llamas,1
10263,1wkmbq,ukraine police attack wrong protesters,1
10264,cltdx1v,rover heard of a church where the pastor gives out belly rubs to those with the most spirit,0
10265,c4o072c,hell take the money,0
10266,739y5c,mike pence and an unidentified secret service agent stand in a postapocalyptic washington dc in a chilling photograph that provides a rare image of his cruel reign dehologrammed and,0
10267,clxyo6,a bear enjoying the view and contemplating life,0
10268,2rcphz,crews rescue naked woman trapped in exlovers socal chimney,1
10269,7u7hq5,my facebook feed is a former american politician and deep state operative,0
10270,53fjuf,a kid sticking his head in his friends baritone,1
10271,awu9uk,cleaning out the living room in the family house that ive recently moved into found this guide on how to use the basement in case of nuclear fallout,1
10272,cfzv9lv,other discussions,0
10273,3elypf,engraving of the slave ship brookes published in by the plymouth chapter of the society for effecting the abolition of the slave trade it has become the iconic image of the inhumanity of the transatlantic slave trade,0
10274,2ejvl7,isis band change social media handles to stop being confused with isis terrorist group,1
10275,1blhxz,security guard facepalming at a black veil brides concert,1
10276,1r3qhq,chris brown gets booted out of anger management rehab after throwing rock through moms car window,1
10277,2jqlf6,woman dropping her cheesecake while posing for a picture,1
10278,dd2q9sf,alien,0
10279,2wckz5,cnn uncovers isiss dastardly scheme to lure western women with kittens and nutella,1
10280,arfpc2,the hand washing rap found at the local pizza place,1
10281,7ric5f,well hey there kiddo,0
10282,aubg02,thought this picture of newcastles almiron belonged here,0
10283,czq81g,vulcano crater in portugal picture taken from an airplane,1
10284,cis4wq,wall of pringles,1
10285,451o90,clintonmarx waking up and the planet is ripe for an entire subreddit dedicated to the day over at rredditdayof baby is woke af,0
10286,bws9nk,a penny from it says geordivs v dri gra britt omn rex fid def ind imp can anyone translate,1
10287,c8atdzu,limbo dance,0
10288,8l2pcy,hbos westworld begins filming pilot,0
10289,6c7j61,dog climbs tree,1
10290,dkdijud,conan the dancing hot dog,0
10291,8as87i,goldman ceos deputy cant stop wont stop spinning records,1
10292,bqx86a,i live near the flintstones house sf bay area,1
10293,cll8pz2,oh sht,0
10294,7wgbzw,mcdonalds bathing suit,0
10295,4tywy0,rosemary hall political activist great risks and few hopes,0
10296,4mixnv,the rings sadako and the grudges kayako play baseball,1
10297,22lrou,palestinian women training shooting,1
10298,chl7nrq,oh shit,0
10299,53hik7,found a network hub for my next lan party,0
10300,cv2gs25,its mr banana grabber,0
10301,xkb2a,guy on a kickbike,1
10302,bceyon,german colonisation of nambia,0
10303,9g7qol,this group of turkeys is called a rafter of turkeys,1
10304,b68d07,a bird left an inprint of its feathers after flying into my window bird was fine just embarrassed,1
10305,ddg9g2,my coworker cut an avocado for her salad during lunch and it opened perfectly,1
10306,c9saxhk,patrick,0
10307,4fnnsu,league one footballer realises hes left car lights on following midmatch pa system announcement,1
10308,93u6id,judge rules albuquerque civil forfeiture law unconstitutional upholds innocent until proven guilty,1
10309,38oi1w,wolverine plateau canada,1
10310,9cfj1n,thi air freshener spray dispenser looks like its smiling at me,1
10311,ceqc7n,elon musk neuralink,0
10312,1q6v2i,mom arrested for letting kids play outside,1
10313,6i1f7i,usa and new zealand close to free trade agreement,1
10314,5z5kcp,nintendo explains why you should buy mario kart again,0
10315,60mynt,different crossroads for black people and white people made in alabama,0
10316,1k1n0e,my friends shorts look like a fish,0
10317,9h9y1t,my college has a free librarybook box you can put books in or take them out as you please,1
10318,6a8l8l,fbi director james comey is fired by trump,1
10319,cm1o09,saw a show in mansfield ma last night sticker gives you a number to text to let them know if someone is ruining your good time,1
10320,9beqng,the one less traveled by park bench counselors,0
10321,23zjrv,baby gorilla,1
10322,ci9930n,project red dust,0
10323,4tg587,the feds want to launch peanut butter drone strikes to save endangered ferrets,1
10324,bwlme3,man holding keiths shoulder,0
10325,9cid7p,this fortune has a capital one ad on the back,1
10326,atob7j,this dog caught midyawn,1
10327,519avu,manchester united news players told it is not cost effective to swap shirts after games,1
10328,4fy9q2,guy miming in a green screen,1
10329,cn0hbo,my grandfathers left ring finger is missing so he cuts off and sews the corresponding fingers from his riding gloves,1
10330,8rk0uy,the tiny man who lives in my kitchen table,0
10331,cy9rtu,went across this vending machine that was selling drugs,1
10332,66lpg4,this dog holding a pinecone,1
10333,bakaih,afronaut space program,0
10334,ayx40b,krafts florida massageparlor founder sure hung out with lots of republicans besides trump,1
10335,czfljmt,a titanic meeting indeed,0
10336,1rkyvd,gay couple guilty in marriage license protest fined one cent,1
10337,bxnmbz,a supreme mailbox,1
10338,cnsp61l,chill i know the way,0
10339,9k3erv,this jar of mayonnaise came with a packet of ketchup,1
10340,84nojx,this photo of putin,1
10341,5qqhou,you no longer allowed to disagree with is literally the worst things to have a new code of conduct,0
10342,8gzad3,operation stand down a chance for veterans to help veterans,1
10343,boa5ua,this horrified styrofoam,0
10344,c8fau4n,it focuses the light,0
10345,cgu4qsx,not just a stretch,0
10346,3cmj0i,logitech now known as just logi because tech is everywhere,1
10347,cazo3ro,this turned out disturbing,0
10348,d7x41xg,falcon flame,0
10349,2td4k9,mary cheney im darth vaders daughter,1
10350,c5zx335,fixed,0
10351,77mk8r,its time to have a national dialogue about race cars,0
10352,doe2q41,ooky spooky,0
10353,axux08,the tip of my finger,1
10354,ck2ykkg,is anyone else hungry,0
10355,8kdu3i,coffee with surface bubbles,1
10356,cl71r2e,so humiliating,0
10357,dzznno7,fixed,0
10358,capxchm,draw me like one of your french girls,0
10359,dskm78l,checking out space,0
10360,ct9fpf,johnnys left foot looks like its his right foot because it looks smaller and farther away,0
10361,2ps3e3,car salespeople still more trusted than congress,1
10362,clyar89,old dawg in the arms of a police officer,0
10363,cy1eqo0,hyacinth hippo,0
10364,251gei,jaden smith wearing wig,0
10365,c8xdwp5,zip lining,0
10366,85ku6e,trump loved hacks but now theyre hitting his people and anyone could be next,1
10367,cwbzj9,the way these boxes are are stacked,1
10368,axmx8y,dude asleep at a bar,1
10369,29o1iw,tim howard makes a save,1
10370,c7j5acs,viva new las vegas,0
10371,e2xkvzb,httpsiimgurcomupujfsjpg,0
10372,et4qso2,everyone likes that,0
10373,d904qi9,psycho animated,0
10374,4q4893,campers presumed dead found alive after flooding,1
10375,ccqiq45,other discussions,0
10376,dmg1znq,come at me,0
10377,d52vc7e,imgur,0
10378,9es1an,my pringle is folded over onto itself,1
10379,bfc61r,this toad in camouflage mode,1
10380,b8xx7w,recently had renovations done to my house to remove a fireplace these shoes were found behind it,1
10381,cbq0koi,look ma no hands,0
10382,34zvj1,radio signals puzzled astrophysicists for years they were coming from a microwave oven,1
10383,261gkp,a fat cat,1
10384,90o065,mass gathering of good boyes,1
10385,cgi805y,a giant among cats,0
10386,cpzq3qn,that one day,0
10387,9j364p,my cups top smiling at me,1
10388,cul59zk,nsfw,0
10389,8fzs68,cover of the first japanese naruto manga volume ca,0
10390,7ihhxa,this kid is really stoked for his holiday photo,1
10391,cq2h9o6,always appropriate,0
10392,czt3xq3,httpiimgurcompdyncjpg,0
10393,bsjryr,rare photo of the mass suicide at jonestown,0
10394,djnabc8,inception,0
10395,2q436y,dorchester ma teacher donates six figure contest winnings to the lowincome school she works for,1
10396,2eoop1,gnomes disappeared in austria and its causing a political scandal,1
10397,cechol,mosquito,0
10398,6rczg8,crazy for cryptocurrency why south koreans are risking it all on ethereum,1
10399,7yzjk1,the first thing you should do when you check into your hotel room,0
10400,1a3izd,peta to hand out zerg antiabuse pamphlets at starcraft heart of the swarm launch,1
10401,c7i0a8,us election do the three richest own more than the poorest half of americans,0
10402,12m7ms,a school bus bicycle i saw in india,1
10403,d8y5awk,sax,0
10404,5aj440,man chopped toe off with bolt cutters and ate it in sheffield store,1
10405,ckhq26t,cutouts,0
10406,60wbvu,us high court hands disabled students win on education standards,1
10407,brjyiy,my popcorn popped through the bag,1
10408,4j08xa,india cuts price of essential medicines by,1
10409,23pcet,sweet potato that looks like a seal,1
10410,dgkjvh,the upc label on a bag of whole wheat flour,1
10411,8kqdag,usas for people to battle in vietnam s,0
10412,509rhk,of the saddest celebrity suicides,0
10413,8l1om9,alaska airlines says so long to nonrecyclable plastic straws,1
10414,daorvs,this building has its original burglar alarm,1
10415,9jccn1,this binder was made in west germany,1
10416,co73vaw,enter a new challenger,0
10417,6ajzve,chinese artist offers flower kitten tattoos to mums with birth scars,1
10418,c72fs59,one step further,0
10419,30bah5,ben e king library of congress honor is greatest moment of my life,1
10420,54qaeq,the world is starting to run out of sand,1
10421,c5p67u8,quick and dirty,0
10422,cbxfn5,this guy installed a water faucet by the gas cap for his mobile car wash also cuts yards,1
10423,csjw28m,yeah there was,0
10424,1kji0a,carlos danger brand of weiners enters the food market,1
10425,c9zy7d1,freedom is slavery,0
10426,51z58e,this goat sees the light,1
10427,2vv2tq,nannas frozen berries recalled over hepatitis a link,1
10428,3iq5fy,ballerina michaela deprince posing for a photo shoot also luggage and a dog,1
10429,7eaz20,merkel prefers new vote after talks fail,1
10430,daz87q,conjoined trees,1
10431,dhxv6k,extinction rebellions poster against fossil fuel consumption,0
10432,3uu5q9,hamburg antiolympic games germany,0
10433,ctwuoui,poor obama,0
10434,4g1wru,cracker jack replaces prizes with digital codes for mobile games,1
10435,cxjphn,this circle rainbow,1
10436,b308n8,sibley nobodys ever here,0
10437,2y1dec,firefighters save unconscious dog from burning house,1
10438,19pysp,fluffy jumping cat,1
10439,db1ofk3,touching the tip of the mosque is no trouble if you properly stretch beforehand,0
10440,d24r11,escalator steps have been removed,1
10441,d647g09,classic,0
10442,yb3mt,high school student seeking book summary on yahoo answers gets response from author,1
10443,cmnpvzv,you wanna come at me bro,0
10444,c7z6qc1,rapiduck,0
10445,1crtpt,google inactive account manager lets users plan the digital afterlife,1
10446,8uuz1h,crosses mark scene of chicken truck crash in clark county,1
10447,65h8yk,this guy at an event,1
10448,5tgbzt,two first ladies,1
10449,beqcsh,shirt hanging in a church where the mt carmel center branch davidian compound used to stand,1
10450,85z4w1,little dogs peering through a fence,1
10451,5lqdmu,nasa has a whole lot of science planned for,1
10452,cu0vg3r,this is not even my final form,0
10453,6zk05t,cat about to sneeze,1
10454,dfcg3h,greta thunberg visiting native american,1
10455,d2f93vv,d o n t l e t g o,0
10456,dqn6vq4,stephen kings detroit,0
10457,44sdyf,no one thought they could do it but three overweight brothers shed pounds while walking miles across america,1
10458,8pmb60,this massive watermelon seed,0
10459,5zk2rp,i hate getting granola crumbs on my bed,0
10460,d9swh20,and then we form a new business under a new name and we build a golf course and condos,0
10461,5a0w0c,an owl with robotic arm,0
10462,7gkx7n,tennis fear,1
10463,czmm5f9,eight year olds dude,0
10464,49f76c,google hires the creator of chan,1
10465,2sjovz,muslim employee who saved jews in kosher supermarket attack to get french citizenship,1
10466,arl01r,squirrel without a fluffy tail,1
10467,3atwpy,someone in france accidentally ate a fluorescent lamb with jellyfish dna,1
10468,bkyf3x,this traffic light is wearing a traffic cone as a hat,1
10469,c9egvex,home alone,0
10470,cee18ec,fucking glitches,0
10471,axq2vh,substitute meat ww era,0
10472,cwbvwki,its over its done,0
10473,c6w0tip,yeah i dont know,0
10474,cex19tr,baby food,0
10475,b7wci7,the happy news one womans mission to make news less sad,1
10476,9c1m0e,liquor in a bottle forms a skull,0
10477,crioa5,this baby pineapple baby bananas for scale,1
10478,68gaue,bernie sanders trump isnt leading us toward war with north korea,1
10479,7avkql,the worlds tallest and smallest men meet,0
10480,82k8p1,visually impaired man wins japan comedy championship,1
10481,2yapgk,a mans proposal takes a full year put together,1
10482,d2bo5o0,welcome back kid,0
10483,bnf9cl,snarling woman found at burger king pulls syringes from body cavity,1
10484,bok8yv,vatican aide defies police to restore power to homeless shelter,1
10485,cr1mm0k,thats bigger than mine,0
10486,8ul9wu,share this video to ky jellys facebook wall to let them know youre dry as a bone and loving it,0
10487,asuugn,a bird for every pillar,1
10488,c7q80no,charlie,0
10489,auukdq,the different types of wood compressed together to make this block,1
10490,5d0nke,cat sitting in front of a desktop wallpaper image of itself,1
10491,224czx,radio host rips mlb player for paternity leave suggests csection before season,1
10492,cen7rad,speed paint,0
10493,d8bgmv,soda cup has an rfid chip that stops you getting refills,1
10494,66zvxc,guitarist pulling a face while hitting a high note,1
10495,bhocuv,this toilet thats designed to fit into a corner,1
10496,3gutss,til that in wadsworth illinois there is a town by any character in star trek iv the voyage home,0
10497,bfp0i7,new evidence reveals christ lounged in tomb for extra hour before finally rising from grave,0
10498,440r26,bed stain blamed on vomiting cat as sex act intruder theory ruled out by police,1
10499,c79pu3k,famous photo,0
10500,ck5crgc,it was putin all along,0
10501,7yz8j7,this perturbed guardian,0
10502,cli29th,all the ladies are shocked,0
10503,6m83cq,tom hanks with barack obama,1
10504,cl7oxy4,tastes good,0
10505,bgxrti,these mushrooms grew together,1
10506,dcuz58,this lowercase stop sign,1
10507,era36zv,with the fish edited out,0
10508,1vqa38,im a millwall fan says yob,1
10509,bq5r5q,my beer can that has braille on the top,1
10510,6zg0w0,trump walks away and refuses to answer when asked if hurricanes are related to climate change,1
10511,c9bg9ff,squirrel love,0
10512,cvxn6k,this restaurant has glass shields to protect shoes from poorly aimed wizz,1
10513,9jhyl8,grew some pink and purple beans,1
10514,difikn,mushroomy beaks,1
10515,3iqrng,sports cars,0
10516,3milfm,britishers youre needed come across now a rare and scarce ukcommisioned but usprinted poster encouraging and recruiting englishmen living in the us to go to europe to fight for britain maybe before the us entered ww united kingdom us world war i recruiting patriotism,0
10517,6facx3,husky taking a drink,1
10518,29ov7p,kate middleton and prince william react to murrays wimbledon woes with shock and horror,1
10519,cui6j0,troy size horse in my village on the occasion of hector berlioz music festival,1
10520,asqm15,united arab republic,0
10521,cxp9rb,my soda idc what its called its a beverage decided to do this by itself didnt notice until i turned around,1
10522,6cxp43,manchester sikh temples offer food and shelter to people affected by terror attack,1
10523,7vw24d,this girls bra shopping horror story is giving everyone chills,0
10524,802obe,a blue mineral stone found in the upcoming god of war sorry if this has serious potential but im uncertain,0
10525,bkw76e,this cap of a water bottle i bought from the airport,1
10526,df1s650,double duty,0
10527,31s5ih,novak djokovic leaps in the air,1
10528,dxx1c0i,would you like some bisgetti,0
10529,1xf83k,man with dui convictions found passed out at stoplight sheriff says,1
10530,ayth2q,dont become a murder victim northern ireland security forces poster,0
10531,czkp9wk,head of class edition,0
10532,9bey1a,fire hydrant man go home youre drunk,0
10533,cguxyf,julius caesar pisses off a new yorker bc,0
10534,b7lzvh,antigravity reindeer,0
10535,ddi09u,my oma and i were cleaning out her cupboard and we found this beauty,1
10536,cmm7fme,smile,0
10537,60igae,this year old woman doing a keg stand at the south boston st pattys day parade,1
10538,c7qo2mu,feaar,0
10539,cazc4dj,successful touchdown first man on mars,0
10540,c8jiii2,damn,0
10541,cqgvlh,somebody embedded a beetle in this new sidewalk,1
10542,ze6u8,gentleman jumping with a zebra,1
10543,dd9irq,my hook fell of the wall and i dont even mind,0
10544,cbinw9k,remember my child jesus said never to tell your parents,0
10545,cv2fhzw,noooooo larry,0
10546,cuw5er6,fixed,0
10547,81lwt2,police swap helmets for caps to attract more transgender officers,1
10548,42u5oc,these greek gods graffitied onto storage containers,1
10549,al4nj0,somethings off with this grinder full of weed,0
10550,dmonhq2,man vs machine,0
10551,4k9mhf,guy aiming with bow and arrow,1
10552,cg5jd3,i saw a double rainbow today,1
10553,ckqul1q,two short tom cruise jokes in one day im mean,0
10554,435ya2,man accused of hitting mom with package of bacon,1
10555,3f465j,pistolpacking pastor shoots alleged burglar at baytown church,1
10556,72ulvu,a leaflet by the dutch womens liberation movement the netherlands s,0
10557,58o93u,these ducks getting married,1
10558,bfayrg,queen gives out peasant metal,0
10559,17c2m7,of coursei would love some hot milk,1
10560,49fk7s,police in toronto get together with citizens and end up saving a life,1
10561,231luy,rush limbaugh agrees with shoe truthers hillary incident was staged,1
10562,79yrdn,dead after truck driver plows through bike path in apparent act of terror sources,1
10563,75i6be,hitlers main officer shows off his collection of japanese merchandise,0
10564,7uo6f2,good boys were family now,0
10565,1dovxk,obama with a lightsaber,1
10566,32rnap,the parrots are hungry,0
10567,c9xsb0v,let my kittens go,0
10568,6h8rpj,homeless man sentenced to house arrest in istanbul,1
10569,6l5kl2,this cactus dabbing,1
10570,clquijk,how tall are you,0
10571,dgp2ch,this tree looks like a flame,0
10572,cfkh9n,immediately give first aid after electrical injury circa s,0
10573,6c5tlt,tpain performing at a concert,1
10574,at7k2b,spotted this memorial painting walking through bethnal green london,1
10575,2vkt07,waffle house offers candlelit dinner for valentines day,1
10576,94t1uw,finnish soldiers during the winter war,0
10577,c1ewzs,the rain left a nearperfect silhouette of this bicycle,1
10578,bu73hi,riley howell the student who died while tackling a gunman just received a purple heart and bronze star,1
10579,2pfuj5,pissed off penguin,1
10580,d4z67kb,dead daniel radcliffe hanging out with his stunt double,0
10581,9k1yor,these stacks of rocks i found in the woods,1
10582,8e3ebk,still frame from the movie adaptation of the hitchhikers guide to the galaxy,0
10583,cfqpzxd,other discussions,0
10584,cel5n8,these random guys who are nearly identical,1
10585,6h0o8l,marta santaolalla the cellar like swamp water,0
10586,2tfons,weird statue,1
10587,d1tdgtn,orange alert,0
10588,3z5slp,hippopotamus skull,1
10589,2kz0w6,depressed batman in our parking garage,0
10590,79vlqi,michelle obama hillary clinton before the last votes came in,0
10591,b4qolo,this bingo my parents went had this to mark the numbers,1
10592,5ii2ob,i came home to find my dog had been decapitated,0
10593,bo2kdl,this sleeping student,1
10594,c7rc11,the door handles in this house are towards the top of the doors,1
10595,4160fz,son finds dads s clothes,1
10596,cmu25i5,i thought you said were going fisting,0
10597,633lbi,this baby bear,1
10598,co0l6je,a to a,0
10599,cokwr0,tagging along but probably too late to get any proper karma rgbd,0
10600,ar3nr1,dividing the land sea and air in three equal thirds,1
10601,brmkoy,my stapler looks a bit pissed,0
10602,cna2hdy,a cat with a stick,0
10603,dcpwhl1,youre right,0
10604,ars6rz,someone on my girlfriends floor does his homework on working macintosh classic,1
10605,coy6352,expanded,0
10606,4dlncj,the maven of mayhem my wife came out at work and her coworkers threw her a party,1
10607,cfeziab,other discussions,0
10608,8lc8uk,trump and pence and the giant harley,1
10609,5ephqb,these trashcans are so angry,0
10610,cbv4nym,bombs away,0
10611,bodb10,my weekend road trip friend and i made this pepperonieyed beer holding cheese stick puffing creature using this campsite fee drop post in wyoming,1
10612,cow9si,this secret refrigerator in my house,1
10613,6aa4jw,cat in a tank top,1
10614,5swkiw,cant tell if hes impressed or amused,0
10615,boxngx,help does anyone know what this is it looks like some kind of spider,1
10616,bbf4fn,the way the sun aligns with the stain glass window,1
10617,6urk72,this cat eating parsely,1
10618,84yi6q,this startled baby,1
10619,ci31d4,farmers showing off a meteorite impact crater they found,1
10620,ck3vlnp,kitty in chair,0
10621,20oszu,dude on the far left,1
10622,422dz4,buddhist monk accused of slashing tires after accidentally squashing insect,1
10623,dgbytcj,kitty is trippin hard,0
10624,cnf27h6,the always tricky double flip,0
10625,ca9dgt,this manhole cover,1
10626,1itc04,kissing doesnt kill greed and indifference do health poster,0
10627,dswqerd,lil rat pack,0
10628,btp9az,haitian immigrant gives free math lessons after being accepted to mexican university link is in spanish,1
10629,24ufyn,hotel worker mistaken for prostitute after hugging friend in abu dhabi park,1
10630,56sqri,hocker free candy,0
10631,bqvggc,the timeslot for saturday at this nursing home,1
10632,6s3l1h,reward federal officials join manhunt for rape suspect who overpowered deputy stole gun and fled,1
10633,bpdduo,my plate came with a glass holder attached to it,1
10634,c7ehpi,remnants of previous structures of the side of the current one,1
10635,6rgx0b,during layover in omaha pilot goes above and beyond for yearold passenger flying solo,1
10636,1xdlt3,real women poop at their boyfriends with the door closed,1
10637,dpynzl3,habit from school,0
10638,97kb9e,simba is rocking some cool new shades,0
10639,cel8okf,big kitty is watching you,0
10640,c6o2i6l,and here we go,0
10641,bo5clp,condom company releases baby blocker to wipe baby pictures from social media feeds,1
10642,bgocct,the thing to hook it on to the rack is the same as the thread for the kite,1
10643,cat4pab,face swap time,0
10644,cysw621,want anything from the shop,0
10645,7mt0j2,florida man on trial for girlfriends choking death wants to show up for her own daughter as gator bait,0
10646,ch4qah,we need state creches for future coming replacement of our generation,0
10647,cakbbs0,i used to come out here under the stars every summer son,0
10648,9dolv1,thought the clouds looked like an ocean on my flight,1
10649,b5ebmu,this cool pattern the soap on top of the water made in my bathtub,1
10650,cbxday5,he man vs lobsterella,0
10651,c9oz473,huh i thought she nailed it,0
10652,cqowelp,this man is a pervert if seen contact dwight schrute,0
10653,b15k9w,bar of soap with a hole placed inside of it for easier handling and reduce waist,1
10654,bg6fup,a sign in an old sheffield steelworks,1
10655,6345tz,neil degrasse tyson says he wont be a spacex customer until elon musk does this,0
10656,8wvi37,florida cop claims burger king put dirt on his food investigation reveals it was seasoning,1
10657,25mqa4,la reid confirms plans for really special michael jackson and justin bieber collaboration,1
10658,7kd8q3,caitlin still didnt understand why ben needed to spice it up with sfw visual aids,0
10659,c5ivzb,wild plants vs zombies pea shooter spotted,0
10660,d8q7jyf,frog astaire,0
10661,9gnbxs,the coloring of this stack of playing cards,1
10662,crp7nso,he bit it,0
10663,28bnek,fcc chairman tom wheeler says he is not a dingo in response to john olivers net neutrality rant,1
10664,2hk4je,woman irate that ontario family is flying mexican flag in their front yard,1
10665,4smapq,light in kiev looks like a robot hiding,0
10666,b2nr16,perfectly localized allergy,1
10667,ddkgh6x,al pacacino,0
10668,cxezxu,the wear on the concrete wall from peoples backs and heads behind these seats,1
10669,cnmgjdp,the kids on the bottom are fairly crying out for your attention,0
10670,d5fn9v,logo above my schools science building including a cross in an atom structure and a rat in a beaker,1
10671,c5zhyy9,kitteh,0
10672,26lrkg,gordon ramsay and the swedish chef,1
10673,cz66ge,a yearold confessed to killing all five of his family members in an alabama home authorities say,1
10674,95xcka,sweet service dog receives her very own cap for owners graduation,1
10675,9jccg2,the keyboard at my work has two little spacebars instead of one big,1
10676,c5jbi8c,look who decided to show,0
10677,chsz5p7,pee,0
10678,34tvtw,man emerging from sewer,1
10679,cqptuby,finish him,0
10680,2affu2,scientists say smelling farts might prevent cancer,1
10681,db2cylw,not very good,0
10682,7z8kkp,upward spiral tuesdays,0
10683,bbb0d7,this egg is much more rounded,1
10684,1zp5v9,seattle from above,1
10685,eyv6pau,star wars the rise of the haymaker,0
10686,405ugv,south west trains conductor gives impromptu music quiz briefly brightens day for commuters,1
10687,96z0qz,have you heard about the plastic bag ban in bali but did you know its partly because of two teen sisters who have been campaigning for years to rid their island of plastic,1
10688,cznw5ms,strong man,0
10689,29qtlx,my sweet potato looks like a seal,0
10690,azqayb,ice frozen around this plant,1
10691,e6484mz,wedding training,0
10692,8diduk,foamy eyeball,0
10693,czp2mv,the way this sink goes through the bottom shelf of the mirror,1
10694,b3ve3l,toddler walking,1
10695,avniit,pringles in packet instead of a can,1
10696,cb6p40m,commencing orbit,0
10697,cu7e5cr,wanna go fast,0
10698,49ueva,a coach full of horrified little faces,0
10699,cpob39,this strange octopuslike carrot from my garden,1
10700,7puy37,chris cuomo writing on a whiteboard,1
10701,7fmsz6,cat walks downs the driveway,1
10702,3f9xop,my new rug,0
10703,b7g0xx,boy battling leukemia has bike stolen sheriff department brings him new one,1
10704,5t0prs,firefighters rescue a weekold puppy from a tumble dryer vent,1
10705,dehq04,due to the criminalization of wearing a facemask hong kong protestors have resorted to creative means to obscure their identity from tyranny,0
10706,caluh0x,why did i lick that frog,0
10707,8lhx8h,this house looks like an alpaca,0
10708,do9numh,good enough now lets get the fuck outta here,0
10709,5t3nvy,us appeals court upholds suspension of trump travel ban,1
10710,95spr5,sec examining musks tweets on taking tesla private,1
10711,ddqwt6,this tiny stop sign,1
10712,3anvb7,man accidentally shoots himself during gun safety class,1
10713,blvpqx,my school has a newspaper taped to the bathroom stall wall written by the student body,1
10714,cfgvjo,a sticker that came with an oil filter,1
10715,7lw2cw,this neanderthal hiding in my candle,0
10716,6ixntk,your pain is my bliss,0
10717,c81ijs,margaritas being served by hands through a wall,1
10718,ddr1sl,paralysed man walks with braincontrolled exoskeleton,1
10719,caglatg,other discussions,0
10720,6cqizw,the fall of the berlin wall recolorized,0
10721,cygkzg,the white patch in my dog kinda looks like cinderella,1
10722,d36bf4,osprey population continues to rise in connecticut after conservation efforts,1
10723,340k9i,india buildings liverpool oc,1
10724,5ezrip,helicopter landing,0
10725,9hao28,alibaba will no longer bring million jobs to the us citing tariffs,1
10726,6muq3t,this little dongle looks very happy,0
10727,5mop5u,officer lets kids say goodbye to navy dad over pa system,1
10728,dp6ir38,gendal the impaler,0
10729,3j7ef8,this guy lost pounds in months by pretending to be a wizard,1
10730,cbok2fb,other discussions,0
10731,dzrimyj,from the rear,0
10732,1i4ouf,a pelican,1
10733,ckq62n,going through my instagram profile and saw this pic i took three years ago think it could work what do you guys think,0
10734,dk7ub4z,titans in knoxville,0
10735,74jbkj,vladimir putin meeting saudi arabias king salman al saud,1
10736,97xzy6,karl marx radicalises a young child,0
10737,2274el,british pm david cameron pointing out of the window of a train,1
10738,bhncky,this massive mike ike,1
10739,coo73rm,taken too much acid,0
10740,chcv77m,they came from beneath the sea some say its already too late the invasion of the giant crustaceans,0
10741,cyt25m,dropout entry terminus,0
10742,13q6q9,ice breaker potentially nsfw,1
10743,1lngnz,unamused toad,1
10744,bkfgz3,bald man burping,0
10745,cuj7fs,this red apple jack,1
10746,7wq8t1,forest giant,0
10747,32ilcr,i am so fucking amped for this band,0
10748,b18hl3,a woman wearing a fake crown star pants and holding two beverages walking in front of a ups truck,1
10749,c8qtsn,butt or arm you decide,0
10750,4yuq4o,we finally know how much money joey owed chandler at the end of friends,0
10751,7micqi,this robot holding on while sinking into quicksand,0
10752,6lxhpn,stockton program would pay men not to shoot each other,1
10753,c8vz341,give them nothing but take from them everything,0
10754,6s0wfx,dirty energys quiet war on solar panels,1
10755,9hkz0r,this lemur from the asterdam zoo,1
10756,2tnrhd,a mountain gorilla right before punching a photographer,1
10757,6d7hgt,bizarrely beautiful pyongyang metro music video circa,0
10758,d1zra2,this frog on my window,1
10759,c31r7j,my dom nsfw,0
10760,4nft1n,how one country is making rocks out of air pollution,1
10761,ciajmhy,oh you,0
10762,1c8xyn,obama bumpin,1
10763,21xmqq,a man sleeping in midair,1
10764,c0q0z2,a snail with an extra door,1
10765,7skbu7,abe lincoln refusing to straighten his hair,0
10766,cbpbbty,me youre picking me first,0
10767,croyqv,this jalapeno only only ripened half way,1
10768,dnbifhf,want,0
10769,d4tkyj,our store gets cans that are find in broken boxes and sells them like this,1
10770,b7uukd,frozen pine needles in spring,1
10771,3b986e,uss texas,1
10772,8dchwh,pig enjoys a day out at e and say guys we built a greenhouse with reclaimed windows,0
10773,6cgak0,heavenly light,1
10774,9akf3p,these former colleagues didnt know one another at wright state then one donated a kidney to the other,1
10775,czi2ou,this chilli pepper defining the dying plant,1
10776,6dxx3j,hepatitis c is rapidly spreadingand baby boomers are most atrisk,1
10777,cn3at50,accurate enough,0
10778,as4ssk,this bob ross energy drink,1
10779,bnfkec,illinois residents could be charged a year to own an electric vehicle under new legislation,1
10780,4bnhyo,a jeannie and her lamp,1
10781,ei4cdyy,httpsiimgurcomtrcprjpg,0
10782,1lwy7c,the look of disappointment and confusion,1
10783,467wn5,nom nom nom,0
10784,2oohs7,they dont make xl like they used to must be the beard,1
10785,au65hh,my fresh pumpkin had already started sprouting inside,1
10786,78uwwd,metric stream who killed john woodford,0
10787,7of0ru,fbi launches new clinton foundation investigation,1
10788,7b4q0e,when policy is cut off from reality donald trumps immigration problem,1
10789,1f2mum,comic book author sued by marvel dc over use of superhero,1
10790,21nw2t,map of a city,0
10791,5hfsmb,man tries to sneak inch tv out of walmart during shopwithacop event,1
10792,c66hbbu,errbody in da club gettin tipsy,0
10793,asq4y7,looks like a video game puzzle,1
10794,3dintu,basketball players scramble,1
10795,1ifl3i,russian president vladimir putin in a bathyscaphe,1
10796,cxz5q6s,here is my totally welldone job,0
10797,4cbk4s,minnesota cafe owner shows homeless man job not the door,1
10798,co563d,earth is,0
10799,divvls,happy little drink holder just waiting to be folded and help you out,0
10800,2zqa3x,littlest hobo battled depression sexual addiction,0
10801,8dg688,viewing ads on website sole way in which man contributing to economy,0
10802,d8jiboa,viet nam,0
10803,chg62ol,did you just fart jake,0
10804,ch778dl,no problem,0
10805,cj2u5k,so this is what my neighbors use for no soliciting and i think im going to ask where they got it,1
10806,5utqv8,curious cat,1
10807,668pzz,womenled mosque opens to build place where everyone is welcome,1
10808,df007j,art in a park in hannover germany of sheep having sex,1
10809,709bk8,the skies have been visited both inside and out and no gods or angels have been found ussr,0
10810,d2qrpm,i got my cat a photo of herself,1
10811,c01lc0,two male kudus,1
10812,396shf,punk rock brand the sex pistols to feature on a range of credit cards,1
10813,ctrqrh4,aladdin,0
10814,citkv9n,just a family picture,0
10815,cc47d5m,first one to blink will lose,0
10816,f1iamku,what hole,0
10817,dilb0n,upvote at the harbour,1
10818,3zh9xr,nato north atlantic terrorist organisation italy,0
10819,9h8qqz,our things to do list at work,1
10820,dvfn5o3,new bill,0
10821,d2dhw8q,httpiimgurcomgxmcwzjpg,0
10822,1kxq25,police investigate after queens swan found barbecued,1
10823,bnrp60,who knew scotland has a tree of the year each year this is s located near the kelvingrove art gallery,1
10824,trgd9,apple iphones siri recommends htc as a better phone,1
10825,at8qif,nintendo of america announces new president in color,0
10826,c88lvox,well at least its better than episode,0
10827,coqyhw,my super glue dried,1
10828,ayqhnl,white house leak to house dems on jared and ivankas clearances,1
10829,9k9j68,the way the two s form a heart,1
10830,8gn1py,the dissolution of the soviet union c,0
10831,7bs601,elon musks self driving logistics truck makes a debut on a la highway,0
10832,c4skd3,to battle we toy soldiers,0
10833,49beck,the flame a rare treat,0
10834,24f1kr,bank of america pleads were idiots not crooks,1
10835,26jf55,the president of slovenian social democrats frustrated after missing out on a seat in the european parliament,1
10836,derxzn,a positive affirmation ft down in an underwater cave,1
10837,938r64,a bird in the corner of a building,0
10838,9gp8r8,neat clouds today,1
10839,8kx09s,murdock scottie pippens full quote on the shoulder and asked him to do it is developed,0
10840,c0yzt1,my hotel has the toilet paper going over and under,1
10841,d2nxcn,this tokyo metro car has fans instead of ac,1
10842,2foj95,the camel rider,1
10843,bkn8so,failing to catch a frisbee,1
10844,4wrlza,bride is walked down aisle by the man who got her fatheras donated heart,1
10845,7qh9c8,against child labor early th century,0
10846,5zzshr,man points gun at baby,0
10847,br0uqe,my fortune cookie at lunch today was occupied by a second fortune cookie however only fortune,1
10848,ay876o,man charged with impersonating federal agent after pulling over a real one,1
10849,cs46n0o,sif youd take the elevator,0
10850,de9ya0,my downstairs bathroom has this mirror where you can fold it like those science fair posters it created this when i made them connect,1
10851,cht36p,we can do a lot more navy vet walks to raise awareness of veteran suicide homelessness,1
10852,3k6flr,after learning his daughter is being ridiculed dad looks to help through an antibullying song he wrote for her,1
10853,1zmakw,schoolboy q riding a hoverboard,1
10854,d6fmp0,air force to offer up a satellite to hackers at defcon,1
10855,cle7byi,cutouts,0
10856,3kk2pa,fbi says australian is jihadist is actually a jewish american troll named joshua ryne goldberg,1
10857,cay0178,other discussions,0
10858,aujkp8,nokia pureview has rear cameras yawn,1
10859,1h4b54,the inexplicable war on lemonade stands,1
10860,1zj6h3,alabama lawmaker wants to create sales tax holiday for guns ammo,1
10861,7dsvjl,this female athlete standing among fallen comrades,1
10862,1uk3pv,a happy mint container,0
10863,264ka7,iranian pharrell fans arrested for happy video,1
10864,c7y91e9,kaboom,0
10865,crrvabw,whale tail,0
10866,drpvcfj,pplease let me die,0
10867,255tpu,homewrecker woman doesnt like neighbors demolishes their home,1
10868,6t73p4,alberta premium crises and catastrophes,0
10869,cnb9xqs,the lost world,0
10870,ckmsa9x,same idea different execution,0
10871,bmeqfw,oldschool selfpropelled water sprinkler,1
10872,d6tb7xg,obamas laserowl,0
10873,b33zva,this carved watermelon,1
10874,c5baug7,photobo dammit,0
10875,ce2l301,oh no its raining elephants again,0
10876,c90otga,here you go,0
10877,9bdavn,the a and o labels didnt work in this red cross ad,1
10878,bmibyd,incognito cellphone tower on louisiana state universities campus,1
10879,2hvy0q,karl urban as eomer from the lord of the rings,1
10880,bypj2l,the reids groovin,0
10881,b1zxmo,cat with curled feets,1
10882,c1grz2,nero watches as a playwright battles him to the death,0
10883,b90o1f,new insulin price wont top a month outofpocket cigna says,1
10884,ckq5scm,cutouts,0
10885,cbouwu,my addiction to finger traps,1
10886,632wea,trip panda mind miner,0
10887,cvfiou,forgotten suburbia by twowheeled freedom,0
10888,1fozpc,pentagon has no idea what contractors are doing,1
10889,3qbhha,homecoming queen kicks field goal to honor fathers last game as coach,1
10890,2hl7kv,islamists attacked students protesting isis at istanbul university,1
10891,5kk95d,building on fire,0
10892,65wu3i,when does fargo season start on channel uk,0
10893,32q65k,charles barkley recalls trying to gain lbs in days so the ers wouldnt draft him,1
10894,diw58zd,madmeox wo helmet,0
10895,3ycm84,why more americans are considering green funerals,1
10896,9jfwd2,heard interesting odometer pictures were cool,1
10897,csfgzll,nice cane topper,0
10898,8u3u10,maradona celebrating argentinas classfication to knockout stage of the world cup,1
10899,1754a8,human open the door for me i am far too superior to do it myself,1
10900,5i2m6t,screenshot of solitude ran through prisma looks like lets show some love to the wrong neighborhood,0
10901,7146gd,girl catching wild lobster,1
10902,ct43g98,technologic,0
10903,8crpoe,tsa finds three loaded guns in one morning at tampa international airport,1
10904,3q5gn2,this yearold is selling cryptographically secure passwords for each,1
10905,8o0anb,scientist locates gay genes,0
10906,2fwuhr,men with their opah fish,1
10907,8z0soq,sugar mouth funk for the planet of dead noise,0
10908,cklv93n,cutouts,0
10909,2r5exm,japans sexual apathy is endangering the global economy,1
10910,dg6mf8,my straw was closed,1
10911,74h03t,two cheerleaders kneel in front of chinese god,0
10912,e5dr8e0,star,0
10913,2iiqfg,blue yeti microphone,1
10914,dc51pp,not all alpacas spit but all are capable of swimming in stressful situations if the twig is not a wolf nor is it a day and many smaller ones projecting from their feathers,0
10915,2wumkv,kirsch operator im right where im supposed to be,0
10916,bfuuk3,my dad with a statue of stalin in lithuania mid s,1
10917,armdjv,the infection most commonly occurs in the publishing industry by being the first man in outer space yuri gagarin,0
10918,celkey,dont flush your drugs mkay police warn of the possibility of methgators,1
10919,8ke9yp,santa fe high school up to dead in shooting,1
10920,57i1ow,asperatus clouds over new zealand,1
10921,5oz0fa,this lucky car crash survivor,1
10922,c6bskgw,why cant romney hold all these stereotypes,0
10923,8yo4kk,friend who filmed topless mother hanging out of a car window as she hit her head on a road sign and died is arrested for drink driving,1
10924,cf78xpn,original,0
10925,bl0q1c,a girl with a red towel,1
10926,cc5oe6h,testing out their new sound equipment,0
10927,cwjeq8w,witchcraft,0
10928,avkf8r,heart or mickey mouse,1
10929,5iazjb,miley cyrus allows fans to touch her vagina amp butthole during performance,0
10930,ceh4ry,germany introducing mandatory measles vaccination for kids,1
10931,6x4uyy,israeli doctors successfully operate on gaza tree man,1
10932,1hz1bt,my friend majestically jumping sand,1
10933,c6pr7rc,shit we forgot to bring our ponchos,0
10934,88x0vg,life avoid these common mistakes when applying to secret harvard,0
10935,86skkl,california police shooting of unarmed black man forcing look at policies,1
10936,b8n66v,picture from a school civil rights article for a prompt looks like a deepfried meme,1
10937,ddj82ew,the same on acid,0
10938,98o97n,a couple wwii welding posters,0
10939,cf4qt5n,other discussions,0
10940,bwe595,slug dangling from its slime,1
10941,2ak42c,nihang sikh,1
10942,dma3qev,family portrait,0
10943,5q10ch,the president will start building mexico border wall tomorrow and is set to ban people from syria and six other dangerous muslim countries from entering america with executive actions,1
10944,cg7t1n,a chip came out of the bag shaped like my home state of oregon,1
10945,d6la024,children wait,0
10946,cju8d5a,wait you didnt say cheese,0
10947,cc0ku7s,best buds,0
10948,5yq3mm,dead tree in the forest,1
10949,d567iq,injured gi airlifted from vietnamese river,0
10950,2kek01,michel phelps peeing in the water face,1
10951,b9366b,the trumps celebrate the eclipse,1
10952,87cou5,dana loesch rethinking loyalties after seeing how much airtime teen activists getting,0
10953,2ko7ad,tesco cash point machine offered free erections,1
10954,c6kq5xs,this reminds me of something,0
10955,ccy8s0n,am i toooooo late,0
10956,8w8eth,rare footage of an unreleased myth busters episode in which jamie tries to fly s,0
10957,1pyhal,doug ford calls on toronto police chief to step down,1
10958,7cef1o,fireballhellcat,0
10959,6po0n9,trump announces ban on transgender people in us military,1
10960,d1ijvi,hockey rink in nashville has thank you over the exit doors in various languages of countries in which hockey is popular,1
10961,3cam8z,hideo kojima cutting a cake,1
10962,6ciqtt,axis nations at the signing of the tripartite pact,0
10963,d8bgte,how managed to not hit the darts board that is a plastic one not one with a steel tip,1
10964,8wojkl,when a child is traumatized this one thing helps their recovery the most,0
10965,558eln,quiz how many of these rhyming couplets have you heard your plumber whisper into your shower drain,0
10966,c5qfw4,i back handed a mosquito on my wall and it left a silhouette,1
10967,bfsfn2,this restaurant has beer taps in their bathroom,1
10968,c82razl,i dunno pretty impressive if you ask me,0
10969,52vtwy,donald trump meets little miss flint at a flint mi church,1
10970,82t1bt,seeds shadows selftitled,0
10971,czb7z3r,bad restoration jesus,0
10972,1qms8r,woman offers wedding ring for broncoschiefs tickets,1
10973,cpizm2x,scientists say this phenomena is seen only once in years,0
10974,d9jf0g,collector cards from sainsburys have paper packaging to reduce plastic waste for the pack of cards you get each pack has four cards in them,1
10975,2u8ldj,poster merchant in lahore,1
10976,cotq21z,faster luke faster,0
10977,cpthc1,for those who havent seen one before this is what a desert rose looks like,1
10978,1z3jd6,this suitcase was happy to see me,0
10979,cmmbrv8,the circle of op,0
10980,dc39s6,saskpower scammer rcmp warned of was actually saskpower employee,1
10981,7vxjnr,delta force approaches a vietcong hideout,0
10982,6ydv6g,this monkey eating a banana,1
10983,cj9zwvi,dog overlooking a galaxy,0
10984,8pzp37,a swedish tiger ww poster tiger was also swedish slang for silence so this was a coded message not to speak about the war to anyone a message only native swedish speakers would understand,0
10985,dsqvr6r,the venus flytrap incident,0
10986,cd4kj2v,strictly arnold,0
10987,bq9vs2,trump shows signs he will pardon servicemen accused or convicted of war crimes,1
10988,chwt94n,shadow of the catlossus,0
10989,9j1j1e,rainbow i saw outside my house this morning,1
10990,cfpij8z,lets hope so,0
10991,cen9qzr,other discussions,0
10992,8k3y6f,ordering a pretzel from a street vendor,1
10993,cuw76g,under a tree during a partial eclipse the spots of sunlight through gaps in the leaves create little pinhole lenses,1
10994,ckv0pf4,hur hur,0
10995,chutkzn,moonwalk with michael,0
10996,40esvq,guy with unexpected smile on green screen,1
10997,8acvm6,four different styles of beards,0
10998,dkug7ux,family pet,0
10999,1p67sz,id probably react the same way,0
11000,6dsnbd,half of th grade class from new jersey refuses to pose with speaker ryan,1
11001,buv9ul,didnt know that these even existed,1
11002,cvd2jkc,rua,0
11003,chhzl4u,done,0
11004,d95teb,this map written on a plate that someone left at a party at my house while i was at college,1
11005,bznc4i,this tree looks like it has an eye,1
11006,5aoma8,it should be pretty awkward having to share faces with your buddy,0
11007,6n2x0t,cofounder of firm behind dossier tying trump to russia testifying next week,1
11008,czfno06,your momma sure does care about your schoolin son,0
11009,ck8aipo,quick to my van down by the river,0
11010,cmzl98,the skeleton of a luggage conveyor belt,1
11011,9guxzq,this picture of manhattan in my dentists bathroom has the twin towers on it,1
11012,clgvbo,just a house singing and crying,0
11013,ckv3eb1,cutouts,0
11014,7ygktk,capitalist against the ussr during the cold war,0
11015,cm20dg,this dog jumping over a pole,1
11016,5qgaqs,a not so impressed cat,1
11017,d045b1,bob ross inc and michigans department of natural resources dnr have teamed up with inmates in three of the states correctional institutions to plant trees,1
11018,2hh4cl,he was happy to see us on our hike,0
11019,cji5e2,this galaxy bar that looks like an aero,1
11020,6ts4ho,obese deformed white supremacist convinced of genetic superiority,0
11021,4oob4b,tale of two walls by rednblacksalamander,0
11022,6v2kij,female attendant shocked after discovering the body of cleopatra bc,0
11023,9cjy5u,a hedgehog wearing tiny socks,1
11024,2etc64,sydney university introduces an investment ban on coal,1
11025,4zg9x2,baseball coach running towards a kid,1
11026,avya0n,this tesla and google mashup,1
11027,cd7r0j0,oh dear god no,0
11028,b5twmz,little girl gets a birthday present from a small arms dealer,0
11029,224qaq,yay robot,0
11030,16l354,milkyway as seen from earth with a giant hole to an alternate universe oc,1
11031,8lrv3o,kennedy is shot during celebration of the official transition of the sex tunnels circa,0
11032,bja48h,israel already an apartheid state says outgoing french ambassador discussing trumps peace plan,1
11033,45eoha,the pope with a sombrero,1
11034,b5kmw7,melbourne farting case david hingst appeals m bullying claim,1
11035,d6aj0b,the fog slowly fading up the mountain,1
11036,4mt88a,extraordinary moment a hero passerby removed his turban and used it to rescue drowning dog from an indian river,1
11037,ceply2,i just figured out you can use an audio splitter as an audio cable extender if you couple it with an aux cable my headphone cable went from to,1
11038,djjkee,long time no see at a bar in vietnam,1
11039,cd9y2e7,kirstie maldonado,0
11040,281gov,oklahoma goper we would be totally in the right if the state started executing gay people,1
11041,cm3jx1w,who you callin pinhead,0
11042,bf496r,the coffee stayed in my mug underwater,1
11043,zsdt3,drunk north korean man floats to south korea young man appears to have floated to south korea from the north on a piece of wood and will likely be allowed to stay if he chooses,1
11044,1ohcjv,chip,0
11045,c3vssy,the tiki bar by me has his and hers monkey butt powder under the bar,1
11046,bk2d0k,every other frog is facing a different direction,1
11047,12f5zq,romneys wife trying to hold back an overly pleased romney,1
11048,8c6wpp,people save baby kitten then realize shes not what she seems,0
11049,9b67e6,trump talks about the job issue in america presidential election,0
11050,5sxb8j,these ch chinooks,1
11051,c66omk,i saw a tank on display outside a motel,1
11052,9ix0e9,these cars parked in one space,1
11053,3dnl51,just a little news van robot,0
11054,dhi8hq,this tree wrapped around another tree,1
11055,2menu3,girl trying to kiss a fish,1
11056,3avmsk,confederate flag manufacturers in china respond to us debate with concern suggestions,1
11057,clexiu3,cutouts,0
11058,2y59e8,asian seafood raised on pig feces approved for us consumers,1
11059,4mgv9g,muhammad ali dies surrounded by family at phoenix hospital reports,1
11060,3gyy23,small angry bird,1
11061,5v1m1w,baseball player working out,1
11062,6bx2l2,why flynn could easily beat his senate subpoena,1
11063,1lyems,a soccer player getting a red card,1
11064,cbitqu,things that trader joes workers say they never buy,0
11065,cj50039,cutouts,0
11066,dl5mz2,i found this leef otside,1
11067,84y0fe,vote or hell be your master italian christian democrats anticommunist poster,0
11068,cmyg9q,convex reflex reflections of a childhood,0
11069,btqode,klatch i need answers,0
11070,7vkcow,the golden girls cast then and now,0
11071,5m9s2a,chuck feeney james bond of philanthropy gives away the last of his fortune,1
11072,1xny2l,david wise finds perfect russian rock for wife,1
11073,14svgu,the oldest mask in the world,1
11074,2p0o6p,stlouis gateway arch,1
11075,cv2pfzz,dog created buster,0
11076,4fyp5m,mother of norwich connecticut murder victim to testify before congress about immigration failure,1
11077,1s41ma,these monitor stands know something you dont know,0
11078,6n20au,raw puppy,0
11079,5j3gtv,the man who looks after dogs bbc news,1
11080,avy4dy,not the best place to hang your saw dad,1
11081,7n321i,veterans helping veterans for a small christmas miracle,1
11082,40qu3x,candidate obama vs president obama who would survive,0
11083,278t21,giant betfair octopus stranded at oxford circus twitter melt down ensued,1
11084,ch962oi,assume crane stance,0
11085,5qamyy,my bin looks really nervous,0
11086,8tn275,nazi soldier performing live experimentation on the human brain circa,0
11087,cm6w86,the weed in my joint happened to be harvested on,1
11088,debm0hb,not so cute now huh,0
11089,6z8p33,a woman was told to stop speaking foreign muck but was actually speaking welsh in wales,1
11090,5qz4qw,in the last hours four federal courts have objected to trumps actions,1
11091,5qpi94,robin hood restaurant charges the rich to feed homeless,1
11092,cmxtwas,atdog walker,0
11093,2u0777,grand tetons national park,1
11094,ckh0apy,hhhahaha,0
11095,7e2wx8,once homeless hairstylist gives back to others at lake eola in orlando,1
11096,c72stp5,zoro,0
11097,djpznuo,handlebar,0
11098,7tw2l0,roasted bone dr mantis toboggan,0
11099,79zhzq,left right left the rad stags,0
11100,dkswvq,my brothers halloween costume this year is a beer keg,1
11101,cpwq2tr,the singing butler,0
11102,cgh96vb,thanks,0
11103,klefv,at am today the us military policy of dont ask dont tell was repealed and this comic book from that provided instructions for homosexual conduct policy became obsolete,0
11104,d6fr9k,my reeses peanut butter cup had cups,1
11105,cnm8ypb,concerned dog gets rickrolled,0
11106,7ovkmd,private prison company pursuing wyoming immigration detention center has troubled past,1
11107,dbv3as0,monkeys rushing guy who fed them,0
11108,d07hbgc,nein wo ist mein schnurrbart,0
11109,6eviyk,how remington the therapy dog became a part of uncs baseball team,1
11110,bsj7m9,was eating yogurt and noticed pac man underneath the seal,1
11111,cc4qqu5,jebus,0
11112,1zo5kr,a dog wearing a human baby mask,1
11113,1ffr99,kids living the thug life from rfunny,1
11114,b7ta4l,theres notes written in another language by someone before me in my textbook,1
11115,clk5xnu,cutouts,0
11116,5h10rg,a sloth it is not,0
11117,5acus9,middle aged captain america on the metro,1
11118,3z6tah,a pile of recycling,0
11119,azq3t9,i got a half dollar in my change at today,1
11120,dj5ns4j,billy goat on the street,0
11121,4n2kke,the one tool i didnt expect to find on the back of the marine corps main battle tank,0
11122,cvy6tg,made a satirical video about agt enjoy lads,0
11123,3ubu8d,german police wearing their new riot gear,1
11124,950yrc,wonky nose,0
11125,3ae5jb,editorial cartoon charleston shooting opinion,0
11126,1855oi,skater does trick over staircase,1
11127,es42v0e,ready for port,0
11128,2lutr0,who needs paris north korea is now a tourist hub,1
11129,5enw23,regretful crossfit dog,1
11130,cs5zpv,meet the gamer grandpas the seniors who spend retirement playing fortnite,1
11131,c3mxnk,eating a pastry and it turned into a fish,0
11132,5ojkab,very funny montage with dancing maxes,0
11133,cpyz429,auditioning for a role in the fantastic four,0
11134,8q17f6,alpaca at the fair,1
11135,bwgq2q,vault for sale,1
11136,5imesl,obama vows action against russia over election hacks,1
11137,dcy8qz,someone at my university wrote does this door even open next to one of the back doors behind the theatre building,1
11138,cpjq7f,kid pulling the sword from the stone,1
11139,8x1m0c,my rental car had a face in the back seat,0
11140,2ky9o8,man promised iphone iphone s ipad and macbook pro for rs gets a heavy brick instead,1
11141,bx49i8,types of poop found inside a toilet in amsterdam,1
11142,2otb94,earl of sandwhich,0
11143,5ctveh,were called redneck ignorant racist thats not true trump supporters explain why they voted for him,1
11144,chsqrg0,fern gulley,0
11145,cchzxmx,where were going we dont need roads,0
11146,89krgb,trump somehow making republicans more ignorant,0
11147,1qy9so,majestic floating corgi,1
11148,b4kw6p,picture of solar eclipse taken at the right moment,0
11149,cgk1iv,somethings cookin in here,0
11150,9g49sl,this hospital pen has an info scroll inside it,1
11151,da9n3tb,just a dream,0
11152,cds6cfo,other discussions,0
11153,di7to2n,cmon they really look alike,0
11154,4gg5uq,wrong rachel angry beyonce fans threaten to stop eating rachael rays tacos after album drop,1
11155,crn03i,got back from the gym i guess hes not impressed,1
11156,986mn1,this old cat with large white eyebrows and whiskers,1
11157,cnvi9n,the blue lighting in my friends bedroom made the strawberries look black,1
11158,c19ui8,you know what you saw,0
11159,3cl74v,ballerina doing a handstand,1
11160,cq0808z,someone had to do it,0
11161,tl0bo,a republican poster from william mckinleys presidential campaign of promises prosperity at home and prestige abroad it shows mckinley being supported by men of different classes happy about their burden,0
11162,40ryal,sleeping bag with conan obrien hair and shady look,0
11163,1eowja,four swedish politicians blow out candles on a cake,1
11164,cxn8xpo,i been tellin yall fam,0
11165,95cd1b,now introducing the new windows logo,0
11166,c6xm0b1,uh mr president i dont think a photo shoot is the best idea at this moment,0
11167,2coyqh,jets ipad access code a nod to last time they won it all,1
11168,dk7u5r,amsterdam street art,1
11169,67wji7,it okay dont be cry,0
11170,bglojk,an egg i dyed on easter unintentionally looks just like jupiter,1
11171,20bas2,key witness in sunderland pc keith blakelock murder trial tells court all blacks look alike to me,1
11172,b69gnl,my friend was so bored in class that he did this to his pen with a paper cutter in one hour,1
11173,b4r9s6,this k photo of the moon,1
11174,ehbfko3,aint never caught a rabbit,0
11175,bng1ds,these benches have handicap indicators,1
11176,d41663y,never give up and good luck will find you,0
11177,3ed9kg,passengers post oxygen mask selfies as plane makes emergency landing,1
11178,cdlknp3,other discussions,0
11179,37ms5p,mystery of disappearing holes in swiss cheese solved,1
11180,btz6vm,the chain on this shopping cart is long enough so you can plug it into itself,1
11181,36avva,lake of the ozarks missouri,1
11182,ahztze,this scrap of paper i found on the floor at work says belly,1
11183,bgdfx0,kanye west sunday service,0
11184,bk0q7a,nice onion ring,1
11185,ck086u,a can that you can see through,1
11186,cg9e7np,street fighter,0
11187,1ixidd,a cliff jumper,1
11188,70iaiu,fuhugu gods quiet sickness,0
11189,8jzhra,few hawaii residents have seen or heard one of hawaiis native forest birds but a partnership between the university of hawaii and the hawaii symphony orchestra aims to introduce the birds to the next generation through music and art,1
11190,71idri,gop leaders confident theyll have cruelty necessary to pass healthcare bill,0
11191,1emqec,caught my mcdonalds coffee saying good morning,0
11192,atyka1,this white ladybug,1
11193,c93ned,im not sure if its really happy or shocked,0
11194,7zjlmy,hank bedroom in suburbia,0
11195,1mkvg4,winnie the pooh in a ducks face,0
11196,awtszi,trump congratulates nasa spacex on successful dragon launch to iss,1
11197,caz9ta1,special monster issue,0
11198,cotajur,imgur,0
11199,48n0qe,liberals to keep memos on openness a secret,1
11200,2ururc,tsa jails innocent traveler when he asks to file a complaint,1
11201,c4dpf6,onion ring looks like a peace sign,1
11202,dynb8v8,galactus the pooch,0
11203,9k8pbt,barbra mastitis,0
11204,9etfr6,i took two years of nonenglish in high school,1
11205,c5l34zc,dr evil is back,0
11206,464zdf,paul mccartney turned away at tygas grammys afterparty,1
11207,d8dbqq2,atleast we tried right,0
11208,ck3mtux,other discussions,0
11209,ay0584,a lantern overgrown by vines that looks like a tree,1
11210,c6kymy4,some people cant be pleased,0
11211,31fvmk,florida woman kicks cop in groin offers to kiss the booboo,1
11212,c8hb3as,confirmed if i could just afford photoshop i could win this,0
11213,3j46tn,space invaders,0
11214,ctfs13j,like this,0
11215,cjwfcak,im coming for you,0
11216,dixsm5p,sfw,0
11217,dej9d7,this tree that didnt let a metal fence stop it from growing,1
11218,e1pr8pb,im so hungry,0
11219,b2b0h1,my teabag string is alive,1
11220,bnwl7m,i put on a fat suit to understand what its like to be your mom,0
11221,ccxi0h,is he doing this right,1
11222,crzzo2,this oil pattern left by a paper towel after draining some fried chicken,1
11223,d4rj9i,my truck has a warning label telling you not to turn it into an ambulance,1
11224,cl50l81,he doesnt even care anymore,0
11225,dlicyj4,container tetris,0
11226,dpw3k0u,baby needs his teddy,0
11227,7ro8a9,this avalanche player stretching,1
11228,dfnu6j4,mr gwumpyface,0
11229,6p79mr,aug s total solar eclipse will paralyze mesmerize us,1
11230,5zwa8v,deported mexicans vow to flood into canada immigrating to the us is overnow its canadas turn,1
11231,6tpt32,north korea launches the first icbm towards america that crashed in the middle of the sea of japan official north korean maps stopped depicting the american west coast on this day th,0
11232,c9zpvs,not the best thing to see on a woodland run,1
11233,1okoos,wounded soldier delivers the most beautiful salute,1
11234,c92641,dog excitedly greets owner after month deployment,1
11235,d1qmqw4,gotcha,0
11236,dj6nuv,this spike that formed in my ice tray overnight not a stalagmite because nothing was dripping onto the tray,1
11237,c5m02w7,wrong neighborhood,0
11238,chmrr41,delightfully annoyed,0
11239,d4bcdp,cell towers are disguised as palm trees in my country,1
11240,cqp35hs,it happend,0
11241,5hx933,santa fulfills dying boys wish to see him,1
11242,b1zalz,our backyard pond in the snow,1
11243,asw91y,sand and water,1
11244,d0invoe,imgur,0
11245,7iezrb,aboriginal corporation donates albert namatjira painting to help pay for remote dialysis,1
11246,8uw1zm,nuclear fusion power could be here by one company says,1
11247,dp3linf,newcomer,0
11248,7bqvtr,turd in a toilet,0
11249,byzvbl,a local store turned their old daycare into a skeleton display,1
11250,c5782vl,vegas style,0
11251,1ml09b,anonymous cop pens editorial calling for end of anonymity on the internet,1
11252,4rvgx5,okaro white your better self,0
11253,cs8kj6b,kim jong approved,0
11254,2ftvsn,found this guy hiding in my flour,0
11255,8wufq8,i was shocked it was so easy meet the professor who says facial recognition can tell if youre gay,1
11256,36t9cs,students sue florida college for alleged forced vaginal probes,1
11257,cfbxb6z,from the top rope,0
11258,39orca,ahhhh my patio is sooo scared,0
11259,c9ii3or,now with melons,0
11260,9amhym,cat sticking his leg to the side,1
11261,dgacmn,us mayors bypass president with direct role at un climate talks us mayors representing over million usamericans have committed to adopt and uphold the paris agreement,1
11262,cm5twp,peyton manning freshman year when he was third string qbunreal,0
11263,bidisd,un during the rwandan genocide,0
11264,23uvg7,fetal tissue could be used to power oregon homes,1
11265,dfaj4fy,dont tap on the glass,0
11266,7dwi77,this lever on our labstools is lying i think,0
11267,b1vxko,this old portable wifi drive used a gb flash drive for its storage,1
11268,4jxcu3,the queen and prince philip looking at the house of lords,1
11269,c64hd50,oops,0
11270,2ugvbh,katy perry and her ball friend,1
11271,bgu37z,flowers at the san diego zoo safari park,1
11272,d402i88,how ya doing lil momma let me whisper in ya ear,0
11273,4pqq6q,this wonderful man at the nhl draft,1
11274,9bezhx,my rose bush is as tall as my house now,1
11275,cb59qd,i found a bird nest on top of a refrigerator,1
11276,9e7sms,salt boy end,0
11277,2ssev2,cop fired for exposing department policy where officers have sex with prostitutes then arrest them,1
11278,ch2xe9b,oh that toy i lost my virginity to that one,0
11279,cpgg0i,someone put a hair tie on this tuft of grass,1
11280,3veu8q,nyc street,1
11281,7maup8,men recording the surfer,1
11282,cbxjza2,always a bigger fish,0
11283,9ivg0n,rediscovered these pictures i took of the sky one morning,1
11284,clj651h,whaddya havin,0
11285,6l5pf8,chris christie throwing a baseball,1
11286,3t0cg8,unprecedented face transplant surgery gives former firefighter hope for a better life,1
11287,aux49m,rapprochement with the people finnish postcard about rasputin early th century,0
11288,cipmb3c,wheres waldo psbedition,0
11289,clpvhxp,cutouts,0
11290,esww88z,the eye of sauron,0
11291,chiz43,his jaw is gone,0
11292,9e5v26,drone enthusiast found something insane inside a lake,0
11293,d0dmg4,enlist artist fred spear usa,0
11294,5xibxy,photo of patient suffering from war neurosis or shell shock,0
11295,d82eg14,goalie of your heart,0
11296,ch9fa2j,cutouts,0
11297,cxzpp2,too much to process,0
11298,d5iyis,this is what happens when you get too close to another vehicle with spiked lug nuts,1
11299,ctn2mmi,abomination,0
11300,26atqd,bizarre lawsuit alleges johnny manziel sent nude hot dog selfies,1
11301,cuy4wct,pentti cant stop laughing,0
11302,dey96q,white cat,1
11303,cot6kz,this drawing of slash on the garage wall in a house i bought,1
11304,cipio8,wise old promotional shipper,0
11305,3kjncm,man loses election when nobody votes including himself,1
11306,ctrcie,my toast was happy to see me this morning,1
11307,8cuhrf,joseph mengele experiments on a jewish prisoner colourized,0
11308,4m7fvg,motorist pulls chainsaw on driver with gun,1
11309,b412wk,the healthiest water to drink is there such a thing,0
11310,c33nwf,tiananmen square protest,0
11311,5vk204,kansas lawmakers vote to roll back governors deep tax cut,1
11312,cl6xoc5,cutouts,0
11313,ctby5j,penitentiary green screen,0
11314,9eae20,this is what happens when you take a panoramic picture during a thunderstorm,1
11315,c5x3xko,literally paul ryan,0
11316,b59ze5,this bag that looks like the teenage mutant ninja turtle michelangelo,1
11317,cuuxv2,harness the power of the internet,1
11318,1dft92,my friend looking like a graceful pretzelalien midfall at a track meet,1
11319,3mczwj,an axe,0
11320,czropo,the years of stacked posters on this pole in seattle,1
11321,44r025,swiss cheddar hot sauce all on a hotpocket youre missing out,0
11322,3kjvei,parodysatire unofficial jeremy corbyn poster for the uk labour party leadership election oc,0
11323,3zatz0,doughnutstealing raccoon is torontos response to pizzarat,1
11324,67pkpl,night drive,0
11325,d6ykgx,this whole russet potato that can fit on this spoon,1
11326,f1cb390,httpsiimgurcomjihpysjpg,0
11327,axmzl1,these new arcade style slot machines,1
11328,bw51ze,tiananmen square massacure,0
11329,2fjm4i,commercial airliners missing from libya airport,1
11330,2zh50l,wheres my suitcase of frozen moose meat,1
11331,bz1zr7,this model train landscape my dead grandpa build,1
11332,cerrxli,royal flush wait what game are we playing,0
11333,bnszju,he was staring at me from the shelf,0
11334,cl7fkm,the lamps in roswell new mexico have eyes painted on them to look like aliens,1
11335,bob8a7,my weed whacker tied itself in a knot,1
11336,2c1k2g,guy who pranked homeless guy with raises to help change his life,1
11337,b325t1,scotland yard frees yearold british man after dna evidence clears him of being jack the ripper,0
11338,57xodm,dogs left in louisiana floods find new homes in nebraska,1
11339,671evs,ed grothus id rather be a pig than a fascist,0
11340,cjxkmxc,mr muffin,0
11341,1xqka6,sinkhole swallows cars at national corvette museum,1
11342,3tdvur,yearold boy donates all the money in his piggy bank to mosque vandalized in texas,1
11343,cuywj3,tiktok teens discover mr sandman and record video after catchy video using it,0
11344,1lc46k,surprised church,0
11345,2jm51y,hospitalized robot child in dinosaur jammies,1
11346,bjp2ul,siouxsie the banshees hong kong garden,0
11347,5zx3f1,trumps budget plans will cripple us scientific research says american science body,1
11348,6imdc5,video heartbreaking man looks under couch for missing daughter and then gives up,0
11349,b0qum4,this signpost in belgium,1
11350,6uahl5,yearold saved mom and brothers life,1
11351,3dguh6,california miss amazing representative wants to inspire others,1
11352,2fl8ng,scdot holding public input meeting on an island inaccessible by public transit,1
11353,5ywysc,the incredible scientific reason your husband has red in his beard,0
11354,19mnv5,a beaten egg left in a bowl for a few hours,1
11355,1a3vqe,tiger enjoying a waterfall,1
11356,3d0eao,sunken stone tub on laucala island fiji,1
11357,cn54w8s,kid vs kylo ren,0
11358,5xv2bi,yippie youth international party international powwow disneyland poster th,0
11359,2l6z9h,three airborne dogs,1
11360,cv14w2,the awakening sculpture,1
11361,cmpkgjr,after going back in time and down a worm hole to help mj all they need to do now is touch the ball,0
11362,c0vz40,researchers have developed a technology that produces fuel exclusively from sunlight and air,1
11363,crnhwqv,gays allowed to have a life too you know,0
11364,bmj0db,hi im dennis and im here to eat your trash,0
11365,6fwpg4,front and back view of newly discovered planet,0
11366,as0uw0,double chicken nugget,1
11367,1ux7l9,coke vs pepsi,1
11368,cp8bxl,muslims offer to guard churches in baguio city philippines,1
11369,bs89cb,et the extraterrestrial,0
11370,2csy2n,kanye west calls for equal rights for celebrities,1
11371,7g671h,boy builds k house opens door and dad flips,0
11372,8blinw,historic image of mark zuckerberg testifying to congress,0
11373,1k2kpi,yearold television presenter johnny ball,1
11374,47en9n,woe if he should be released german satirical mag at the onset of wwi,0
11375,5pxpfi,graphic image from the mexican american war,0
11376,64r47p,eric trump syria missile strikes prove theres no trumprussia connection politico,1
11377,8cys0v,scary lamp shadow,1
11378,4exlln,cultural appropriation my modest proposal,0
11379,cjorudo,alas farewell,0
11380,514fb9,from fbi fragments a question did team clinton destroy evidence under subpoena,1
11381,6lbcaf,new auto service in surat by the women for the women times of india,1
11382,dpyoebt,thats funny now get back to work,0
11383,cae2bsq,this is the original pic,0
11384,7ayky8,shayrat missile strike missile picture taken by a turkish militarys camera,0
11385,5tpu7c,cee lo green arrives at the grammy awards,0
11386,6ila48,australian farmer revives his sheep dog with mouth to snout resuscitation,1
11387,b6s37m,senate republicans move to fill court vacancies faster,1
11388,c8x1wmt,no kim jong you must play to the beat,0
11389,c0doix,campfire hotdog,0
11390,az7t07,the sign on this stores door,1
11391,d4hw5d,just found out there are orange raspberries,1
11392,e0eeyj2,bad kitty,0
11393,cdrzjp,military medal group to a father and son,1
11394,cahip3k,other discussions,0
11395,b5w67x,my tiny prius sandwiched between two trucks,1
11396,8t1037,this can in railing,1
11397,1g8we6,abortion rights to blame for nsa surveillance program,1
11398,ckq4mjm,shoryuken,0
11399,5xa1p9,buzz aldrin goes shopping,1
11400,1b0q3k,evil pastries eh here was my delicious demon,0
11401,4stgmz,justice ginsburg says she regrets comments on trump,1
11402,cwrbl2w,the vault boy is older than i remember,0
11403,b6o8e7,woke up tired its friday and didnt really want to see the world look like little gloves magnificent murmuration montage,0
11404,cw6cs3z,the princess,0
11405,7fzoz8,chicago bakery loses onethird of staff to immigration raids,1
11406,8554lw,a very old flip phone,0
11407,8dvxu5,rider and horse falling into water,1
11408,8qc7wo,marine veteran trains white supremacists in military tactics too scared to show his face,1
11409,9j7c7p,door in the emergency room has a smaller door in it to prevent patients from barricading door,1
11410,64k932,they were inspirational female athletes around the world score three wins for equality in matter of days,1
11411,aw94xx,tommy wiseau has set his sights on the wwe,1
11412,3c4gih,florida teachers can get bonuses for tests scores but their own old ones not students,1
11413,d4y69n,germany japan and italy become wwii axis,0
11414,2dy20y,michonne slicing up some walkers from the walking dead x,1
11415,5s9jjf,puffin,1
11416,e57bfa0,pussy exposed at strip club,0
11417,64mesq,sessions justice dept will end forensic science commission an obamaera partnership with independent scientists that aimed to improve the reliability of forensic science,1
11418,88l80v,king tut mummy prepared for ct scan,1
11419,6z65oq,a real shame that this beautiful marble column has been broken,0
11420,as3uk4,the way each footstep compressed the snow,1
11421,clwjv7s,little friendly fuzzies with things on their tummies in my kingdom,0
11422,cdc450b,oh there he is,0
11423,4le9al,youre years old can you acquire wine without getting arrested,0
11424,50b26l,the galaxy note gets frozen in a block of ice and dropped from feet guess what happens,0
11425,chywj5j,cutouts,0
11426,124bov,paul ryan spread his arms at a podium mouth open high res,1
11427,8iavg0,oo woooooooo,0
11428,ccg6h86,in the rain,0
11429,dbhehtf,that luscious blonde hair those big pouty lips makes me just want to grab him by the py,0
11430,d5yqm6,new mexico to offer free tuition to state residents,1
11431,c4t4290,kicking ass on the dancefloor,0
11432,eq02pin,experiment gone wrong,0
11433,cdvgrrh,i can have starfleet catpainship plz,0
11434,cgnx0ry,astro boy,0
11435,2vsnbv,stds increasing among thai teen boys because theyre too embarrassed to buy the rightsized condoms,1
11436,5f38dx,but what if uemdriventodrink does the tank hunter look on a laptop cover by a friend of mine,0
11437,3lc7a3,pissed he didnt make first place,0
11438,c42e5dz,unsubtle changes,0
11439,chzjnvr,i will hug him and squeeze him and call him george,0
11440,6xy4xr,this cute animal someone made from office supplies,1
11441,5c1f37,skull discovered in melting snow,0
11442,9g12sj,my sister managed to balance a light switch,1
11443,94ab1m,river of fire the scandal over flints water is a tale of poverty and race review of the poisoned city flints water and the american urban tragedy by anna clark and what the eyes dont see a story of crisis resistance and hope in an american city by mona hannaattisha,1
11444,dl3o6j0,time to end the world,0
11445,89t83n,this ant holding a bee by an antenna,1
11446,dc2s2l,the expiration date on this edible,1
11447,2jsxoa,miss hitler contest seeks the most antisemitic of them all,1
11448,t8ubl,empty seats needs a filling,1
11449,d050b4,this folded pringle,1
11450,dhinyre,platoon,0
11451,beqvkp,flexing fox,0
11452,d0q81p2,selfish violet,0
11453,5x9cyk,shoppers bid for conservative party leadership candidates stand on immigration,0
11454,1qiy11,saudi swims to bahrain jailed for illegal entry,1
11455,295iuw,zoo kills neglected bear cub will stuff it for children to learn nature can be cruel,1
11456,27aq8m,secret service urgently seeks sarcasmdetecting software,1
11457,3qeopv,my parents armchair looks very smug,0
11458,dk0jxwc,ask for heisenbork and you shall receive heisenbork,0
11459,e3ttuut,never let go,0
11460,9eidhc,nike rereleases ad with donald trump,0
11461,cxmr9g4,not in my brown spot tony,0
11462,7snfhl,disney gives back to employees and starts higher education program,1
11463,b2bmdp,pow during the great emu war colorised,0
11464,dfg47sp,fine feathered friends,0
11465,3p6tqd,this birthday baby,1
11466,2ni8gw,story without words serbia autumn,0
11467,1l7492,armed man waiting for raccoon accidentally shoots self while sneezing,1
11468,ch0v64,new dishwasher has a third rack for large cooking utensils,1
11469,2sgigv,this dog in a hole,1
11470,2xjiac,looks like the guardian of this toilet paper dispenser has fallen asleep,0
11471,dd1y91,i found an out of service fire hydrant,1
11472,76lqoe,arent you pretty unveil yourself french algeria,0
11473,5w42xu,pixel test of time,0
11474,cjhneu,i was sold this danish can of coke by the cafe around the corner in england,1
11475,cbyo73h,those wacky japanese,0
11476,1ypmuy,an alpaca,1
11477,bye64z,this steak knife was made to look like a switchblade,1
11478,ccsy8g,naturally dyed olives,1
11479,5t5jdg,mother theresa prepares to deliver a powerful speech to a crowd circa,0
11480,au3ixn,so the mississippi washed this into my yard today,1
11481,cj0d7ab,wellso i have no idea how this happened,0
11482,cfmzsh0,it feels good to be a gangsta,0
11483,8qwpb3,lemur staring at prairie dog,1
11484,bkmnwm,human skulls male versus female,1
11485,cvnh3h,pretentious coworker with please consider environment before printing in email signature wondering what more he could have done to prevent amazon forest fire,0
11486,1tsjr7,uks concerned clowns call for end to copycat crime wave,1
11487,d76rjar,a valid candidate,0
11488,6du1yb,nightmare doggos,0
11489,cm4lqa,my dog sits in the car like a person would,1
11490,cr288re,had to be done,0
11491,d0td4b9,seen some shit,0
11492,ckeg6yn,mantis threesome,0
11493,d46nyw,afghan girl sharbat gula given spacious house benefits by afghan president,1
11494,cs7za0,ghostbusters needed supplies from the local riteaid,1
11495,atjo9x,climate plan not pie in the sky before election says spain,1
11496,5oqetf,choppy seas,0
11497,b663eu,metrolink plans cancelled in favour of tds reelection,0
11498,d8y4vx,two aquatic animals in the water,1
11499,75iqlp,top conspiracy theories that turned out to be conspiracy theories,0
11500,cnzwzbb,available here,0
11501,29svop,a giant robot is attacking this bridge,0
11502,chu5529,let me get in that pic yo,0
11503,chhdkno,operation lucky charm in search of stockpiles,0
11504,4dg82d,triple tornado spotted in texas,0
11505,cyf4sf,theres only like half a popsicle here someone needs to be fired,1
11506,c5ip7i,oddly colored pigeon,1
11507,ceuqswv,dude needs to keep warm,0
11508,c7v3kvh,spacccceeee,0
11509,7u80ba,jaden smith at the grammys,1
11510,ct044vj,here you go satan,0
11511,9gny4v,creepy black worm squirming out of arm,0
11512,2zt0rh,winter morning in hallstatt austria,1
11513,9de1dm,horse molester arrested in washington county sheriff,1
11514,e05vpns,just get in the car ill explain everything on the way,0
11515,2ph1db,inside a house fire,0
11516,txwau,discover and mercilessly crush the fifth column poster by the communist party in madrid while the city was besieged by nationalist forces x,0
11517,3iwetr,provo river utah,1
11518,5s6tmw,james cameron links find of bronzeage anchors to lost city of atlantis,1
11519,as24jn,hundreds of stink bugs infested our tv,1
11520,czzcwnu,job well done,0
11521,ckyaha,former florida deputy accused of falsifying drug arrests is being held on a million bond,1
11522,26292p,charles dance smiling creepily,1
11523,cf60vpm,the seven year itch,0
11524,cnggu5d,baa,0
11525,4ywelv,el capitan te deja pilotar,0
11526,bmx6v1,this basket display at target,1
11527,bs9pcj,a laundry pod with mixed soap due to a manufacturing flaw,1
11528,cdfjlk8,unable to connect to the internet,0
11529,8uif9v,buddy ebsen on the set of the wizard of oz before suffering a horrible allergic reaction to his makeup,0
11530,ashq64,this was satisfying for a mile,1
11531,cjdeuk,the throne of gods,1
11532,2btxlm,skateboarding owl,1
11533,chazk7c,bbbut its too far,0
11534,cjcfi9f,cutouts,0
11535,9gl1h8,this beetroot growing happily out of the paving in my patio,1
11536,bivw1y,this speed limit sign in tn,1
11537,66bbu7,homeless people handed free beer as part of bud light campaign,1
11538,bijnvw,these chips in a minibar at my hotel in india,1
11539,7oehhz,homeless mans savings bonds returned years later just when he needed them the most,1
11540,coat5r4,arrrgh,0
11541,b1q04m,this small tree that grew through the rubber insulation for the door,1
11542,26byot,decebalus rex sculpture in romania,1
11543,4x454i,this eagle eating a snake,1
11544,c67zpm,who says you cant have pizza while on an eight grade trip to to la santa monica california,0
11545,6omrvd,be ready always prc,0
11546,85pnzz,years after it crash landed on a beach in wales an american p fighter plane emerged from the sand where it was once buried,0
11547,zpyc5,some great dog facial expressions,1
11548,ejnskt3,aged it up a bit,0
11549,18axu5,my ink cartridge is very happy to be black,0
11550,e47laed,the mother rhino is giving birth,0
11551,dl7j4n4,cantaloprah winfrey,0
11552,2uyfxs,researchers find almost half of the dna found on surfaces in the ny subway do not match any known organism,1
11553,1tl1ej,for some troops a holidaydinnerinabox,1
11554,d6um63,snails eating something,1
11555,6zwajd,oh no no no no no no phewww,0
11556,cfoymlt,nooooo miley shes too young,0
11557,1yzysp,italian fund plans disneyland of food,1
11558,cso82hu,taken,0
11559,72bzmj,police two arrested after trio films rape of unconscious yearold girl from west jordan,1
11560,7c2r2m,four colors one picture,0
11561,9jxntg,all of the trending subreddits are meme subreddits,1
11562,5hef0h,tips for jury duty,0
11563,b6by8i,excited about bins,0
11564,8y3pxs,a modern day pirate,0
11565,2ls0vz,jennifer lawrence baked as lifesized hunger games cake,1
11566,b4xco3,giant manatee,0
11567,84cuky,it is far better to face the bullets than to be killed at home by a bomb uk,0
11568,33xwsa,this baby being held by a horseheaded man,1
11569,5fdb8a,fake news breaking trump says he wants recount in more states throws election up in the air details,0
11570,cefwdu,stormy skies outside of our local ice cream shop,1
11571,723mfw,my black and decker sander for a second we saw eye to eye,0
11572,cttwfd5,the fatheads,0
11573,2sjln5,svarov heart x,0
11574,9i5ldt,finger,0
11575,cci0rqn,houston we have peacock,0
11576,dctzff,this cloud i photographed from a commercial flight that is creating a massive shadow,1
11577,5af44y,victims of tsunami cope with their losses,0
11578,zsu2l,harper wins statesman of the year award,1
11579,3g04mb,my marshmallow was happier than i was to make smores,0
11580,56pnbo,the manychinned elephant seal,1
11581,bqrzk3,last word of judas to christ circa ad,0
11582,22j20i,shocked to see a different hat on mr potatos head,0
11583,8uadb9,hundreds of trump memes illegally crossing the border into rfakehistoryporn causing many citizens to express concern over the lack of assimilation into their color deportations are suggested to put the memes back in their country of origin rpoliticalhumor,0
11584,b4xpft,governer schwarzenegger strongly defends his new girlscup law to help reduce plastic waste,0
11585,cljvqwt,miniature,0
11586,b90vzq,donald trump windmills cause cancer,1
11587,cufyguh,dont have a cow man,0
11588,c7zrvgg,damn you beat me to it,0
11589,2vfnmn,year old saves himself grandparents and dogs from frozen lake by something he learned on animal planet,1
11590,6huou5,middle aged couple wrestling lucha libre style,1
11591,5qadl1,us republicans lay out plans for obamacare repeal,1
11592,e6s99oh,tom and jerry,0
11593,dio1lh3,something so trivial,0
11594,9eplzf,this church in italy opted to a swole jesus to attract more fedels,1
11595,9gjteq,the palace of genghis khan gobi desert,0
11596,cbsobh,the british exploits the natives colourized,0
11597,3camkm,esther the wonder pig meets adoring public at campbellville animal sanctuarys opening,1
11598,cxlx397,fixed again,0
11599,as0kpb,deus vult god left the light on,0
11600,e3yxlcp,kim jong redemption,0
11601,dlqdshk,he keeps this close to his heart,0
11602,3yns0e,she was never charged with any real information about the problem of rich people and dying why take your emails off the plane crash comedy show,0
11603,d7r26u,the pattern left in my skin after sleeping on this pillow,1
11604,d8h3zu,lemuel gulliver makes first contact with the lilliputians,0
11605,7v6vmu,in the know should the government stop dumping money into a giant hole,0
11606,85mt23,warm handle tossed around,0
11607,95pu27,owl flying between bride and groom,1
11608,cw34k3,my candle melted but left some exterior layer left and created a cool pattern,1
11609,dk5x6lf,venice,0
11610,bdp77b,i roasted my own coffee and made this spectrum of roasted beans,1
11611,cq34re,everyday at around pm the light reflects straight into my eye as i open the door,1
11612,cd5exp,a topographical map of switzerland made out of chocolate,1
11613,ckpd9dx,the cloak,0
11614,99l3t1,the third reich germany,0
11615,5ztg7j,million people watched this happen on stage when i saw whos standing behind her chills,0
11616,2irjx3,joe biden eating ice cream and wearing aviators,1
11617,drz2boi,bill murray playing golf,0
11618,4ccw6u,uplifting in ways rhinos will be airlifted to australia to avoid poachers,1
11619,14k0ii,a very serious table,0
11620,2umpp0,the hunts mesa a rock formation in monument valley utah,1
11621,dcym53,my car reminds me to check the back seat whenever i park,1
11622,194wqt,court order walk while you whistle in portland,1
11623,cj2fcr,pretzel sticks,0
11624,2sswib,a new service like uber for ambulances could bring emergency response to the billion worldwide who currently cant count on reliable help in an emergency founder interview,1
11625,4h7zpv,two us air force usaf fe strike eagle fighter jets and a usaf b spirit stealth bomber fly together over andersen air force base in territory of guam usa,1
11626,ccc7f68,he fell,0
11627,4jcxsq,til the cover of metallicas load is an original artwork titled semen and blood iii it is one of three photographic studies andres serrano created in by mingling bovine blood and his own semen between two sheets of plexiglas,0
11628,cn9ym6c,cause this is thriller thriller night,0
11629,1ogy58,in china being retweeted times can land you in jail,1
11630,2ut97b,is your first grader college ready,1
11631,cge9typ,god only knows,0
11632,czr98wk,priming spounge,0
11633,8tj8vx,tommy wiseaus new car,0
11634,b46aza,my five leaf clover collection,1
11635,18vwfw,catholic priest arrested for secretly being a methdealing criminal mastermind,1
11636,7n9arx,this castle i built in minecraft,0
11637,2dvuv7,swiss mayor suspended over nude selfies,1
11638,9jteoe,the shadow of this pile of towels looks like a severed head,1
11639,ce9dqlh,and he stole first,0
11640,d5kray0,i was just joking,0
11641,8hic2l,this coat hanger is apparently a drunk octopus,0
11642,bai23v,woman with big tits,0
11643,395ner,intimidation by feces is argument against singlewide at planning commission,1
11644,deqevs,the city i live in uses old tire rims to weigh down temporary bus stops,1
11645,7ui56l,slightly terrified labrador,1
11646,8899g0,hatchlings from vulnerable turtle species spotted for first time in decades on mumbai beach that was rejuvenated in past two years by massive volunteer cleanup operation at least olive ridley turtles have made their way into arabian sea from nests on versova beach in past week,1
11647,1udxmq,ancient city original submission by uasubaba,0
11648,cjidtea,my god they worship it too,0
11649,3v7dq3,liquid nitrogen spill,1
11650,7ablcv,from the hospital who brought you the icu grandpa and the patient who came back to be a nurse i bring you the nicu nurse who knits halloween costumes for their babies,1
11651,cnhytk8,im owl up in yo face,0
11652,ccx755,the alien queen emerges from her hive to hold a press conference during the great invasion of area,0
11653,d1nins,the dazed and confused burger joint top notch is real,1
11654,cb4vc79,in a processing plant far far away,0
11655,2a4frt,designed to type angry letters,0
11656,5gejmu,the ceo of ford just perfectly summarized the biggest problem for electric cars,0
11657,xhs75,box boy is happy to see you,0
11658,bp861d,jbl micro usb chargers are symmetrical on the usb type a end,1
11659,cglhi4m,every morning,0
11660,avf4fe,while helping my father clean house i found a vd handbook from,1
11661,cdbz7u1,morbid bagpiper,0
11662,cn4uge,how my knife landed after falling out of the drying rack,1
11663,bxqocc,do you understand my human compatriots have made mad gains on my and my also human girlfriend did the human takeover is eminent,0
11664,7e6cvx,saturday night live addressed sexual misconduct hypocrisy and double standards,0
11665,9bi5g9,this bushy monster,1
11666,cz2kswt,man in untidy shirt reacts to taylor swift,0
11667,d8ol1f,bar top covered in pennies,1
11668,9ihqck,us solider pulls grenade pin in vietnam,0
11669,9eckq1,the way the vacuum cleaner perfectly gets the corner,1
11670,9kafms,uc irvine nuclear reactor,1
11671,dxn78te,just some translucent stones,0
11672,5jnrws,sleepy hippo,0
11673,dzkhezc,good as new,0
11674,by3fen,toronto is resorting to giant cement blocks to keep illegal pot shops from reopening,1
11675,c31aqo,the design of these balconies,1
11676,c790niu,they have no idea,0
11677,cue8bm,saw this sign when i was traveling in athens greece thought you might enjoy it,1
11678,ax1rri,the barcode on my bottle is shaped like a bottle,1
11679,8gvbq2,join the army air service be an american eagle usaas recruitment poster world war,0
11680,bz3a2i,john dean drew parallels between the mueller report and watergate,1
11681,9if8l2,this loose thread on my blanket looks a face from the side,1
11682,84p7mn,moses parting the red sea bce illustration,0
11683,1vieav,someone is watching people go to the bathroom o,0
11684,4kb385,welling man mistook noisy pigeons for neighbour having an orgasm following solar panel hell,1
11685,9gvc1w,america during ww,0
11686,1fkb53,us donor gives gallons of blood over years,1
11687,4r0g2i,unapproved stem cell companies thriving in america,1
11688,2ycm5u,glacier point yosemite national park,1
11689,c5pyjk,dinnerbone being used for the first time in minecraft,0
11690,azwezz,the way this mirror steameddidnt steam up,1
11691,1qdu9a,athletes upset at webster us billboard our top recruits are chess players,1
11692,7o3lx1,this abandoned banana,1
11693,bbpri9,nasa presents first image of black hole,0
11694,ddiaodc,say no to drugs read a book instead,0
11695,c7zk8ds,why the long face,0
11696,20h9zk,obama planting foot on desk,1
11697,6m8t04,little dog on little mattress,1
11698,6t6oy2,redlipped batfish,1
11699,1l0rp4,my brother playing guitar on stage,1
11700,bw8tfi,what inspirated the iconic movie mamma mia,0
11701,b9w70o,inside of airplane as bathroom wallpaper,1
11702,2ld8jf,pornography requests inundate delhi polices graft helpline,1
11703,6k72z6,good samaritan targeted beaten after helping lost toddler,1
11704,92dq6i,the united nations fight for freedom,0
11705,c3l2v0u,at last,0
11706,cif1z6u,cutouts,0
11707,3bloy4,report to vicroads recommends cyclists be blameless in any crash with a driver,1
11708,90gqds,sadboi hours yung marx oc,0
11709,cj7uyac,new shamwow clown,0
11710,50o3g1,man dies in hampton roads regional jail days after filing emergency grievance begging for help,1
11711,3fmhl4,india bans porn sites using section a,1
11712,3yhn87,japan and south korea near agreement on comfort women abused during world war ii,1
11713,66vlkd,hamartia wide asleep,0
11714,dioctv7,coruscant chase,0
11715,37579l,hug covered in blood,1
11716,5zxf42,rare photo of ronald reagan meeting donald trump to discuss fiscal policy,0
11717,conat5,first time i see glass eyes being showcased in a shop window,1
11718,ccm4s3,b discusses the nature of men,0
11719,cry5dv6,conga time babies,0
11720,ctb6l17,obligatory,0
11721,c643nj,hopes raised of ending cervical cancer,1
11722,9cw0id,these bananas peeled themselves from their own weight,1
11723,cckedqo,excuse me,0
11724,bcd5ic,this jon snowman in my neighborhood,1
11725,28w3fj,cat crazy wrestling suit,1
11726,cwb39m,this cicada on a hand,1
11727,cq9pafg,hillary rambo,0
11728,30khie,drunken chickenman wielding a machete,1
11729,6zq88n,this guy is here to brighten your day pun intended,0
11730,736fjo,a rack of rifles,0
11731,6qrq1b,the order is given for the american u spy plane to be shot down over soviet airspace,0
11732,b16wqb,this squirrel entering a tree hole,1
11733,cjf406t,cutouts,0
11734,9c2sus,the wings on this moth dont look like wings,1
11735,chy009o,bye bye bear,0
11736,1dggov,ricin found in dojo of man charged with attempting to frame elvis impersonator,1
11737,70rzkz,dadfucker,0
11738,co3w7jg,mmm tastes like seahawks,0
11739,cl2ehh,a bagel with cream cheese and turkey slices with a slice of leftover pizza and burrata in the middle,1
11740,cry55at,fascism,0
11741,9i4zua,street monkey stereotype,0
11742,db9wbg,this egg is dented,1
11743,cccg9oi,other discussions,0
11744,cx0e3y,its painted on,1
11745,bpqb1o,this leaf acting as a container for other leaves,1
11746,8riypn,supreme court in roe v wade legalise abortion in the us,0
11747,43kqn6,dubai firefighter being introduced to his new jetpack,1
11748,38yl7b,my fridge is possessed by an angry spirit,0
11749,151gvh,girl riding a dolphin,1
11750,b3rhm1,this piece of popeyes chicken that is shaped like the island of cyprus,1
11751,81c2q1,this kid who just adopted a dog,1
11752,7xy9wf,one eyed newt,1
11753,cwm2t5v,falkor the luck puppy,0
11754,9hxajb,this screaming pepper,1
11755,6ibuih,rare photograph of the first human cyborg,0
11756,257cuz,just a clown,1
11757,dkoiw0,found a heart shaped potato while prepping mothers day lunch today,1
11758,dgqykh,jesus shoes with holy water in the soles are selling for,1
11759,57fuak,this old space heater at my work is always happy to see you,0
11760,cnug6vr,business picked up after he added emphasis to a,0
11761,cv7q7yh,i tried but nothing can make him adorable,0
11762,bk57rr,huawei overtakes apple to become second biggest smartphone maker,1
11763,birmye,an amazonian parrot called freddy krueger has made headlines in brazil after managing to find its way back to the zoo from which it was stolen while recovering from a fouryear nightmare that saw it shot in a gun battle abducted by armed thieves and bitten by a snake,1
11764,7b173l,at least people have been killed and people have been injured in a mass shooting at a church in sutherland springs texas,1
11765,c0xrvw,my sister used her glasses as a phone stand,1
11766,c31k98,a tower of origami squares i made by folding someecards from when i worked an office job,1
11767,9e9ids,pizza place gave us individually wrapped christmas themed cups of coke with our order,1
11768,4zk3er,youll never be able to unlearn what figs are,0
11769,cjmgncu,cutouts,0
11770,2lzr23,businesses cash in as women chase bigger butts,1
11771,cpzed4,well isnt this just charmin,1
11772,eh55wwb,new mgm logo,0
11773,cjzv2vp,cutouts,0
11774,1rqudo,saudi woman takes a stand on her right to drive no beheadings have resulted so far,1
11775,co1meak,the boat was a great idea,0
11776,2wpz55,chelsea fans launch fund to give racism victim his family an allexpenses paid trip to london,1
11777,a2hdoi,saquon barkley jumpring over adrian amos,1
11778,2a356o,cgi home of the future,0
11779,cs9fix,solarcity and spacex are founded by elon musk,0
11780,aszuw3,nice save,0
11781,bnpmg1,found in my shirt collar,1
11782,1wssvt,a falling feather,0
11783,cddpmgg,other discussions,0
11784,bb01r9,my gggrandfathers letter announcing his imminent return home from the us civil war union army,1
11785,chl4clj,come to daddy peppy,0
11786,d121ylj,bucky has really let himself go,0
11787,2ufcle,taylor swifts blank space video location literally goes down in flames,1
11788,30vnpx,restroom door hook angry at me so tried to scare me off by showing its guns,0
11789,dp1rmfe,maryland,0
11790,6hjb9o,scientist in hiroshima,0
11791,cfowds,there was a perectly speared seed on my bloody mary garnish,1
11792,clpgy59,cutouts,0
11793,2nodzz,white ribbon day overestimates reported rapes eightfold,1
11794,1247g6,girl playing with tigers tail,1
11795,cieej3t,no,0
11796,csyy5y3,plz human stahp,0
11797,7x6z8l,candles of hope,1
11798,c4b56c,got a triangle shaped bruise on my knee,1
11799,4x4pit,the name of lenin shines on our victories soviet poster celebrating the venera and venera missions to venus,0
11800,c62sfho,romney loves kpop,0
11801,31r57h,hallucinogenic mushrooms and steak dinners among unusual stuff nypd buys,1
11802,80xsxe,black panther increasing adoption of black cats often the least likely to be adopted,1
11803,9cl36e,hitler escaping to south america,0
11804,bf0787,soldiers huddling for warmth,1
11805,e4hqmt2,i made a fake album cover,0
11806,9ippk9,north smithfield unanimously withdraws nike resolution,1
11807,7xw43u,the emergency exit at work kept me in a good mood all day,0
11808,chku2ka,cutouts,0
11809,6tmfly,man keeps memory of dead teen alive by making her center of elaborate political conspiracy theory,0
11810,1dmkmb,der untermensch the subhuman a publication by the ss main office national socialist wwii magazine,0
11811,31jbvl,idaho couple find a pregnant dog on side of the highway shot and left for dead they now have a new dog and nine new puppies,1
11812,33c4zh,when you are ready to have a serious conversation about green lantern you have my email address,0
11813,d0nqsx,rare probolshevik poster from the revolution,0
11814,5e4lm6,the week in pictures week of,0
11815,4327up,iranian women learn dancing,1
11816,2r4tk5,happy hoisin,0
11817,77g1u3,dubai time travel ashes,0
11818,c5pbegn,a moment later,0
11819,ctq1ul,this man and children,1
11820,cvms6c,malaysia hopes to pay for military equipment with palm oil,1
11821,emzln0z,teen wolf,0
11822,2mtu3k,seventyyearold woman risked life to save her pet,1
11823,b3rvb7,gop rep mark green proposes constitutional amendment to keep scotus at nine justices,1
11824,c0tmcc,these puppies,1
11825,cbkkim,d effect on this weaved basket,1
11826,cf9i80l,other discussions,0
11827,384r9h,the eye of a russian blue,1
11828,cl92ro,my outhouse lit from the inside,1
11829,8lfvqt,electric scooter charger culture is out of control,1
11830,b7dxm6,i got a book that shows the math behind pasta,1
11831,5o3rkh,angry villagers beat alien like creature but the truth is heartbreaking,0
11832,1r14uo,alabama high school taunts indians opponent with trail of tears sign,1
11833,9dcmwx,a happy boi,0
11834,cmatdvp,imgur,0
11835,2a240f,pet store owner in washington state goes on pet food diet for days,1
11836,6ez14m,kieran huxtable songs from the pasture,0
11837,92rs8b,zimbabwe rivals promise victory in pitch for votes at final election rallies,1
11838,6ymd31,a stack of cassettes perhaps,0
11839,3xpwje,kim jongun wearing a fedora,1
11840,46qgho,dragon fire pit,1
11841,bbuqmq,donald trump discusses climate change,0
11842,sdvfk,not sure if he made the rounds here before but he seems perfect for so many things,1
11843,c77jt2b,donald trumps favorite car,0
11844,osaao,my new harry potter tattoo it was a huge part of my childhood do i figured id share it with you,1
11845,d89uy9k,cool headless penguins dont look at explosions,0
11846,8ppd70,found this gem in a consignment store need help in translation and id date unknown,0
11847,db4wukx,payback time,0
11848,10rz3k,dog getting hit in the crotch with a tennis ball,1
11849,erh50io,available here,0
11850,28hwbb,yes this is real app that only says yo raised million,1
11851,6r3xvv,this man between jennifer lawrence and emma watson,1
11852,dgxym7,this double strawberry,1
11853,czrbim6,a new hero,0
11854,765dam,news devastating the worlds last remaining male white rhino has died after getting trapped inside a tanning bed,0
11855,6fdz1c,a nazi soldier getting ready for battle,0
11856,3uh9px,jennifer lawrence looking at a tape measure,1
11857,axlofk,napoleon returns to france,0
11858,5zqypp,this photo of quokka,1
11859,15l0v4,alqaeda docs found hidden in porn stuffed in underpants,1
11860,camo3gy,better context,0
11861,6idbfb,robert trujillo from metallica,1
11862,6nwjbg,standing cat,1
11863,brw8y6,the more replies a comment gets the lighter the previous line,1
11864,djagihp,deadliest catch,0
11865,cmgyz5,went hunting for sea glass in the acores walked away with a collection of sea pottery,1
11866,dh9i4t3,just a little lost,0
11867,8nbrie,check out this sweet aquarium,0
11868,c5mpfju,she is competing in this event too,0
11869,7nzlm3,the person anonymously leaking racist attacks on the mueller grand jury sounds a lot like trump,1
11870,82po7j,another automod test,0
11871,25h5rf,michio kaku,1
11872,c7ww1l2,nsfw,0
11873,d12l9p0,mom takes son to zoo for first time,0
11874,ax97ka,sauntering lamb,1
11875,c12jx8,this paystub from ford motor company,1
11876,349r46,masterchief,0
11877,cj4saul,we surveyed people,0
11878,dukfwf6,cd,0
11879,4siwl9,bernie fans say fartin against hillary will go on,1
11880,c8338v5,super fox world,0
11881,50f92j,california start giving vouchers for diapers to families on welfare,1
11882,c94s0x0,kim jong hitop fade,0
11883,3ryfyw,scott walker asks supporters for help in paying off campaign debt,1
11884,5fky68,why deltas lifetime ban on ranting trump supporter is significant,0
11885,zy3jj,determined vacuum cleaner is prepared to fight filth,0
11886,csmz1op,obligatory,0
11887,d368s7,how to say fruit and vegetables in welsh,1
11888,cmtzml,rainforest tree branch,0
11889,dh2xvr,rock i found while playing disc golf,1
11890,azkmlx,completing an equipment audit and found some flame throwers in the back of the storage yard,1
11891,72cr0k,mac and cheese,0
11892,80h4bb,david duke to judge please dont make me reveal my contacts with the new generation of neonazis,1
11893,cezxe2q,hehehehe,0
11894,d7vu52,artificial not intelligent scanning,0
11895,c2n5cg,this tiny painting i found,1
11896,7xlny2,liverpools player roberto firmino celebrating his goal,1
11897,1u47ek,stop staring,0
11898,9co5xr,this power wash company that power washes their number into dirty walls,1
11899,231f6x,liverpool players celebrating their winning goal,1
11900,1ncg33,crocodile vs piranha,1
11901,3nimek,paralysed rugby league player alex mckinnon celebrates the grand final by walking metres,1
11902,ciwia97,yaaay slidey,0
11903,5oun5t,farm boy stares down firing squad,0
11904,24ir17,three nypd officers have drunkenly shot at people in the last week,1
11905,1ehk89,girls getting scared in a haunted house,1
11906,3itaz5,hightech multifunctional backpack,0
11907,c81tpar,shes a kicker,0
11908,d429i12,now youre thinking with portals,0
11909,eqgvjmz,its actually pickle riiick,0
11910,30irgr,man arrested after entering annapolis elementary school handing out money to students,1
11911,bc84j8,da knew jeffrey epstein was a dangerous pedophile,1
11912,d072i9h,art,0
11913,2strxh,the pope rocking out,1
11914,5rvfo8,two children dressed as old people,1
11915,3l8hm7,well hello there,0
11916,wg5c1,strangers hold up disabled fan so he can see favorite concert,1
11917,cn8vju,the worlds military spending,1
11918,2jyj1j,now more than ever weathercom is out of control,1
11919,5pl16f,united airlines grounds flights over computer issue,1
11920,cu6hy3o,sea splash,0
11921,298oi3,irans goalkeeper alireza haghighi fails to save a goal,1
11922,en9mrbf,sonic,0
11923,5m6ng8,none shall pass,0
11924,9ht75f,the trailer panel with the s is missing changing the logo from swift to wift,1
11925,2c3bhe,police man steals candy bar barricades himself in office,1
11926,86q9ub,deer with a mouthful of masticated vegetation,1
11927,c84plf,this ballpark bacon cheeseburger,1
11928,c6ylsj,these two mini wheats that came out of the box in one pour with a regular mini,1
11929,csn7uf3,lady gagas dress as an egg,0
11930,5hely9,news righting the ship the nfl is attempting to attract more viewers by handing out the vince lombardi trophy after every play,0
11931,cbnvfei,i dont even know,0
11932,ctsqafg,you will soon learn to appreciate me,0
11933,1dxvqp,the last call poster by renowned artist norman lindsay wwi recruiting,0
11934,2goiho,jimmy carter and his aide jump the fence at laguardia airport,1
11935,bbh1g3,when the trump press conference went down,0
11936,cprgn4q,along for the ride,0
11937,71gnj0,man fully committing to bed jump,1
11938,9em3eh,this stop sign that has a bird box on the back of it,1
11939,22yslf,democratic kampuchea is moving forward cold war khmer rouge,0
11940,6f1nja,kabul blast deadly explosions at protest victims funeral bbc news,1
11941,cplr0w8,its all i could think about,0
11942,attiob,this map in my classroom is so old it still has yugoslavia and the ussr,1
11943,cz1rnl8,pew pew,0
11944,f1cyquy,anythings an improvement,0
11945,ceub9pp,topless,0
11946,64vccw,players celebrating goal,1
11947,2tl4kz,gowrie house the essence of all wishes x,0
11948,cjh8qbb,some old friends stopped by,0
11949,4qwhcr,this ecstatic dude admiring brittany spears,1
11950,8u8f71,uttarakhand court sets decibel limit for loudspeakers your breathing is louder,1
11951,bocnti,the giant eagle invading the planet earth,0
11952,ciftt3s,cutouts,0
11953,d6eul8,i found the illuminati,1
11954,2amuuy,mouthful of rail,0
11955,1trqhr,dogecoin wallets hacked much coins stolen,1
11956,cfgkjdb,other discussions,0
11957,dqlmh9v,like this,0
11958,cgimvj6,cutouts,0
11959,1xcvk6,the lego movie is antibusiness according to fox business network,1
11960,bzhbk1,this plants roots grew so much that they occupied the whole vase and kept its shape,1
11961,8o1o36,rafael nadal tossing a tennis serve,1
11962,78fpuk,mountain goats in colorado united states of america,1
11963,czgolc,when dr disrespect met belle delphine,0
11964,c1i2b0,mcdonaldwaitnewton free person,0
11965,bq4fbv,us pastor runs network giving ugandans bleachbased miracle cure,1
11966,c4da99s,best i can do,0
11967,738h6q,god made us all the same father shares heartwarming photo of his son comforting his teammate,1
11968,cwk90q,i tried to take a picture at night when my phone slipped,1
11969,77prwl,wwe superstars akira tozawa flying and neville falling wwe live eventbrisbane credit wwecom,1
11970,7bmzgv,this pomeranian floof in a hat,1
11971,clo4nt7,was bound to happen sooner or later,0
11972,e4vam6v,famous visitor,0
11973,67wobh,nazi officer harassing jewish boy in the ghetto of warzaw,0
11974,cfg1wms,other discussions,0
11975,75sbrf,eating pizza,0
11976,avekj6,my gummy bears have a role in a cronenberg flick,1
11977,btf5jx,this restaurant serves popcorn on their house salads,1
11978,7j1dc3,these trees in austria are fucking with my brain,0
11979,76uwxp,the only remaining footage of david spade and jack black doing a live performance in of a duet they had recorded that remains unreleased,0
11980,74w57p,steve bannons firing from the white house,0
11981,c833m1,legs,0
11982,bp50rj,double rainbows,1
11983,c9nzna,i thought it was a joke at first but apparently its a real thing,1
11984,9b7l4f,my sunflower looks depressed,1
11985,2d3qtm,jabba the hutt victorian gentleman,0
11986,5btkpd,presidential election hillary clinton or donald trump a changing electorate will decide,1
11987,8t4mkm,milknew weapon of democracy douglas aircraft poster during the berlin airlift,0
11988,3hadth,meanwhile in wyoming schools,0
11989,5dkm71,cookie monster electric motor,0
11990,6kpvjs,this boat,1
11991,cizmbgr,gboy heres a treat,0
11992,caf2b4y,the christmas parade becomes odder every year,0
11993,aulg51,rich smooth coffee or smooth rich coffee,1
11994,7mn3mn,chance the rapper hosts holiday party to help the homeless,1
11995,c98x9tr,him and vader,0
11996,b2rhsy,william shakespeare attempting to ad lib another play,0
11997,c4pps5,this magazine my grandparents kept from the apollo landing years ago,1
11998,cc1sbvb,its funny because its a rodent hunting a fox hunting a rodent,0
11999,6zof7r,dont push me back in man,0
12000,2te4xg,cibyra indicata no refuge from confession but suicide and suicide is confession,0
12001,c85gy5,a sign on the inside of an airport bathroom stall,1
12002,cb4ti47,yum,0
